postcode_district,year,avg_price,50th_percentile_price,num_transactions
BR1,1995,56119.3,53000.0,200
BR1,1996,55369.0,52500.0,293
BR1,1997,64486.3,58850.0,388
BR1,1998,75256.0,68750.0,273
BR1,1999,86145.4,78000.0,388
BR1,2000,110176.1,98375.0,370
BR1,2001,120563.6,108250.0,388
BR1,2002,142836.1,131500.0,483
BR1,2003,166269.6,154000.0,387
BR1,2004,168312.3,155000.0,410
BR1,2005,180753.0,170000.0,358
BR1,2006,199288.7,186650.0,560
BR1,2007,209816.3,199995.0,589
BR1,2008,201615.5,190000.0,217
BR1,2009,189725.7,180000.0,227
BR1,2010,201297.9,193000.0,189
BR1,2011,200268.8,188000.0,213
BR1,2012,207864.2,200000.0,221
BR1,2013,214808.4,207000.0,289
BR1,2014,248276.8,235000.0,388
BR1,2015,287732.5,278825.0,523
BR1,2016,344282.1,315000.0,387
BR1,2017,337647.7,318000.0,333
BR1,2018,324186.5,310000.0,234
BR1,2019,322373.2,300000.0,245
BR1,2020,328979.5,302250.0,222
BR1,2021,333974.9,315000.0,305
BR1,2022,351386.0,330000.0,305
BR1,2023,338932.5,317750.0,212
BR1,2024,337990.0,311250.0,250
BR1,2025,351755.6,323000.0,233
BR1,2026,315333.3,340000.0,3
BR2,1995,54266.0,51500.0,176
BR2,1996,58503.9,53500.0,249
BR2,1997,68166.6,62000.0,361
BR2,1998,78210.4,73000.0,366
BR2,1999,94748.0,84950.0,417
BR2,2000,104660.0,93500.0,309
BR2,2001,125915.1,112500.0,347
BR2,2002,137099.6,130000.0,360
BR2,2003,162538.2,155000.0,280
BR2,2004,188633.0,177000.0,387
BR2,2005,211859.3,180000.0,353
BR2,2006,212263.6,180000.0,404
BR2,2007,227199.9,210000.0,401
BR2,2008,228519.6,206500.0,200
BR2,2009,197507.1,175000.0,153
BR2,2010,218140.1,199000.0,205
BR2,2011,238126.0,205000.0,227
BR2,2012,218274.2,219997.5,296
BR2,2013,222725.8,227450.0,301
BR2,2014,261421.9,249972.5,356
BR2,2015,281874.0,272500.0,385
BR2,2016,330482.2,319997.5,326
BR2,2017,337434.5,320000.0,248
BR2,2018,344447.5,322500.0,251
BR2,2019,327772.6,320000.0,307
BR2,2020,340811.3,325000.0,226
BR2,2021,346299.3,320000.0,389
BR2,2022,349062.3,330000.0,284
BR2,2023,340861.9,315000.0,163
BR2,2024,340788.8,325000.0,209
BR2,2025,342667.1,330000.0,184
BR2,2026,405000.0,405000.0,1
BR3,1995,62036.3,57000.0,381
BR3,1996,61662.4,54975.0,460
BR3,1997,63513.2,59500.0,621
BR3,1998,79875.2,71725.0,674
BR3,1999,91889.6,82000.0,691
BR3,2000,117076.4,104750.0,634
BR3,2001,136804.3,120000.0,656
BR3,2002,165027.9,142500.0,733
BR3,2003,185916.9,164250.0,668
BR3,2004,205778.1,179950.0,627
BR3,2005,203772.5,180000.0,587
BR3,2006,208174.6,194950.0,824
BR3,2007,226698.1,217000.0,729
BR3,2008,227694.3,210000.0,329
BR3,2009,205565.5,200000.0,369
BR3,2010,220726.7,210000.0,326
BR3,2011,212690.8,205000.0,331
BR3,2012,226052.9,210000.0,407
BR3,2013,256009.1,237500.0,432
BR3,2014,290219.7,270000.0,582
BR3,2015,311513.0,295000.0,479
BR3,2016,338080.2,323250.0,468
BR3,2017,350572.5,349950.0,337
BR3,2018,348610.3,338000.0,367
BR3,2019,357913.8,336500.0,334
BR3,2020,357133.1,339000.0,336
BR3,2021,360336.4,349000.0,522
BR3,2022,366731.5,360000.0,437
BR3,2023,353781.1,350000.0,346
BR3,2024,347328.7,330880.0,391
BR3,2025,363994.5,342000.0,339
BR3,2026,345800.0,375000.0,5
BR4,1995,53569.8,49000.0,47
BR4,1996,54560.2,52975.0,58
BR4,1997,48756.0,50000.0,67
BR4,1998,61019.5,61250.0,66
BR4,1999,71832.9,66000.0,65
BR4,2000,96500.0,95000.0,55
BR4,2001,95950.7,89500.0,64
BR4,2002,137508.3,136500.0,78
BR4,2003,146122.8,150000.0,67
BR4,2004,164240.7,161200.0,72
BR4,2005,146820.4,150000.0,66
BR4,2006,172163.1,173500.0,61
BR4,2007,176992.2,176250.0,60
BR4,2008,220446.8,232500.0,74
BR4,2009,172398.8,175000.0,47
BR4,2010,177699.1,190000.0,55
BR4,2011,169416.2,181250.0,48
BR4,2012,191768.2,210000.0,37
BR4,2013,175816.5,187500.0,49
BR4,2014,208042.6,226000.0,48
BR4,2015,230610.2,240000.0,59
BR4,2016,339181.3,350000.0,107
BR4,2017,243749.1,261000.0,54
BR4,2018,258000.0,295000.0,48
BR4,2019,220005.3,227500.0,38
BR4,2020,250569.0,224000.0,29
BR4,2021,267761.6,270000.0,43
BR4,2022,257787.5,259500.0,40
BR4,2023,269017.9,247500.0,28
BR4,2024,259345.1,299950.0,41
BR4,2025,269481.4,325000.0,32
BR5,1995,44328.0,44000.0,92
BR5,1996,42368.7,41000.0,84
BR5,1997,47915.9,48500.0,141
BR5,1998,56027.3,55000.0,109
BR5,1999,63214.2,59995.0,142
BR5,2000,75144.5,72500.0,130
BR5,2001,86933.3,85000.0,151
BR5,2002,99189.4,99500.0,161
BR5,2003,119081.4,116900.0,130
BR5,2004,137684.9,140000.0,133
BR5,2005,145364.3,144000.0,129
BR5,2006,138505.8,136750.0,204
BR5,2007,148364.5,144000.0,159
BR5,2008,158897.6,160000.0,87
BR5,2009,138519.2,137500.0,62
BR5,2010,149192.9,139995.0,43
BR5,2011,136771.1,129250.0,45
BR5,2012,151965.0,150000.0,55
BR5,2013,155730.7,147500.0,75
BR5,2014,183439.3,185000.0,132
BR5,2015,202969.2,197497.5,140
BR5,2016,218476.6,222500.0,97
BR5,2017,228475.9,231500.0,104
BR5,2018,248075.2,250000.0,112
BR5,2019,237644.0,237000.0,102
BR5,2020,224746.7,230000.0,79
BR5,2021,249950.9,260000.0,109
BR5,2022,273813.2,262500.0,127
BR5,2023,265634.7,273750.0,72
BR5,2024,257750.0,260000.0,89
BR5,2025,260666.7,271000.0,54
BR5,2026,217000.0,217000.0,1
BR6,1995,57655.4,56375.0,82
BR6,1996,55476.2,54500.0,89
BR6,1997,57155.5,57125.0,144
BR6,1998,73225.2,67500.0,87
BR6,1999,75240.9,72500.0,119
BR6,2000,90857.3,87500.0,102
BR6,2001,100979.1,96500.0,108
BR6,2002,121331.0,122250.0,126
BR6,2003,137245.4,132500.0,98
BR6,2004,162922.0,153000.0,117
BR6,2005,163777.3,160000.0,91
BR6,2006,164221.6,158750.0,122
BR6,2007,176637.9,173250.0,130
BR6,2008,184046.0,179997.5,78
BR6,2009,164938.6,163000.0,81
BR6,2010,184014.1,185000.0,119
BR6,2011,178230.4,179250.0,64
BR6,2012,174404.0,175000.0,73
BR6,2013,198432.8,195000.0,88
BR6,2014,217397.1,216997.5,92
BR6,2015,263187.3,267000.0,87
BR6,2016,268946.1,252725.0,142
BR6,2017,297434.5,290000.0,157
BR6,2018,338413.8,325000.0,169
BR6,2019,291081.0,290000.0,104
BR6,2020,287283.0,276600.0,94
BR6,2021,286548.2,280000.0,114
BR6,2022,337257.7,315000.0,165
BR6,2023,312478.1,318000.0,103
BR6,2024,300990.8,290000.0,97
BR6,2025,281069.6,275000.0,79
BR6,2026,276666.7,260000.0,3
BR7,1995,69543.3,61500.0,52
BR7,1996,82065.5,70000.0,85
BR7,1997,82291.0,69000.0,121
BR7,1998,90139.1,83250.0,84
BR7,1999,105733.7,91475.0,86
BR7,2000,151188.8,123500.0,134
BR7,2001,142054.1,124000.0,125
BR7,2002,160147.5,149995.0,132
BR7,2003,195117.8,177000.0,109
BR7,2004,288020.8,229000.0,132
BR7,2005,231709.3,172500.0,91
BR7,2006,212578.3,195000.0,109
BR7,2007,260059.9,233000.0,131
BR7,2008,265243.4,220000.0,55
BR7,2009,300365.7,210000.0,41
BR7,2010,262797.6,220000.0,83
BR7,2011,280981.0,215000.0,63
BR7,2012,269743.6,235000.0,83
BR7,2013,258930.7,245000.0,113
BR7,2014,286272.3,280000.0,122
BR7,2015,347670.6,335475.0,152
BR7,2016,360173.8,356000.0,105
BR7,2017,400860.1,352500.0,82
BR7,2018,403097.8,356162.0,142
BR7,2019,422441.3,413500.0,86
BR7,2020,377010.7,328750.0,70
BR7,2021,468264.3,380000.0,129
BR7,2022,407875.1,366500.0,88
BR7,2023,373055.9,350000.0,76
BR7,2024,399906.2,385000.0,64
BR7,2025,407293.4,372000.0,61
BR7,2026,450000.0,360000.0,3
BR8,1995,37858.5,42000.0,17
BR8,1996,51283.6,49950.0,45
BR8,1997,55465.2,54000.0,64
BR8,1998,60236.9,57975.0,54
BR8,1999,55830.4,53250.0,52
BR8,2000,62757.2,64000.0,53
BR8,2001,71084.4,72000.0,49
BR8,2002,83183.3,81500.0,58
BR8,2003,146296.2,107500.0,56
BR8,2004,136371.9,120000.0,43
BR8,2005,123719.6,128000.0,39
BR8,2006,140072.4,138000.0,59
BR8,2007,148525.8,144500.0,48
BR8,2008,142267.8,137250.0,34
BR8,2009,133220.0,135000.0,10
BR8,2010,137766.7,125000.0,30
BR8,2011,132153.3,140000.0,47
BR8,2012,112573.9,113000.0,23
BR8,2013,128098.3,125000.0,32
BR8,2014,134352.2,134000.0,44
BR8,2015,163110.9,157000.0,54
BR8,2016,191961.9,195000.0,79
BR8,2017,200724.5,217500.0,49
BR8,2018,246769.9,231250.0,50
BR8,2019,273700.7,261500.0,68
BR8,2020,248622.4,251950.0,58
BR8,2021,236027.9,222500.0,52
BR8,2022,266700.8,250000.0,63
BR8,2023,248908.0,240545.0,85
BR8,2024,242630.3,243500.0,42
BR8,2025,254712.2,240000.0,37
BR8,2026,171500.0,171500.0,2
CR0,1995,43399.3,42000.0,667
CR0,1996,46352.0,44705.0,764
CR0,1997,50980.7,48000.0,1003
CR0,1998,58331.9,56000.0,1163
CR0,1999,66394.2,64000.0,1211
CR0,2000,80798.8,75000.0,812
CR0,2001,95549.7,89950.0,907
CR0,2002,123194.0,115000.0,1277
CR0,2003,136802.6,132000.0,1058
CR0,2004,149263.9,141100.0,1093
CR0,2005,156574.0,150000.0,933
CR0,2006,156964.3,152000.0,1190
CR0,2007,175836.7,170000.0,1365
CR0,2008,174637.2,169995.0,627
CR0,2009,158207.0,156000.0,693
CR0,2010,174563.1,174000.0,665
CR0,2011,165568.9,159000.0,531
CR0,2012,165064.4,156000.0,480
CR0,2013,185519.6,181687.5,888
CR0,2014,211631.0,202000.0,1229
CR0,2015,240406.7,237500.0,1417
CR0,2016,272543.2,260000.0,1530
CR0,2017,312426.8,299995.0,1481
CR0,2018,279098.6,270000.0,946
CR0,2019,287840.8,283000.0,928
CR0,2020,289196.3,280000.0,688
CR0,2021,276358.3,265000.0,973
CR0,2022,280009.0,270000.0,936
CR0,2023,276419.3,265000.0,703
CR0,2024,276584.0,270000.0,776
CR0,2025,260564.6,256000.0,555
CR0,2026,226979.9,246000.0,8
CR2,1995,49977.4,49995.0,230
CR2,1996,52591.4,52000.0,290
CR2,1997,57671.4,54850.0,398
CR2,1998,63886.8,59997.5,396
CR2,1999,71539.8,69000.0,409
CR2,2000,92711.7,85000.0,419
CR2,2001,100004.7,94950.0,424
CR2,2002,127508.1,124000.0,462
CR2,2003,147604.4,145000.0,388
CR2,2004,163967.0,159950.0,426
CR2,2005,165065.1,160000.0,348
CR2,2006,177531.0,170000.0,457
CR2,2007,185604.4,180000.0,424
CR2,2008,187385.5,182500.0,231
CR2,2009,163541.0,160000.0,171
CR2,2010,173916.5,170000.0,198
CR2,2011,164508.4,163000.0,176
CR2,2012,176126.0,175000.0,172
CR2,2013,187029.6,180000.0,283
CR2,2014,229660.0,223000.0,454
CR2,2015,235866.9,236750.0,340
CR2,2016,267413.2,270000.0,336
CR2,2017,283055.6,282500.0,246
CR2,2018,282132.7,277750.0,228
CR2,2019,439176.0,282300.0,271
CR2,2020,306847.4,290000.0,272
CR2,2021,312358.5,293000.0,395
CR2,2022,307537.8,290000.0,380
CR2,2023,308579.2,290000.0,246
CR2,2024,283914.7,280000.0,255
CR2,2025,273648.7,275000.0,205
CR2,2026,240500.0,244000.0,3
CR3,1995,55970.9,52000.0,126
CR3,1996,57823.5,52000.0,149
CR3,1997,56085.0,52500.0,197
CR3,1998,80791.8,68000.0,274
CR3,1999,83508.3,76097.5,266
CR3,2000,89617.1,87500.0,201
CR3,2001,109433.3,104000.0,238
CR3,2002,127446.8,124500.0,239
CR3,2003,149606.2,142000.0,240
CR3,2004,164795.7,155000.0,210
CR3,2005,163031.3,155000.0,254
CR3,2006,168295.7,160500.0,318
CR3,2007,174167.0,172000.0,408
CR3,2008,188757.2,180750.0,171
CR3,2009,167542.7,163000.0,181
CR3,2010,181874.8,167425.0,108
CR3,2011,181972.0,170000.0,129
CR3,2012,172806.3,169975.0,180
CR3,2013,170079.8,174000.0,184
CR3,2014,192000.8,195000.0,264
CR3,2015,229391.8,225000.0,270
CR3,2016,250169.7,253500.0,296
CR3,2017,258989.3,265000.0,251
CR3,2018,263519.7,260000.0,236
CR3,2019,263218.8,260000.0,189
CR3,2020,259910.7,249995.0,151
CR3,2021,279981.8,266000.0,230
CR3,2022,285593.1,282000.0,239
CR3,2023,268261.8,270000.0,153
CR3,2024,267139.5,270000.0,189
CR3,2025,274582.1,275000.0,137
CR3,2026,252250.0,290000.0,4
CR4,1995,42481.3,43000.0,283
CR4,1996,44872.9,44000.0,377
CR4,1997,47859.0,48150.0,432
CR4,1998,56544.4,53500.0,445
CR4,1999,62630.5,62000.0,508
CR4,2000,78880.8,75997.5,488
CR4,2001,87409.6,87250.0,446
CR4,2002,107411.4,108500.0,476
CR4,2003,126687.5,125000.0,454
CR4,2004,136316.8,135000.0,431
CR4,2005,153876.6,146000.0,403
CR4,2006,148856.2,145000.0,433
CR4,2007,168558.2,165000.0,443
CR4,2008,167786.4,168000.0,219
CR4,2009,139895.0,145000.0,125
CR4,2010,157698.9,155000.0,136
CR4,2011,146894.1,145000.0,130
CR4,2012,173123.8,165000.0,245
CR4,2013,174492.3,163995.0,220
CR4,2014,196799.7,188000.0,303
CR4,2015,231379.4,225000.0,319
CR4,2016,263075.0,260750.0,290
CR4,2017,270351.8,265000.0,275
CR4,2018,269631.7,269950.0,227
CR4,2019,256756.8,248000.0,195
CR4,2020,302288.4,285000.0,271
CR4,2021,285244.4,270000.0,280
CR4,2022,297895.3,285000.0,240
CR4,2023,296874.5,286000.0,207
CR4,2024,302346.7,280000.0,222
CR4,2025,287385.2,273125.0,150
CR4,2026,320000.0,320000.0,2
CR5,1995,45858.4,50000.0,37
CR5,1996,52826.7,53000.0,45
CR5,1997,57358.9,58500.0,93
CR5,1998,65673.8,64975.0,62
CR5,1999,73384.3,70475.0,66
CR5,2000,101073.9,88500.0,52
CR5,2001,127043.3,105000.0,82
CR5,2002,120357.0,115950.0,91
CR5,2003,145644.4,140000.0,63
CR5,2004,186230.7,156500.0,87
CR5,2005,170587.8,156500.0,82
CR5,2006,183850.6,167500.0,117
CR5,2007,200819.8,185250.0,98
CR5,2008,166481.5,160000.0,47
CR5,2009,156628.1,156125.0,32
CR5,2010,171684.5,154000.0,42
CR5,2011,167709.7,176000.0,36
CR5,2012,152167.7,158000.0,31
CR5,2013,173056.0,164975.0,58
CR5,2014,193632.6,188250.0,100
CR5,2015,259041.2,240000.0,102
CR5,2016,265732.5,260000.0,79
CR5,2017,254227.8,255000.0,80
CR5,2018,278584.5,280000.0,102
CR5,2019,270362.0,270000.0,81
CR5,2020,327092.2,320000.0,129
CR5,2021,320078.3,300000.0,174
CR5,2022,358754.5,338750.0,120
CR5,2023,304788.6,300000.0,86
CR5,2024,284503.3,280000.0,73
CR5,2025,297218.7,291250.0,44
CR5,2026,105000.0,105000.0,1
CR6,1995,70762.8,57000.0,27
CR6,1996,73547.2,62000.0,47
CR6,1997,63261.3,57000.0,53
CR6,1998,76730.3,67500.0,41
CR6,1999,93677.0,82000.0,37
CR6,2000,107472.2,92250.0,46
CR6,2001,120658.1,110000.0,43
CR6,2002,142956.5,135000.0,31
CR6,2003,244543.3,188250.0,66
CR6,2004,188692.6,162500.0,34
CR6,2005,197897.1,166750.0,34
CR6,2006,204064.1,180000.0,43
CR6,2007,202252.5,185000.0,58
CR6,2008,233164.9,237250.0,84
CR6,2009,215004.7,204250.0,32
CR6,2010,199848.4,190000.0,31
CR6,2011,233135.0,213750.0,48
CR6,2012,220460.5,210700.0,62
CR6,2013,207650.0,193000.0,53
CR6,2014,219674.5,201500.0,53
CR6,2015,273944.9,263500.0,78
CR6,2016,337545.1,314500.0,72
CR6,2017,318079.8,303750.0,62
CR6,2018,351136.4,336449.0,80
CR6,2019,340946.6,307500.0,44
CR6,2020,369407.6,355000.0,33
CR6,2021,365587.8,327500.0,82
CR6,2022,353116.2,320000.0,77
CR6,2023,373495.3,382900.0,46
CR6,2024,311407.9,306500.0,38
CR6,2025,335225.8,320000.0,31
CR6,2026,275000.0,275000.0,1
CR7,1995,35226.0,37000.0,168
CR7,1996,35582.3,35500.0,171
CR7,1997,40564.7,41000.0,215
CR7,1998,48192.9,49000.0,234
CR7,1999,57005.2,58000.0,247
CR7,2000,70114.1,69475.0,212
CR7,2001,78375.3,78000.0,193
CR7,2002,100065.1,100000.0,289
CR7,2003,126078.2,129975.0,324
CR7,2004,134851.2,134475.0,248
CR7,2005,139738.9,142500.0,236
CR7,2006,140758.8,142000.0,255
CR7,2007,155252.9,160000.0,336
CR7,2008,153826.8,155500.0,138
CR7,2009,138742.7,140000.0,55
CR7,2010,137810.8,140250.0,116
CR7,2011,139900.5,140000.0,73
CR7,2012,141455.7,145000.0,70
CR7,2013,145334.1,145000.0,91
CR7,2014,169171.7,165000.0,212
CR7,2015,197068.3,198000.0,206
CR7,2016,227019.4,230000.0,215
CR7,2017,257715.3,255000.0,159
CR7,2018,241360.4,249950.0,158
CR7,2019,244750.9,245000.0,135
CR7,2020,241224.2,240000.0,145
CR7,2021,260361.3,270000.0,184
CR7,2022,263864.9,260000.0,157
CR7,2023,247511.7,245750.0,108
CR7,2024,235013.0,240600.0,131
CR7,2025,258277.4,250000.0,97
CR8,1995,47386.4,45000.0,96
CR8,1996,50775.0,49375.0,108
CR8,1997,56261.3,54000.0,145
CR8,1998,60653.1,59500.0,162
CR8,1999,72441.1,69000.0,216
CR8,2000,103096.8,89000.0,189
CR8,2001,120600.7,106750.0,222
CR8,2002,135409.6,120000.0,247
CR8,2003,149307.5,141000.0,199
CR8,2004,163488.3,161000.0,163
CR8,2005,159273.1,155000.0,162
CR8,2006,176596.8,162000.0,229
CR8,2007,196604.2,184950.0,249
CR8,2008,200443.7,189000.0,142
CR8,2009,184006.5,174500.0,98
CR8,2010,191410.7,185000.0,101
CR8,2011,183717.0,181000.0,93
CR8,2012,186871.1,180000.0,95
CR8,2013,205939.1,200000.0,167
CR8,2014,222329.2,220000.0,203
CR8,2015,232848.8,240000.0,206
CR8,2016,268176.6,275000.0,167
CR8,2017,284385.8,285000.0,163
CR8,2018,292580.1,266375.0,196
CR8,2019,307891.0,292500.0,157
CR8,2020,339931.5,325000.0,191
CR8,2021,348593.5,335000.0,407
CR8,2022,364309.0,365000.0,360
CR8,2023,324508.5,329250.0,243
CR8,2024,326751.9,320000.0,186
CR8,2025,295330.5,295000.0,135
CR8,2026,268000.0,275000.0,3
DA1,1995,37596.3,37125.0,128
DA1,1996,36794.0,35499.5,138
DA1,1997,39838.8,40250.0,200
DA1,1998,44982.9,46995.0,269
DA1,1999,47211.5,46500.0,253
DA1,2000,55832.9,54997.5,258
DA1,2001,63472.0,64475.0,294
DA1,2002,79671.7,79350.0,330
DA1,2003,103479.6,99995.0,357
DA1,2004,110940.4,110000.0,316
DA1,2005,114964.5,111000.0,245
DA1,2006,118674.6,118000.0,325
DA1,2007,140573.8,132000.0,377
DA1,2008,158036.5,150000.0,252
DA1,2009,121140.9,120000.0,109
DA1,2010,121797.4,121500.0,99
DA1,2011,125534.8,125000.0,125
DA1,2012,137830.3,139950.0,251
DA1,2013,133775.5,138000.0,221
DA1,2014,149914.8,149995.0,332
DA1,2015,162739.9,165997.5,408
DA1,2016,191395.4,196000.0,501
DA1,2017,221161.0,227000.0,449
DA1,2018,226652.7,239995.0,544
DA1,2019,223810.6,232250.0,368
DA1,2020,226557.9,234000.0,407
DA1,2021,220336.4,227000.0,369
DA1,2022,243144.0,240995.0,405
DA1,2023,244839.9,245000.0,293
DA1,2024,248986.6,249497.0,290
DA1,2025,231851.6,233000.0,185
DA1,2026,221000.0,221000.0,1
DA10,1995,30087.5,29725.0,8
DA10,1996,33062.5,25250.0,8
DA10,1997,29704.1,26995.0,11
DA10,1998,37817.9,35000.0,14
DA10,1999,42116.7,42500.0,21
DA10,2000,43105.9,41000.0,17
DA10,2001,52657.4,53000.0,19
DA10,2002,61248.8,57500.0,16
DA10,2003,77098.7,75950.0,19
DA10,2004,93210.8,95000.0,13
DA10,2005,105963.2,100497.5,14
DA10,2006,102183.0,105000.0,15
DA10,2007,115230.0,115975.0,16
DA10,2008,108812.5,107000.0,8
DA10,2009,82166.7,76500.0,3
DA10,2010,111333.3,107000.0,3
DA10,2011,88333.3,78000.0,3
DA10,2012,94125.0,87000.0,8
DA10,2013,95625.0,103250.0,8
DA10,2014,127611.1,132000.0,9
DA10,2015,125566.7,125000.0,15
DA10,2016,152000.0,149250.0,10
DA10,2017,249083.7,263000.0,105
DA10,2018,264063.5,279995.0,127
DA10,2019,227099.3,268500.0,98
DA10,2020,243488.9,267149.0,73
DA10,2021,213571.6,235000.0,72
DA10,2022,278844.2,304995.0,166
DA10,2023,273572.5,293000.0,181
DA10,2024,262698.5,285000.0,115
DA10,2025,243336.2,280625.0,52
DA10,2026,103250.0,103250.0,1
DA11,1995,38042.9,37500.0,87
DA11,1996,39500.2,39500.0,87
DA11,1997,36938.8,35000.0,86
DA11,1998,42122.9,37500.0,108
DA11,1999,44950.8,42750.0,120
DA11,2000,54657.8,51750.0,114
DA11,2001,63954.3,59250.0,148
DA11,2002,86312.7,77000.0,190
DA11,2003,104655.4,94497.5,186
DA11,2004,134472.3,142500.0,298
DA11,2005,113669.7,110000.0,158
DA11,2006,130504.6,125000.0,246
DA11,2007,163650.5,171000.0,374
DA11,2008,147877.3,152000.0,199
DA11,2009,124979.6,125000.0,109
DA11,2010,114265.1,119000.0,76
DA11,2011,106622.9,105000.0,61
DA11,2012,122137.4,124972.5,76
DA11,2013,114773.3,118000.0,79
DA11,2014,123189.7,119000.0,141
DA11,2015,141886.2,144995.0,191
DA11,2016,159508.6,160000.0,167
DA11,2017,166526.3,171500.0,182
DA11,2018,188869.5,190000.0,167
DA11,2019,148752.3,158000.0,173
DA11,2020,171021.4,171250.0,100
DA11,2021,170174.2,175000.0,140
DA11,2022,175243.2,180000.0,183
DA11,2023,206174.0,205000.0,180
DA11,2024,181399.7,171750.0,170
DA11,2025,172717.1,176500.0,79
DA11,2026,145750.0,146500.0,4
DA12,1995,35100.7,33500.0,62
DA12,1996,34424.6,33500.0,40
DA12,1997,38596.7,38125.0,80
DA12,1998,41470.8,37500.0,83
DA12,1999,52528.0,43500.0,89
DA12,2000,62665.1,55500.0,103
DA12,2001,64813.6,59950.0,107
DA12,2002,84701.3,76000.0,127
DA12,2003,91954.7,85750.0,98
DA12,2004,100283.1,97750.0,104
DA12,2005,136487.2,129995.0,154
DA12,2006,141200.3,132500.0,218
DA12,2007,131871.2,124250.0,224
DA12,2008,164905.2,165800.0,124
DA12,2009,115027.9,106000.0,147
DA12,2010,120393.0,110000.0,91
DA12,2011,133110.5,123750.0,76
DA12,2012,112250.8,110000.0,59
DA12,2013,113666.7,115000.0,69
DA12,2014,117814.6,120000.0,115
DA12,2015,135671.1,130000.0,112
DA12,2016,158007.7,159000.0,162
DA12,2017,162110.1,165000.0,144
DA12,2018,165428.0,165000.0,94
DA12,2019,164971.8,164750.0,116
DA12,2020,167153.4,165000.0,81
DA12,2021,173765.0,173250.0,100
DA12,2022,177138.3,180000.0,119
DA12,2023,174469.2,190000.0,65
DA12,2024,176031.0,175000.0,77
DA12,2025,173931.3,177000.0,46
DA12,2026,141000.0,141000.0,2
DA13,1995,74320.0,76500.0,5
DA13,1996,49183.3,50500.0,6
DA13,1997,61000.0,53000.0,4
DA13,1998,88666.7,72500.0,6
DA13,1999,41975.0,39975.0,4
DA13,2000,58436.9,57747.5,8
DA13,2001,176873.8,113747.5,4
DA13,2002,110721.7,100000.0,9
DA13,2003,128000.0,128000.0,1
DA13,2004,106860.0,135900.0,5
DA13,2005,201985.7,222450.0,14
DA13,2006,202500.0,202500.0,2
DA13,2007,151583.3,145750.0,6
DA13,2008,118250.0,118250.0,2
DA13,2009,271750.0,198500.0,3
DA13,2010,142166.7,129000.0,3
DA13,2011,156416.7,140750.0,6
DA13,2012,154833.3,144500.0,6
DA13,2013,145800.0,149000.0,5
DA13,2014,165083.3,166000.0,6
DA13,2015,150833.3,150000.0,6
DA13,2016,151000.0,151000.0,1
DA13,2017,238619.8,235000.0,5
DA13,2018,211625.0,214500.0,4
DA13,2019,223600.0,243000.0,5
DA13,2020,161800.0,160000.0,5
DA13,2021,206551.4,200000.0,7
DA13,2022,229041.7,209125.0,6
DA13,2023,260000.0,279000.0,4
DA13,2024,273500.0,268000.0,3
DA13,2025,215666.7,210000.0,3
DA14,1995,48144.0,48750.0,122
DA14,1996,49558.1,48375.0,148
DA14,1997,52907.1,53250.0,199
DA14,1998,59711.6,59250.0,180
DA14,1999,67812.3,66250.0,218
DA14,2000,81715.0,80000.0,156
DA14,2001,89945.5,87500.0,203
DA14,2002,109261.5,112000.0,217
DA14,2003,129053.0,128750.0,182
DA14,2004,142161.7,144000.0,170
DA14,2005,152009.2,147000.0,170
DA14,2006,158549.6,155000.0,247
DA14,2007,168431.8,169000.0,232
DA14,2008,175283.6,175000.0,151
DA14,2009,158677.9,155000.0,112
DA14,2010,154539.4,158500.0,113
DA14,2011,157822.9,157000.0,107
DA14,2012,169896.6,166750.0,150
DA14,2013,166791.7,170000.0,127
DA14,2014,192551.8,195000.0,206
DA14,2015,214829.2,216500.0,197
DA14,2016,250813.2,254000.0,211
DA14,2017,265259.2,270000.0,222
DA14,2018,267169.4,266500.0,180
DA14,2019,263891.4,260000.0,155
DA14,2020,253911.8,260000.0,127
DA14,2021,272861.0,270000.0,217
DA14,2022,284634.6,290000.0,214
DA14,2023,278509.7,280000.0,153
DA14,2024,268588.2,280000.0,178
DA14,2025,271822.9,280000.0,133
DA14,2026,330000.0,330000.0,2
DA15,1995,50580.4,47750.0,90
DA15,1996,53243.2,48500.0,93
DA15,1997,54422.5,53000.0,101
DA15,1998,58157.4,56750.0,108
DA15,1999,66396.7,63000.0,120
DA15,2000,82488.9,81000.0,115
DA15,2001,89419.3,88875.0,132
DA15,2002,108619.1,110000.0,129
DA15,2003,125423.4,128000.0,119
DA15,2004,140617.4,140000.0,103
DA15,2005,143983.9,148995.0,79
DA15,2006,152624.0,150000.0,113
DA15,2007,165140.3,162000.0,145
DA15,2008,158752.2,160000.0,61
DA15,2009,156929.7,158000.0,47
DA15,2010,164462.0,160500.0,46
DA15,2011,142788.8,145000.0,50
DA15,2012,170996.0,169000.0,65
DA15,2013,167927.1,166500.0,114
DA15,2014,186605.7,184000.0,123
DA15,2015,191409.7,190000.0,91
DA15,2016,242135.9,242000.0,112
DA15,2017,257386.9,260000.0,62
DA15,2018,249624.8,260000.0,56
DA15,2019,258293.6,262500.0,87
DA15,2020,260254.2,269500.0,60
DA15,2021,259772.9,270000.0,96
DA15,2022,292772.2,290000.0,78
DA15,2023,255462.4,250000.0,66
DA15,2024,308098.7,310000.0,84
DA15,2025,283331.8,280000.0,65
DA15,2026,270583.3,328750.0,3
DA16,1995,44203.7,45250.0,38
DA16,1996,42487.4,43000.0,66
DA16,1997,47878.0,47500.0,83
DA16,1998,53980.1,53000.0,85
DA16,1999,57230.6,58250.0,104
DA16,2000,68265.0,67500.0,85
DA16,2001,79983.5,80000.0,102
DA16,2002,96370.2,98750.0,106
DA16,2003,116347.9,115000.0,94
DA16,2004,125630.7,125000.0,95
DA16,2005,131957.9,129500.0,85
DA16,2006,138996.9,143000.0,93
DA16,2007,150036.1,149997.5,108
DA16,2008,151215.6,151000.0,66
DA16,2009,136733.3,138000.0,46
DA16,2010,141585.4,138500.0,35
DA16,2011,136986.8,134500.0,46
DA16,2012,134138.0,138000.0,47
DA16,2013,143785.7,141000.0,56
DA16,2014,161387.4,165000.0,86
DA16,2015,197405.5,195000.0,87
DA16,2016,223736.1,230000.0,98
DA16,2017,232697.6,240000.0,71
DA16,2018,224890.1,235000.0,65
DA16,2019,211812.6,210000.0,45
DA16,2020,223555.6,230000.0,45
DA16,2021,244472.2,260000.0,54
DA16,2022,232500.0,238000.0,73
DA16,2023,222946.5,217500.0,57
DA16,2024,233487.5,232500.0,48
DA16,2025,242102.8,265000.0,39
DA16,2026,85000.0,85000.0,1
DA17,1995,40466.1,40495.0,158
DA17,1996,38860.8,38500.0,100
DA17,1997,42009.6,41500.0,145
DA17,1998,45696.6,44995.0,147
DA17,1999,48887.4,48000.0,193
DA17,2000,61517.5,59995.0,191
DA17,2001,68059.4,67000.0,184
DA17,2002,85825.8,85000.0,167
DA17,2003,110767.3,106247.5,208
DA17,2004,120288.1,120000.0,162
DA17,2005,126731.8,124497.5,148
DA17,2006,127924.1,125000.0,139
DA17,2007,135951.8,135000.0,166
DA17,2008,135740.1,135000.0,79
DA17,2009,127199.9,126000.0,40
DA17,2010,125782.9,124000.0,53
DA17,2011,124453.4,124000.0,57
DA17,2012,129266.7,125000.0,128
DA17,2013,135879.6,145950.0,137
DA17,2014,149211.3,153995.0,166
DA17,2015,165598.9,164995.0,285
DA17,2016,213201.8,220000.0,120
DA17,2017,219436.0,220250.0,130
DA17,2018,216018.1,215000.0,102
DA17,2019,211449.3,212500.0,71
DA17,2020,204905.0,200000.0,69
DA17,2021,212965.1,213000.0,112
DA17,2022,224676.3,228500.0,95
DA17,2023,231521.0,240000.0,81
DA17,2024,230893.3,240000.0,75
DA17,2025,228548.3,230000.0,67
DA17,2026,252500.0,252500.0,2
DA18,1995,32248.1,28997.5,8
DA18,1996,29000.0,29000.0,2
DA18,1997,28987.5,28000.0,4
DA18,1998,33666.5,31836.0,11
DA18,1999,37166.7,34000.0,9
DA18,2000,47799.1,44000.0,11
DA18,2001,50112.3,52995.0,11
DA18,2002,71582.0,65000.0,15
DA18,2003,102410.3,90000.0,15
DA18,2004,108184.2,100000.0,13
DA18,2005,112890.8,96672.5,6
DA18,2006,102096.0,104995.0,15
DA18,2007,117066.2,113500.0,12
DA18,2008,137750.0,134000.0,4
DA18,2009,97500.0,97500.0,2
DA18,2010,84816.7,69950.0,3
DA18,2011,65125.0,72250.0,4
DA18,2012,81750.0,87000.0,4
DA18,2013,90415.8,82497.5,6
DA18,2014,116625.0,115000.0,8
DA18,2015,139800.0,135000.0,5
DA18,2016,154700.0,166000.0,5
DA18,2017,158166.7,170000.0,6
DA18,2018,175000.0,175000.0,1
DA18,2019,195000.0,195000.0,1
DA18,2020,222750.0,208000.0,4
DA18,2021,179665.0,189995.0,3
DA18,2022,198800.0,200000.0,5
DA18,2023,180000.0,185000.0,3
DA18,2024,164000.0,162500.0,4
DA18,2025,199860.0,177580.0,3
DA2,1995,42286.8,44750.0,53
DA2,1996,41277.2,39995.0,53
DA2,1997,45832.0,48000.0,74
DA2,1998,51433.0,50000.0,110
DA2,1999,47561.6,48750.0,79
DA2,2000,56388.8,57000.0,93
DA2,2001,65246.6,64475.0,122
DA2,2002,80828.8,83250.0,98
DA2,2003,126170.4,112500.0,120
DA2,2004,140732.3,124995.0,134
DA2,2005,121062.7,115000.0,75
DA2,2006,132536.8,123000.0,93
DA2,2007,132393.7,129000.0,103
DA2,2008,131382.6,128000.0,47
DA2,2009,131138.8,125000.0,36
DA2,2010,133241.2,123000.0,29
DA2,2011,115853.4,101000.0,29
DA2,2012,202347.3,191995.0,86
DA2,2013,202036.9,194995.0,123
DA2,2014,164061.1,165000.0,135
DA2,2015,197855.4,185000.0,91
DA2,2016,195731.8,185000.0,81
DA2,2017,221063.3,212000.0,83
DA2,2018,202772.0,185500.0,66
DA2,2019,206507.2,195000.0,69
DA2,2020,199041.7,190000.0,48
DA2,2021,225857.2,211000.0,72
DA2,2022,234131.2,220000.0,59
DA2,2023,231083.8,220000.0,51
DA2,2024,252039.4,259770.0,94
DA2,2025,224048.8,226000.0,43
DA2,2026,211250.0,211250.0,2
DA3,1995,38856.4,37500.0,7
DA3,1996,48949.5,50500.0,10
DA3,1997,49055.0,46000.0,9
DA3,1998,60812.5,54500.0,8
DA3,1999,59828.4,59000.0,19
DA3,2000,64332.5,66000.0,6
DA3,2001,81545.5,84000.0,11
DA3,2002,91915.8,96500.0,12
DA3,2003,135944.4,125000.0,9
DA3,2004,138856.1,138000.0,14
DA3,2005,145749.2,136497.5,6
DA3,2006,156146.8,139000.0,17
DA3,2007,142000.0,148750.0,10
DA3,2008,135217.0,157397.5,10
DA3,2009,157687.5,140000.0,8
DA3,2010,136071.4,140000.0,7
DA3,2011,145000.0,136000.0,5
DA3,2012,169950.0,177500.0,10
DA3,2013,166925.0,175000.0,30
DA3,2014,145534.6,149950.0,13
DA3,2015,168375.0,174250.0,8
DA3,2016,205500.0,207500.0,16
DA3,2017,151999.7,173000.0,11
DA3,2018,208772.7,225000.0,11
DA3,2019,229888.9,224000.0,9
DA3,2020,246678.6,235500.0,14
DA3,2021,216448.6,215000.0,39
DA3,2022,233979.2,225000.0,48
DA3,2023,270869.0,235000.0,21
DA3,2024,263901.4,235000.0,12
DA3,2025,278229.8,230000.0,16
DA5,1995,54108.3,52000.0,23
DA5,1996,56120.7,52500.0,29
DA5,1997,60390.5,57500.0,44
DA5,1998,67372.1,66250.0,48
DA5,1999,83565.2,73000.0,57
DA5,2000,88108.0,85000.0,52
DA5,2001,90019.5,83497.5,38
DA5,2002,129196.6,125000.0,45
DA5,2003,152201.9,150000.0,48
DA5,2004,148845.7,137750.0,40
DA5,2005,173313.9,158000.0,35
DA5,2006,183812.1,185000.0,85
DA5,2007,186807.6,176000.0,70
DA5,2008,195014.8,190000.0,27
DA5,2009,177631.6,175000.0,19
DA5,2010,193131.5,191500.0,30
DA5,2011,205700.0,200000.0,25
DA5,2012,200314.9,185950.0,36
DA5,2013,224190.5,245500.0,84
DA5,2014,207956.6,207500.0,54
DA5,2015,249933.7,235000.0,47
DA5,2016,265000.0,268000.0,40
DA5,2017,273648.4,277000.0,31
DA5,2018,295583.6,315000.0,43
DA5,2019,268375.0,275000.0,42
DA5,2020,270077.6,266500.0,38
DA5,2021,284767.4,280000.0,43
DA5,2022,299025.0,305000.0,60
DA5,2023,281687.5,286250.0,32
DA5,2024,305801.7,305000.0,29
DA5,2025,285804.2,277500.0,36
DA5,2026,252500.0,252500.0,1
DA7,1995,48795.7,47125.0,114
DA7,1996,50185.5,48000.0,111
DA7,1997,52482.2,51000.0,105
DA7,1998,53847.7,54000.0,117
DA7,1999,59818.7,58000.0,116
DA7,2000,73530.5,73000.0,119
DA7,2001,83036.1,85000.0,145
DA7,2002,101911.2,99995.0,127
DA7,2003,125548.9,124497.5,122
DA7,2004,136708.3,136500.0,124
DA7,2005,138080.3,137000.0,111
DA7,2006,144090.4,142500.0,121
DA7,2007,159555.3,157500.0,126
DA7,2008,152342.0,154500.0,79
DA7,2009,146553.0,149500.0,66
DA7,2010,153094.0,154997.5,60
DA7,2011,149066.9,150000.0,52
DA7,2012,144748.6,142500.0,65
DA7,2013,156590.0,157500.0,91
DA7,2014,169717.0,169995.0,127
DA7,2015,206918.1,199972.5,136
DA7,2016,224585.8,230000.0,90
DA7,2017,237459.7,240000.0,98
DA7,2018,251448.2,257000.0,83
DA7,2019,232550.8,245000.0,75
DA7,2020,246176.7,245000.0,58
DA7,2021,272419.5,260000.0,101
DA7,2022,266703.3,275000.0,84
DA7,2023,267313.6,275000.0,59
DA7,2024,263717.7,262500.0,62
DA7,2025,257973.2,270000.0,56
DA7,2026,160000.0,160000.0,1
DA8,1995,38286.1,39500.0,109
DA8,1996,37472.9,38500.0,141
DA8,1997,43262.3,46175.0,192
DA8,1998,43325.0,45189.0,173
DA8,1999,44449.0,44000.0,178
DA8,2000,55481.1,55000.0,199
DA8,2001,71370.0,65000.0,287
DA8,2002,103205.7,92000.0,388
DA8,2003,124886.3,111000.0,341
DA8,2004,119053.4,112250.0,234
DA8,2005,134603.5,125000.0,219
DA8,2006,123736.5,125000.0,209
DA8,2007,129305.2,130000.0,209
DA8,2008,130962.9,127000.0,109
DA8,2009,120780.0,122500.0,42
DA8,2010,109479.2,111000.0,51
DA8,2011,115227.7,122000.0,59
DA8,2012,109687.1,115000.0,57
DA8,2013,119914.2,121000.0,80
DA8,2014,149928.7,155000.0,187
DA8,2015,165258.8,167453.0,289
DA8,2016,175691.1,185000.0,173
DA8,2017,190155.7,191000.0,262
DA8,2018,204534.7,213500.0,142
DA8,2019,192368.5,196750.0,172
DA8,2020,208330.2,218000.0,127
DA8,2021,237608.4,245000.0,195
DA8,2022,266788.0,272500.0,243
DA8,2023,223937.2,228000.0,105
DA8,2024,222858.7,235000.0,104
DA8,2025,221418.6,232000.0,79
E1,1995,62927.4,57995.0,291
E1,1996,70530.7,63950.0,379
E1,1997,97686.3,79995.0,561
E1,1998,118198.3,112995.0,687
E1,1999,136628.0,120000.0,965
E1,2000,159453.3,150000.0,873
E1,2001,172095.9,162500.0,867
E1,2002,194966.3,180000.0,730
E1,2003,198765.2,175000.0,666
E1,2004,207186.8,190000.0,862
E1,2005,218764.9,199000.0,689
E1,2006,237166.6,220000.0,922
E1,2007,280139.9,250000.0,990
E1,2008,309294.5,270000.0,627
E1,2009,310788.6,275000.0,447
E1,2010,319907.1,277500.0,487
E1,2011,320179.9,297275.0,597
E1,2012,330135.0,295000.0,635
E1,2013,385379.4,335000.0,990
E1,2014,451712.3,396250.0,1310
E1,2015,547378.0,475000.0,894
E1,2016,601101.7,500000.0,676
E1,2017,635274.4,575000.0,596
E1,2018,637696.9,505000.0,524
E1,2019,700362.8,650000.0,789
E1,2020,570271.3,525000.0,592
E1,2021,489441.4,472325.0,694
E1,2022,536561.4,484515.0,671
E1,2023,535508.9,500000.0,583
E1,2024,520702.4,445000.0,447
E1,2025,469950.9,440000.0,378
E1,2026,593571.4,530000.0,7
E10,1995,33977.2,34500.0,176
E10,1996,34393.6,34995.0,217
E10,1997,39615.6,39000.0,291
E10,1998,47935.9,47125.0,280
E10,1999,57182.6,55000.0,361
E10,2000,69706.8,70000.0,439
E10,2001,81819.7,83743.0,376
E10,2002,108969.5,110000.0,417
E10,2003,126913.4,130000.0,356
E10,2004,139772.0,141750.0,292
E10,2005,152649.9,150000.0,318
E10,2006,170510.5,169000.0,386
E10,2007,190482.8,190000.0,391
E10,2008,186388.7,185000.0,195
E10,2009,178235.4,175000.0,119
E10,2010,168147.9,166000.0,124
E10,2011,160204.4,165550.0,126
E10,2012,171921.9,177000.0,118
E10,2013,190715.3,193750.0,204
E10,2014,236353.2,240000.0,315
E10,2015,277054.5,285000.0,326
E10,2016,347374.1,360000.0,408
E10,2017,340259.7,350000.0,284
E10,2018,340170.8,348750.0,216
E10,2019,362544.8,370000.0,278
E10,2020,387253.1,391250.0,272
E10,2021,385677.6,395000.0,326
E10,2022,400123.3,402000.0,286
E10,2023,399523.2,404700.0,284
E10,2024,393336.6,400000.0,287
E10,2025,400427.7,405000.0,261
E10,2026,452699.8,449999.0,5
E11,1995,49970.1,47000.0,270
E11,1996,50247.0,47500.0,389
E11,1997,53566.9,50300.0,466
E11,1998,60504.9,56250.0,416
E11,1999,69427.4,65000.0,564
E11,2000,92140.2,84000.0,543
E11,2001,105223.3,100000.0,572
E11,2002,132717.9,124497.5,568
E11,2003,150334.2,145000.0,496
E11,2004,164811.3,160000.0,437
E11,2005,170781.4,170000.0,477
E11,2006,183837.3,182250.0,490
E11,2007,211145.7,205000.0,442
E11,2008,214273.6,215000.0,267
E11,2009,186787.8,180000.0,164
E11,2010,206037.1,206750.0,216
E11,2011,201452.9,205000.0,207
E11,2012,222188.3,215000.0,245
E11,2013,218864.2,215000.0,306
E11,2014,264957.3,260000.0,379
E11,2015,287583.5,285656.0,363
E11,2016,342238.7,350000.0,358
E11,2017,345423.6,350000.0,326
E11,2018,348571.1,352250.0,244
E11,2019,339614.7,329500.0,276
E11,2020,355119.9,355000.0,211
E11,2021,371015.8,360100.0,446
E11,2022,376330.8,377000.0,333
E11,2023,380299.0,380000.0,271
E11,2024,398365.6,395000.0,293
E11,2025,391765.7,387000.0,276
E11,2026,455711.9,387500.0,8
E12,1995,35249.9,32500.0,77
E12,1996,34273.5,32250.0,80
E12,1997,38277.8,35000.0,92
E12,1998,48257.9,41000.0,96
E12,1999,56301.5,49300.0,161
E12,2000,65185.4,59995.0,147
E12,2001,82472.2,74995.0,201
E12,2002,107311.4,103000.0,232
E12,2003,122530.1,117500.0,151
E12,2004,136370.2,133500.0,112
E12,2005,142972.4,141500.0,148
E12,2006,154863.4,150000.0,166
E12,2007,166225.9,165000.0,192
E12,2008,176050.9,184000.0,93
E12,2009,142776.8,140000.0,28
E12,2010,150769.6,152000.0,51
E12,2011,152573.5,149995.0,53
E12,2012,141817.2,134000.0,58
E12,2013,147302.5,142500.0,71
E12,2014,176555.7,170500.0,122
E12,2015,203381.9,200000.0,127
E12,2016,236011.5,245000.0,109
E12,2017,252820.5,245000.0,95
E12,2018,258779.3,263750.0,58
E12,2019,265891.3,263000.0,46
E12,2020,249773.1,244870.5,44
E12,2021,268144.1,272500.0,76
E12,2022,279909.8,275000.0,71
E12,2023,281300.0,270000.0,51
E12,2024,279356.5,270000.0,46
E12,2025,277935.9,280000.0,39
E13,1995,30962.7,29997.5,66
E13,1996,30214.5,30000.0,88
E13,1997,35317.3,35500.0,108
E13,1998,41679.5,40000.0,130
E13,1999,53776.0,49995.0,191
E13,2000,68949.2,66000.0,249
E13,2001,79881.0,73500.0,161
E13,2002,106229.8,99995.0,259
E13,2003,126790.4,125500.0,186
E13,2004,138846.7,137000.0,173
E13,2005,142236.3,140500.0,167
E13,2006,152810.7,153000.0,167
E13,2007,169244.9,165000.0,215
E13,2008,176447.9,175000.0,112
E13,2009,145497.7,134000.0,46
E13,2010,139645.3,133000.0,53
E13,2011,144748.9,137500.0,54
E13,2012,142483.6,145500.0,60
E13,2013,142235.8,140000.0,102
E13,2014,184506.7,185000.0,148
E13,2015,217728.1,213500.0,159
E13,2016,248642.3,253000.0,134
E13,2017,253566.4,265000.0,132
E13,2018,357882.7,345497.5,226
E13,2019,345441.7,342000.0,235
E13,2020,407858.8,445000.0,153
E13,2021,382475.2,353500.0,228
E13,2022,370081.1,337860.0,157
E13,2023,354755.0,328000.0,112
E13,2024,303830.7,280000.0,96
E13,2025,297295.2,300000.0,69
E13,2026,315000.0,315000.0,2
E14,1995,73591.0,68000.0,537
E14,1996,92069.0,81500.0,696
E14,1997,120090.9,106500.0,1334
E14,1998,128902.2,117500.0,1570
E14,1999,167255.7,158950.0,2055
E14,2000,211087.3,185000.0,2042
E14,2001,237782.4,220000.0,1930
E14,2002,242866.3,227995.0,1752
E14,2003,269939.0,245000.0,1376
E14,2004,291561.0,250000.0,2524
E14,2005,294650.5,250000.0,1864
E14,2006,302654.6,267000.0,1873
E14,2007,362426.1,315000.0,2055
E14,2008,338464.5,300000.0,975
E14,2009,359340.8,317000.0,1469
E14,2010,355885.1,320000.0,1938
E14,2011,365044.6,320000.0,1387
E14,2012,366910.9,320000.0,1237
E14,2013,376248.7,328342.5,1678
E14,2014,417968.1,365000.0,1866
E14,2015,431618.4,395000.0,1803
E14,2016,484307.4,448017.5,2708
E14,2017,502238.1,458350.0,1744
E14,2018,502799.2,465000.0,1762
E14,2019,474769.9,460750.0,1682
E14,2020,595937.1,550000.0,2238
E14,2021,683498.7,618924.5,2958
E14,2022,621205.3,520000.0,2257
E14,2023,579880.0,495000.0,1305
E14,2024,578726.5,515000.0,1461
E14,2025,527973.3,450000.0,879
E14,2026,548653.8,480000.0,13
E15,1995,38109.6,39000.0,193
E15,1996,33653.9,33000.0,87
E15,1997,39906.7,37000.0,128
E15,1998,46765.3,45000.0,200
E15,1999,52683.1,50750.0,182
E15,2000,71955.3,69995.0,239
E15,2001,110926.7,98000.0,440
E15,2002,146715.6,135000.0,373
E15,2003,168837.0,160000.0,461
E15,2004,186164.1,174995.0,344
E15,2005,194128.5,185000.0,261
E15,2006,204088.7,195000.0,321
E15,2007,206040.0,198000.0,318
E15,2008,235943.5,235000.0,439
E15,2009,225549.3,222500.0,215
E15,2010,205477.1,203000.0,140
E15,2011,218434.5,210950.0,235
E15,2012,212817.1,205000.0,246
E15,2013,214715.4,203000.0,249
E15,2014,244686.6,245000.0,383
E15,2015,298773.1,295000.0,562
E15,2016,308973.8,300000.0,369
E15,2017,336137.8,335000.0,832
E15,2018,431261.7,392000.0,711
E15,2019,438834.1,425600.0,527
E15,2020,449920.2,456925.0,351
E15,2021,417341.2,385000.0,351
E15,2022,405183.9,380000.0,305
E15,2023,384972.8,362500.0,241
E15,2024,401877.6,368000.0,248
E15,2025,369592.1,350000.0,190
E15,2026,346250.0,346250.0,2
E16,1995,33816.5,32250.0,66
E16,1996,58298.1,43000.0,89
E16,1997,64054.9,69793.5,172
E16,1998,83871.5,98762.5,204
E16,1999,97776.7,104625.0,314
E16,2000,137418.5,144750.0,441
E16,2001,163186.6,157000.0,644
E16,2002,187181.1,184000.0,669
E16,2003,223903.2,203997.5,586
E16,2004,230189.9,212497.5,420
E16,2005,269004.0,240000.0,511
E16,2006,252677.2,240000.0,660
E16,2007,278258.8,249995.0,666
E16,2008,299960.9,270000.0,621
E16,2009,234757.9,225000.0,191
E16,2010,251583.6,250000.0,280
E16,2011,244556.6,245995.0,189
E16,2012,233642.3,228000.0,316
E16,2013,256863.1,247500.0,562
E16,2014,298182.4,281250.0,636
E16,2015,339646.2,331000.0,693
E16,2016,396441.1,385247.0,937
E16,2017,417122.4,409000.0,1684
E16,2018,451726.4,430000.0,1388
E16,2019,457125.9,420000.0,480
E16,2020,461236.2,425000.0,839
E16,2021,442880.3,435000.0,805
E16,2022,439829.5,410000.0,611
E16,2023,467813.3,444125.0,649
E16,2024,484957.6,465000.0,834
E16,2025,467443.0,457425.0,657
E16,2026,370076.9,360000.0,13
E17,1995,38792.3,39000.0,508
E17,1996,39367.7,39000.0,642
E17,1997,44517.7,44500.0,816
E17,1998,52755.5,52250.0,778
E17,1999,63280.8,60000.0,963
E17,2000,77522.0,77000.0,995
E17,2001,89808.5,88000.0,944
E17,2002,115654.4,117000.0,865
E17,2003,132847.3,135000.0,816
E17,2004,147154.0,147000.0,752
E17,2005,154032.7,154000.0,649
E17,2006,164737.5,164000.0,837
E17,2007,191293.9,191500.0,1016
E17,2008,186000.7,185000.0,468
E17,2009,159057.4,160000.0,312
E17,2010,167633.7,170000.0,344
E17,2011,170404.3,168000.0,369
E17,2012,181011.3,184750.0,356
E17,2013,207472.2,200000.0,454
E17,2014,264262.1,260000.0,667
E17,2015,296303.9,295000.0,770
E17,2016,332949.0,335000.0,672
E17,2017,357844.3,360000.0,566
E17,2018,372694.7,372250.0,730
E17,2019,395017.7,395000.0,848
E17,2020,372610.1,381000.0,574
E17,2021,383019.4,395250.0,939
E17,2022,415143.3,420000.0,899
E17,2023,416635.8,425000.0,641
E17,2024,399231.6,400000.0,704
E17,2025,418141.8,418500.0,516
E17,2026,395492.0,417500.0,10
E18,1995,54417.8,53000.0,134
E18,1996,57238.4,54000.0,186
E18,1997,70083.3,59995.0,245
E18,1998,70003.6,64000.0,257
E18,1999,83299.2,75000.0,218
E18,2000,98908.3,90495.0,215
E18,2001,115751.6,111000.0,211
E18,2002,142250.7,137250.0,218
E18,2003,164724.1,157000.0,193
E18,2004,173441.8,167500.0,202
E18,2005,208320.6,200000.0,281
E18,2006,201811.5,189995.0,248
E18,2007,234295.6,228997.5,210
E18,2008,255856.5,250000.0,267
E18,2009,214393.2,210000.0,145
E18,2010,229864.6,225000.0,151
E18,2011,230374.1,228500.0,179
E18,2012,229901.1,216500.0,160
E18,2013,227961.2,225000.0,177
E18,2014,268324.7,250000.0,276
E18,2015,303517.7,310000.0,187
E18,2016,360172.8,350000.0,171
E18,2017,361945.2,365000.0,158
E18,2018,363866.0,350000.0,169
E18,2019,338108.8,330000.0,116
E18,2020,349054.3,335000.0,115
E18,2021,370935.3,355000.0,179
E18,2022,359878.7,350000.0,164
E18,2023,355748.2,355000.0,131
E18,2024,370216.6,370000.0,162
E18,2025,380165.4,375000.0,105
E18,2026,392750.0,443000.0,4
E2,1995,52062.1,50995.0,225
E2,1996,54580.9,51000.0,211
E2,1997,64307.0,59500.0,403
E2,1998,81209.6,74975.0,582
E2,1999,99518.7,94000.0,518
E2,2000,120259.6,114850.0,582
E2,2001,153273.4,137000.0,572
E2,2002,173963.5,165000.0,629
E2,2003,188133.9,175000.0,555
E2,2004,195754.4,188000.0,583
E2,2005,221043.7,212000.0,557
E2,2006,231944.0,225000.0,653
E2,2007,273817.9,250000.0,842
E2,2008,270992.8,250000.0,310
E2,2009,268932.0,250000.0,324
E2,2010,299560.1,275000.0,436
E2,2011,289571.5,275000.0,337
E2,2012,321624.4,303500.0,417
E2,2013,366735.4,330000.0,467
E2,2014,416822.6,394000.0,596
E2,2015,478204.7,430000.0,523
E2,2016,514549.0,473500.0,542
E2,2017,525250.8,530000.0,536
E2,2018,488101.2,460000.0,322
E2,2019,520158.0,460000.0,297
E2,2020,595924.2,535500.0,338
E2,2021,543823.0,510000.0,562
E2,2022,534629.6,475000.0,350
E2,2023,553176.4,485000.0,293
E2,2024,505821.0,460000.0,362
E2,2025,519091.3,500000.0,307
E2,2026,504000.0,520000.0,5
E3,1995,65559.5,62995.0,473
E3,1996,58466.4,57000.0,331
E3,1997,62757.6,59995.0,410
E3,1998,75992.2,72000.0,399
E3,1999,99563.4,90000.0,560
E3,2000,118975.4,115000.0,521
E3,2001,137997.2,130000.0,554
E3,2002,157475.2,150000.0,591
E3,2003,173552.4,167000.0,593
E3,2004,193825.0,185000.0,672
E3,2005,203544.9,196000.0,843
E3,2006,223703.5,220000.0,1034
E3,2007,260407.8,250000.0,839
E3,2008,255465.2,245000.0,360
E3,2009,245244.8,235000.0,451
E3,2010,244386.2,230000.0,477
E3,2011,244370.9,235000.0,613
E3,2012,265399.4,249995.0,779
E3,2013,280847.9,265250.0,899
E3,2014,330715.6,320000.0,1009
E3,2015,363380.1,350000.0,839
E3,2016,406774.2,397500.0,1028
E3,2017,407352.9,415000.0,824
E3,2018,409964.7,415000.0,901
E3,2019,431805.4,420000.0,735
E3,2020,450277.9,448750.0,562
E3,2021,434405.8,440000.0,1008
E3,2022,427246.7,425000.0,848
E3,2023,401650.9,400000.0,558
E3,2024,413752.7,412250.0,622
E3,2025,431714.2,425000.0,459
E3,2026,438752.5,432500.0,11
E4,1995,51051.5,50000.0,179
E4,1996,49237.7,48500.0,280
E4,1997,54146.1,53500.0,339
E4,1998,66463.6,62995.0,387
E4,1999,74792.7,69500.0,437
E4,2000,81920.5,79995.0,385
E4,2001,96898.7,92500.0,384
E4,2002,116206.0,115000.0,374
E4,2003,146814.3,136500.0,349
E4,2004,158361.1,152750.0,386
E4,2005,174168.9,162625.0,352
E4,2006,166963.0,159000.0,385
E4,2007,188699.3,180000.0,324
E4,2008,187038.7,180000.0,176
E4,2009,166917.4,164975.0,132
E4,2010,173031.7,170000.0,165
E4,2011,177058.6,170500.0,187
E4,2012,180162.4,175000.0,193
E4,2013,192085.5,190000.0,206
E4,2014,230299.8,223750.0,416
E4,2015,233569.8,235000.0,290
E4,2016,274079.2,277000.0,269
E4,2017,276515.1,280000.0,247
E4,2018,321708.4,320000.0,286
E4,2019,291442.6,290000.0,238
E4,2020,316634.7,315500.0,210
E4,2021,313436.1,310000.0,287
E4,2022,324846.0,320000.0,246
E4,2023,320623.2,325500.0,210
E4,2024,294407.4,298000.0,203
E4,2025,337458.5,330000.0,194
E4,2026,410000.0,410000.0,2
E5,1995,43184.9,43000.0,131
E5,1996,47695.4,47000.0,178
E5,1997,57880.6,55000.0,230
E5,1998,65827.8,59995.0,297
E5,1999,79312.8,69997.5,290
E5,2000,101459.9,87500.0,251
E5,2001,115364.1,108000.0,362
E5,2002,135743.1,131750.0,392
E5,2003,152981.7,149000.0,301
E5,2004,172456.6,164000.0,352
E5,2005,169800.6,162500.0,257
E5,2006,186098.7,175000.0,370
E5,2007,220018.1,215000.0,533
E5,2008,222120.2,215000.0,271
E5,2009,194031.7,180000.0,279
E5,2010,221571.8,214000.0,309
E5,2011,236627.8,225000.0,218
E5,2012,261255.1,242500.0,249
E5,2013,292071.7,255000.0,305
E5,2014,355600.7,330000.0,399
E5,2015,403214.0,398747.5,468
E5,2016,408770.9,390000.0,315
E5,2017,429719.8,415000.0,282
E5,2018,455687.4,420000.0,263
E5,2019,470382.3,458750.0,320
E5,2020,502773.3,485000.0,254
E5,2021,480193.8,450000.0,408
E5,2022,460344.4,425000.0,415
E5,2023,509317.8,485000.0,339
E5,2024,476880.9,427500.0,316
E5,2025,491394.2,467500.0,236
E5,2026,466785.7,450000.0,7
E6,1995,35608.5,35000.0,210
E6,1996,33791.6,33000.0,195
E6,1997,38442.4,37000.0,237
E6,1998,42976.5,41500.0,246
E6,1999,58179.7,52500.0,372
E6,2000,67609.5,64000.0,390
E6,2001,73838.4,72750.0,348
E6,2002,97168.8,97500.0,349
E6,2003,123138.6,120000.0,351
E6,2004,139926.1,140000.0,389
E6,2005,136897.7,136500.0,259
E6,2006,145704.6,149900.0,309
E6,2007,163289.5,165000.0,362
E6,2008,172074.7,173000.0,174
E6,2009,133685.5,135000.0,62
E6,2010,133021.1,133000.0,66
E6,2011,134035.2,125000.0,85
E6,2012,143041.6,143000.0,73
E6,2013,137602.2,136500.0,104
E6,2014,166641.9,165000.0,219
E6,2015,185392.5,186250.0,230
E6,2016,221978.7,225000.0,212
E6,2017,249506.7,250000.0,163
E6,2018,244639.8,245000.0,123
E6,2019,240418.7,250000.0,121
E6,2020,310097.1,290250.0,166
E6,2021,295316.9,277000.0,228
E6,2022,360027.0,341997.5,470
E6,2023,297629.7,268000.0,143
E6,2024,269434.2,252000.0,82
E6,2025,260457.8,265000.0,83
E6,2026,335000.0,335000.0,1
E7,1995,34705.9,34500.0,110
E7,1996,34889.0,32000.0,142
E7,1997,35176.9,34000.0,162
E7,1998,41247.8,39995.0,171
E7,1999,50791.0,48250.0,174
E7,2000,72260.0,67500.0,315
E7,2001,76836.4,73500.0,260
E7,2002,100667.5,96747.5,238
E7,2003,128168.3,125000.0,207
E7,2004,146720.3,144750.0,250
E7,2005,151694.6,145000.0,169
E7,2006,162024.4,160000.0,199
E7,2007,173196.8,170000.0,201
E7,2008,176346.7,174225.0,126
E7,2009,140592.2,135000.0,51
E7,2010,152800.9,150000.0,54
E7,2011,147895.7,149000.0,60
E7,2012,154306.1,140000.0,61
E7,2013,169680.9,162500.0,100
E7,2014,197018.7,191500.0,170
E7,2015,227767.1,227500.0,156
E7,2016,282965.1,295000.0,133
E7,2017,289520.7,290000.0,97
E7,2018,287579.3,290875.0,84
E7,2019,288382.3,285000.0,67
E7,2020,292819.9,291000.0,68
E7,2021,311968.3,312000.0,101
E7,2022,334849.4,317500.0,107
E7,2023,324220.3,320000.0,97
E7,2024,329771.7,325000.0,111
E7,2025,337737.7,325000.0,84
E7,2026,405000.0,405000.0,1
E8,1995,51354.0,50500.0,117
E8,1996,52501.4,50000.0,155
E8,1997,69332.7,60000.0,248
E8,1998,76731.8,68850.0,304
E8,1999,97052.2,89950.0,303
E8,2000,113529.2,113000.0,283
E8,2001,149862.3,148500.0,389
E8,2002,178899.5,169995.0,381
E8,2003,182703.7,174950.0,268
E8,2004,200023.3,193995.0,417
E8,2005,208944.8,195000.0,379
E8,2006,240654.9,231000.0,430
E8,2007,262372.5,249999.5,466
E8,2008,266679.7,250000.0,259
E8,2009,268723.1,262500.0,336
E8,2010,287127.0,270000.0,375
E8,2011,314801.7,300000.0,521
E8,2012,334880.7,325000.0,422
E8,2013,369336.5,360000.0,412
E8,2014,444977.5,430000.0,479
E8,2015,457276.1,420000.0,500
E8,2016,518834.0,494995.0,460
E8,2017,533873.9,539075.0,480
E8,2018,566147.5,550000.0,377
E8,2019,526164.1,500000.0,320
E8,2020,569148.1,553750.0,258
E8,2021,534461.4,495000.0,441
E8,2022,572788.8,550000.0,339
E8,2023,550744.8,541750.0,294
E8,2024,629580.7,600000.0,379
E8,2025,587132.4,560000.0,311
E8,2026,612714.3,621000.0,7
E9,1995,49788.2,49995.0,153
E9,1996,50942.1,47997.5,158
E9,1997,59874.2,56000.0,218
E9,1998,74644.2,71250.0,280
E9,1999,94011.7,86000.0,293
E9,2000,113197.2,100000.0,281
E9,2001,129034.6,121950.0,293
E9,2002,151219.3,140000.0,397
E9,2003,174332.4,159225.0,262
E9,2004,181625.8,174995.0,327
E9,2005,187223.2,171000.0,251
E9,2006,208246.8,192500.0,271
E9,2007,232464.7,220000.0,301
E9,2008,248157.5,223000.0,163
E9,2009,224665.0,210000.0,146
E9,2010,245598.3,239975.0,172
E9,2011,248207.1,237500.0,196
E9,2012,262500.1,246000.0,283
E9,2013,312600.6,279000.0,232
E9,2014,383865.7,365000.0,436
E9,2015,384337.9,356250.0,276
E9,2016,460012.6,425000.0,329
E9,2017,434656.9,405000.0,264
E9,2018,437753.1,416250.0,242
E9,2019,472578.2,463725.0,304
E9,2020,455420.3,447500.0,188
E9,2021,495122.2,477500.0,433
E9,2022,527192.6,490000.0,283
E9,2023,516937.4,467505.0,182
E9,2024,493067.3,465000.0,235
E9,2025,480475.9,450000.0,202
E9,2026,375500.0,350000.0,5
EC1A,1995,145082.9,137497.5,12
EC1A,1996,166822.2,161872.5,124
EC1A,1997,202272.7,189000.0,11
EC1A,1998,169011.1,149500.0,58
EC1A,1999,201956.4,191250.0,70
EC1A,2000,200724.0,185000.0,63
EC1A,2001,252063.2,259825.0,81
EC1A,2002,228719.5,227500.0,82
EC1A,2003,267798.9,250000.0,106
EC1A,2004,311332.7,295000.0,76
EC1A,2005,306824.0,315000.0,53
EC1A,2006,321499.8,320000.0,52
EC1A,2007,384944.5,365000.0,37
EC1A,2008,338083.3,340000.0,18
EC1A,2009,386687.5,330500.0,16
EC1A,2010,431722.7,418500.0,30
EC1A,2011,442873.3,455000.0,30
EC1A,2012,517041.8,494025.0,28
EC1A,2013,635433.4,564000.0,29
EC1A,2014,598951.9,582500.0,26
EC1A,2015,645820.5,586525.0,22
EC1A,2016,1193453.9,900000.0,27
EC1A,2017,944765.8,878550.0,38
EC1A,2018,1279152.6,1252500.0,118
EC1A,2019,976772.5,827000.0,20
EC1A,2020,1433140.8,1434375.0,68
EC1A,2021,869981.2,768000.0,40
EC1A,2022,1248318.8,1422000.0,43
EC1A,2023,1062565.7,799500.0,27
EC1A,2024,792088.5,622500.0,26
EC1A,2025,802086.7,625000.0,23
EC1A,2026,450000.0,450000.0,1
EC1M,1995,56740.4,52000.0,26
EC1M,1996,108426.3,109500.0,34
EC1M,1997,162741.2,170000.0,37
EC1M,1998,198011.8,195000.0,77
EC1M,1999,238131.7,244235.5,254
EC1M,2000,283528.2,249997.5,104
EC1M,2001,360125.8,327500.0,38
EC1M,2002,427554.9,400945.0,103
EC1M,2003,316186.0,287750.0,42
EC1M,2004,358946.6,292500.0,47
EC1M,2005,378223.2,317500.0,58
EC1M,2006,443586.5,415000.0,82
EC1M,2007,479492.3,485000.0,71
EC1M,2008,478506.3,430000.0,114
EC1M,2009,493331.1,460000.0,71
EC1M,2010,567026.7,525000.0,43
EC1M,2011,504359.0,460000.0,39
EC1M,2012,663173.7,627500.0,48
EC1M,2013,748139.9,718000.0,35
EC1M,2014,831000.0,795000.0,39
EC1M,2015,893828.1,840000.0,32
EC1M,2016,927356.4,893333.0,18
EC1M,2017,1026477.3,840000.0,22
EC1M,2018,880795.2,812500.0,22
EC1M,2019,664552.6,660000.0,19
EC1M,2020,809166.7,880000.0,6
EC1M,2021,888312.5,545000.0,16
EC1M,2022,648100.0,610000.0,25
EC1M,2023,854280.0,605000.0,25
EC1M,2024,867532.2,798000.0,41
EC1M,2025,616407.4,520000.0,27
EC1M,2026,410000.0,410000.0,1
EC1N,1995,38000.0,38000.0,2
EC1N,1996,24500.0,24500.0,1
EC1N,1997,168939.3,167000.0,83
EC1N,1998,243014.5,199500.0,41
EC1N,1999,205017.6,212500.0,34
EC1N,2000,248062.5,218000.0,32
EC1N,2001,261356.2,258750.0,32
EC1N,2002,310366.2,250000.0,51
EC1N,2003,283012.5,250000.0,40
EC1N,2004,256289.1,249725.0,36
EC1N,2005,325175.0,292250.0,24
EC1N,2006,368905.1,360500.0,69
EC1N,2007,405445.9,390000.0,50
EC1N,2008,558320.8,412500.0,24
EC1N,2009,463262.2,450000.0,41
EC1N,2010,513963.9,492500.0,26
EC1N,2011,473978.8,477500.0,26
EC1N,2012,519384.5,423750.0,22
EC1N,2013,626624.0,490000.0,27
EC1N,2014,712647.9,650000.0,33
EC1N,2015,837556.4,742500.0,24
EC1N,2016,836709.5,712500.0,24
EC1N,2017,871163.0,800000.0,23
EC1N,2018,993083.5,955500.0,44
EC1N,2019,805302.8,637500.0,36
EC1N,2020,895799.2,923250.0,16
EC1N,2021,699000.0,530500.0,14
EC1N,2022,766777.8,601500.0,18
EC1N,2023,800291.7,642500.0,24
EC1N,2024,722125.0,618000.0,24
EC1N,2025,709292.5,552080.0,8
EC1R,1995,176113.5,165000.0,52
EC1R,1996,153422.2,127500.0,45
EC1R,1997,203715.3,187500.0,173
EC1R,1998,210595.8,190000.0,109
EC1R,1999,212320.7,210000.0,116
EC1R,2000,285699.2,250000.0,95
EC1R,2001,311747.3,295000.0,149
EC1R,2002,315976.3,300000.0,114
EC1R,2003,320346.9,278000.0,68
EC1R,2004,354581.4,325500.0,70
EC1R,2005,362339.9,350000.0,84
EC1R,2006,362393.6,346000.0,83
EC1R,2007,462328.1,475000.0,73
EC1R,2008,471851.2,385000.0,52
EC1R,2009,453509.7,425000.0,76
EC1R,2010,499888.1,487500.0,70
EC1R,2011,469801.2,431500.0,62
EC1R,2012,686289.3,622500.0,60
EC1R,2013,647746.4,685000.0,68
EC1R,2014,773107.2,751500.0,76
EC1R,2015,819680.9,735000.0,58
EC1R,2016,863344.8,765000.0,48
EC1R,2017,878308.4,898000.0,32
EC1R,2018,786656.7,792500.0,30
EC1R,2019,766495.7,675000.0,23
EC1R,2020,977866.7,792500.0,24
EC1R,2021,714605.7,740000.0,35
EC1R,2022,846907.8,790000.0,51
EC1R,2023,1065372.4,950000.0,33
EC1R,2024,906252.8,772575.0,54
EC1R,2025,762670.5,672500.0,44
EC1V,1995,112259.5,115000.0,42
EC1V,1996,119050.9,106250.0,58
EC1V,1997,148290.6,155000.0,94
EC1V,1998,185394.1,176000.0,218
EC1V,1999,215544.6,200000.0,296
EC1V,2000,261304.6,246250.0,200
EC1V,2001,265412.0,246000.0,341
EC1V,2002,298355.6,285000.0,255
EC1V,2003,326239.8,300000.0,340
EC1V,2004,346910.6,285500.0,160
EC1V,2005,334139.6,307500.0,174
EC1V,2006,363387.7,320000.0,218
EC1V,2007,463995.2,405000.0,279
EC1V,2008,398336.1,363500.0,114
EC1V,2009,419962.2,370000.0,93
EC1V,2010,457637.7,427500.0,138
EC1V,2011,487534.3,435000.0,175
EC1V,2012,533266.7,453250.0,259
EC1V,2013,622204.9,620000.0,277
EC1V,2014,680320.5,595000.0,198
EC1V,2015,757894.1,665000.0,329
EC1V,2016,839020.4,755000.0,482
EC1V,2017,772864.0,671250.0,136
EC1V,2018,561876.5,375000.0,177
EC1V,2019,887620.0,788000.0,413
EC1V,2020,991180.9,911212.5,286
EC1V,2021,978718.3,877308.0,260
EC1V,2022,864451.3,750000.0,153
EC1V,2023,885798.0,889000.0,302
EC1V,2024,855614.1,805000.0,529
EC1V,2025,776462.3,630000.0,103
EC1V,2026,656666.7,670000.0,3
EC1Y,1995,68200.0,70000.0,11
EC1Y,1996,114747.3,106750.0,32
EC1Y,1997,133721.4,121500.0,29
EC1Y,1998,224258.9,235000.0,101
EC1Y,1999,190764.6,175500.0,100
EC1Y,2000,216179.1,202500.0,64
EC1Y,2001,239378.6,234000.0,56
EC1Y,2002,290599.5,250000.0,105
EC1Y,2003,271990.5,248250.0,48
EC1Y,2004,282271.4,275000.0,43
EC1Y,2005,294734.5,270000.0,55
EC1Y,2006,349725.9,355000.0,66
EC1Y,2007,444564.3,422500.0,72
EC1Y,2008,457178.4,460000.0,28
EC1Y,2009,357948.4,365000.0,60
EC1Y,2010,465032.1,430000.0,132
EC1Y,2011,520829.1,445850.0,86
EC1Y,2012,647130.3,580000.0,38
EC1Y,2013,659369.0,515000.0,52
EC1Y,2014,642015.3,535000.0,45
EC1Y,2015,713295.9,590000.0,39
EC1Y,2016,786113.8,687500.0,40
EC1Y,2017,628115.4,547388.5,26
EC1Y,2018,795544.1,730000.0,35
EC1Y,2019,725117.6,642500.0,34
EC1Y,2020,879977.6,793500.0,86
EC1Y,2021,879844.9,798200.0,62
EC1Y,2022,739623.3,715000.0,41
EC1Y,2023,716997.2,647500.0,18
EC1Y,2024,705063.6,688000.0,37
EC1Y,2025,764119.0,600000.0,21
EC2A,1995,102633.3,75000.0,9
EC2A,1996,104118.4,89750.0,19
EC2A,1997,126083.0,130000.0,15
EC2A,1998,141797.8,132000.0,39
EC2A,1999,214981.6,211397.5,60
EC2A,2000,288239.7,271500.0,56
EC2A,2001,271467.7,277529.0,59
EC2A,2002,354957.2,345000.0,41
EC2A,2003,326328.6,320000.0,35
EC2A,2004,339772.2,318250.0,59
EC2A,2005,339618.4,346000.0,38
EC2A,2006,325894.7,310000.0,45
EC2A,2007,514106.6,480000.0,53
EC2A,2008,402133.3,420000.0,15
EC2A,2009,442982.4,420000.0,26
EC2A,2010,635711.5,575000.0,26
EC2A,2011,460117.5,447500.0,40
EC2A,2012,706618.8,612500.0,40
EC2A,2013,703446.7,640000.0,93
EC2A,2014,786816.2,777500.0,48
EC2A,2015,938015.2,915000.0,33
EC2A,2016,757023.8,671000.0,21
EC2A,2017,797959.4,788000.0,32
EC2A,2018,835468.8,723000.0,21
EC2A,2019,1161924.2,1085760.0,211
EC2A,2020,1524854.3,1253710.0,76
EC2A,2021,1034486.6,936880.0,217
EC2A,2022,1232059.2,1100000.0,56
EC2A,2023,1078291.7,900450.0,132
EC2A,2024,1173708.7,927500.0,48
EC2A,2025,1014264.7,970000.0,17
EC2A,2026,220000.0,220000.0,1
EC2M,1998,170340.0,162500.0,25
EC2M,1999,242500.0,222500.0,6
EC2M,2000,1500000.0,1500000.0,1
EC2M,2001,268750.0,255000.0,14
EC2M,2002,250000.0,250000.0,1
EC2M,2003,150000.0,150000.0,2
EC2M,2004,288666.7,320000.0,3
EC2M,2005,260500.0,260000.0,4
EC2M,2006,295833.3,249500.0,3
EC2M,2007,443750.0,443750.0,2
EC2M,2008,350000.0,350000.0,1
EC2M,2009,236250.0,247500.0,4
EC2M,2010,362500.0,361500.0,3
EC2M,2011,1220888.9,1350000.0,9
EC2M,2012,739416.7,497500.0,3
EC2M,2013,1545000.0,1395000.0,4
EC2M,2014,1090137.4,655000.0,8
EC2M,2015,520750.0,522500.0,4
EC2M,2016,631750.0,631750.0,1
EC2M,2017,552500.0,552500.0,2
EC2M,2019,615000.0,615000.0,1
EC2M,2020,959666.7,575000.0,3
EC2M,2022,1230000.0,1230000.0,1
EC2M,2023,720000.0,720000.0,1
EC2M,2024,2200000.0,2200000.0,1
EC2M,2025,2084000.0,2084000.0,1
EC2R,2007,1383333.3,1000000.0,3
EC2R,2008,900000.0,900000.0,1
EC2R,2010,695000.0,695000.0,1
EC2R,2011,1265000.0,1265000.0,2
EC2R,2013,775000.0,775000.0,1
EC2R,2015,50000.0,50000.0,1
EC2R,2021,899000.0,899000.0,1
EC2R,2024,1440000.0,1440000.0,2
EC2V,2005,1900000.0,1900000.0,1
EC2V,2006,233750.0,240000.0,4
EC2V,2007,250000.0,250000.0,1
EC2V,2015,200000.0,200000.0,1
EC2V,2016,300000.0,300000.0,1
EC2V,2018,1900000.0,1900000.0,1
EC2Y,1995,112162.7,105000.0,126
EC2Y,1996,117141.3,105000.0,152
EC2Y,1997,146776.8,135000.0,222
EC2Y,1998,170275.5,160000.0,174
EC2Y,1999,183308.9,172000.0,216
EC2Y,2000,246375.9,229000.0,135
EC2Y,2001,256111.9,235000.0,151
EC2Y,2002,294441.2,275000.0,152
EC2Y,2003,325627.0,280000.0,151
EC2Y,2004,347451.7,324500.0,128
EC2Y,2005,349688.3,330000.0,136
EC2Y,2006,420072.6,392000.0,115
EC2Y,2007,523730.8,482500.0,107
EC2Y,2008,483628.8,460000.0,33
EC2Y,2009,499864.2,475000.0,81
EC2Y,2010,556077.7,499972.5,126
EC2Y,2011,519710.0,495000.0,105
EC2Y,2012,568780.3,530000.0,70
EC2Y,2013,815954.6,625000.0,298
EC2Y,2014,941020.9,762260.0,153
EC2Y,2015,988509.0,827025.0,150
EC2Y,2016,1046864.0,861500.0,82
EC2Y,2017,1008084.9,852500.0,146
EC2Y,2018,934671.5,755000.0,104
EC2Y,2019,921158.1,815000.0,68
EC2Y,2020,909916.7,808500.0,60
EC2Y,2021,965705.3,800000.0,95
EC2Y,2022,896857.1,810000.0,84
EC2Y,2023,1030529.2,875000.0,81
EC2Y,2024,964297.6,865000.0,84
EC2Y,2025,985982.6,872000.0,75
EC2Y,2026,700500.0,700500.0,2
EC3A,1996,158083.3,158750.0,6
EC3A,1997,93333.3,130000.0,3
EC3A,1999,278750.0,247500.0,8
EC3A,2000,207056.2,195000.0,8
EC3A,2001,246763.2,246500.0,8
EC3A,2002,264166.7,260000.0,9
EC3A,2003,269166.7,260000.0,6
EC3A,2004,333750.0,333750.0,2
EC3A,2005,298900.0,315000.0,5
EC3A,2006,342500.0,320000.0,3
EC3A,2007,462375.0,423500.0,4
EC3A,2009,338666.7,331000.0,3
EC3A,2011,512525.2,472550.5,4
EC3A,2012,375000.0,375000.0,1
EC3A,2013,459975.0,459975.0,2
EC3A,2014,625000.0,625000.0,1
EC3A,2016,1200000.0,1200000.0,1
EC3A,2017,585000.0,585000.0,1
EC3A,2018,500000.0,500000.0,1
EC3A,2021,1732640.1,1282575.0,34
EC3A,2022,1889557.8,1510000.0,27
EC3A,2023,1794532.1,1651775.0,14
EC3A,2024,2126640.0,2045000.0,10
EC3A,2025,1778250.0,1496500.0,4
EC3M,1998,975000.0,975000.0,1
EC3M,2014,60000.0,60000.0,1
EC3M,2022,1225000.0,1225000.0,1
EC3N,1996,150000.0,150000.0,1
EC3N,1997,150000.0,155000.0,7
EC3N,1998,270672.7,218000.0,11
EC3N,1999,251308.9,249950.0,23
EC3N,2000,452000.0,307500.0,8
EC3N,2001,475000.0,360000.0,4
EC3N,2002,325887.1,322000.0,31
EC3N,2003,330580.7,325000.0,69
EC3N,2004,290500.0,290500.0,2
EC3N,2005,357035.7,335000.0,14
EC3N,2006,353926.2,335000.0,21
EC3N,2007,424996.7,380000.0,15
EC3N,2008,339000.0,322000.0,3
EC3N,2009,452499.7,484999.5,6
EC3N,2010,506666.7,410000.0,9
EC3N,2011,402500.0,352500.0,13
EC3N,2012,451320.6,420000.0,17
EC3N,2013,547190.0,587475.0,10
EC3N,2014,588328.6,580000.0,7
EC3N,2015,602500.0,622500.0,10
EC3N,2016,845333.3,680000.0,3
EC3N,2017,600285.7,560000.0,7
EC3N,2018,800875.0,795500.0,4
EC3N,2019,335000.0,335000.0,1
EC3N,2020,665000.0,625000.0,3
EC3N,2021,575400.0,550000.0,5
EC3N,2022,672083.3,637500.0,6
EC3N,2023,841208.6,829211.0,10
EC3N,2024,1005347.4,853125.0,84
EC3N,2025,780312.5,645000.0,8
EC3N,2026,482500.0,482500.0,1
EC3R,1997,254000.0,254000.0,1
EC3R,1999,225312.5,203750.0,8
EC3R,2000,200607.7,175000.0,52
EC3R,2001,104000.0,104000.0,1
EC3R,2002,291473.4,230000.0,15
EC3R,2003,209999.5,209999.5,2
EC3R,2004,258487.5,247475.0,4
EC3R,2005,322600.0,237000.0,5
EC3R,2006,296500.0,267000.0,9
EC3R,2009,325000.0,325000.0,1
EC3R,2010,354333.3,373000.0,3
EC3R,2011,505916.7,387500.0,6
EC3R,2012,597718.9,552500.0,8
EC3R,2013,665500.0,725000.0,5
EC3R,2014,711858.0,717750.0,25
EC3R,2015,936137.5,809100.0,16
EC3R,2016,630937.5,619375.0,4
EC3R,2017,820000.0,570000.0,3
EC3R,2018,1641121.3,956450.0,133
EC3R,2019,2188745.6,1815700.0,36
EC3R,2020,4483333.3,6350000.0,3
EC3R,2021,630000.0,620000.0,4
EC3R,2022,2884000.0,2840000.0,5
EC3R,2023,635625.0,658750.0,4
EC3R,2024,990600.0,1075000.0,5
EC3R,2025,610000.0,680000.0,3
EC3V,1996,176500.0,175000.0,5
EC3V,1998,120300.0,100000.0,5
EC3V,1999,150000.0,150000.0,1
EC3V,2000,211000.0,211000.0,1
EC3V,2002,198316.7,205000.0,3
EC3V,2003,374166.7,237500.0,3
EC3V,2004,250000.0,250000.0,1
EC3V,2006,247250.0,247250.0,2
EC3V,2009,237500.0,237500.0,2
EC3V,2011,485000.0,485000.0,1
EC3V,2012,535000.0,535000.0,2
EC3V,2013,687475.0,687475.0,2
EC3V,2015,890000.0,890000.0,1
EC3V,2020,942500.0,942500.0,2
EC4A,1995,236643.5,86250.0,10
EC4A,1996,137214.3,115000.0,7
EC4A,1997,113592.3,110000.0,13
EC4A,1998,214139.8,187500.0,54
EC4A,1999,171184.8,175000.0,46
EC4A,2000,197410.8,180000.0,31
EC4A,2001,458882.3,279000.0,13
EC4A,2002,224373.5,202500.0,17
EC4A,2003,240606.5,240000.0,23
EC4A,2004,245769.2,235000.0,13
EC4A,2005,267719.1,250000.0,34
EC4A,2006,364727.3,258000.0,11
EC4A,2007,390008.6,369950.0,21
EC4A,2008,426400.0,395000.0,9
EC4A,2009,275861.0,265000.0,8
EC4A,2010,417271.2,371500.0,16
EC4A,2011,502041.7,390000.0,12
EC4A,2012,420500.0,378000.0,8
EC4A,2013,722610.4,605500.0,32
EC4A,2014,957199.4,873000.0,55
EC4A,2015,1296794.6,993000.0,56
EC4A,2016,731166.7,706000.0,6
EC4A,2017,763863.3,545000.0,6
EC4A,2018,918833.3,672500.0,6
EC4A,2019,692700.0,682500.0,10
EC4A,2020,472500.0,455000.0,6
EC4A,2021,825968.8,815000.0,8
EC4A,2022,670333.3,500000.0,9
EC4A,2023,732071.4,625000.0,7
EC4A,2024,562311.1,565000.0,9
EC4A,2025,544722.2,537500.0,9
EC4A,2026,725000.0,725000.0,1
EC4M,1995,2500.0,2500.0,1
EC4M,1996,130000.0,130000.0,1
EC4M,1997,260000.0,260000.0,1
EC4M,1998,265178.1,260000.0,16
EC4M,1999,210250.0,210250.0,2
EC4M,2000,233500.0,244000.0,18
EC4M,2001,209208.3,191250.0,24
EC4M,2002,232500.0,230000.0,3
EC4M,2003,241875.0,245125.0,6
EC4M,2004,350000.0,350000.0,1
EC4M,2005,290500.0,306000.0,7
EC4M,2006,806666.7,900000.0,3
EC4M,2007,523893.9,430575.5,8
EC4M,2009,425000.0,425000.0,1
EC4M,2010,331250.0,331250.0,2
EC4M,2011,719659.1,470000.0,11
EC4M,2012,480000.0,480000.0,1
EC4M,2013,936600.0,795000.0,5
EC4M,2014,685463.3,497200.0,9
EC4M,2015,798035.7,765000.0,7
EC4M,2018,590000.0,590000.0,1
EC4M,2019,600000.0,600000.0,1
EC4M,2021,495000.0,510000.0,3
EC4M,2022,837000.0,910000.0,6
EC4M,2023,613865.3,660000.0,3
EC4M,2024,696666.7,700000.0,3
EC4M,2025,550000.0,550000.0,2
EC4N,1996,225000.0,225000.0,1
EC4N,2003,952000.0,952000.0,1
EC4N,2007,324564.0,324564.0,1
EC4R,1995,1055000.0,1055000.0,1
EC4R,2000,181071.4,165000.0,7
EC4R,2001,667500.0,667500.0,2
EC4R,2002,214000.0,214000.0,1
EC4R,2004,213791.5,170000.0,89
EC4R,2005,684375.0,690000.0,4
EC4R,2006,536555.6,480000.0,9
EC4R,2007,522500.0,522500.0,2
EC4R,2008,425000.0,425000.0,1
EC4R,2009,200000.0,200000.0,4
EC4R,2011,686000.0,828000.0,3
EC4R,2012,572486.4,570000.0,11
EC4R,2013,762800.2,425000.0,5
EC4R,2014,900000.0,900000.0,2
EC4R,2015,825000.0,825000.0,2
EC4R,2016,446666.7,400000.0,3
EC4R,2017,510000.0,510000.0,1
EC4R,2018,480000.0,480000.0,2
EC4R,2019,660000.0,660000.0,2
EC4R,2020,495000.0,495000.0,1
EC4R,2021,394200.0,394200.0,1
EC4R,2022,775000.0,775000.0,1
EC4R,2023,518333.3,465000.0,3
EC4R,2025,510000.0,470000.0,3
EC4V,1995,105500.0,105500.0,2
EC4V,1996,166384.6,150000.0,13
EC4V,1997,264687.5,123500.0,24
EC4V,1998,251267.7,232500.0,56
EC4V,1999,215481.9,180000.0,113
EC4V,2000,245289.1,225000.0,79
EC4V,2001,299454.2,252250.0,36
EC4V,2002,295314.3,266200.0,42
EC4V,2003,319740.4,314000.0,23
EC4V,2004,281280.0,260000.0,25
EC4V,2005,295833.3,285000.0,9
EC4V,2006,330318.2,300000.0,22
EC4V,2007,741256.3,407500.0,16
EC4V,2008,415539.4,365000.0,55
EC4V,2009,563070.5,485000.0,17
EC4V,2010,679852.4,365000.0,21
EC4V,2011,540979.6,430000.0,27
EC4V,2012,508727.3,420000.0,22
EC4V,2013,730892.1,456000.0,19
EC4V,2014,1030405.4,850000.0,35
EC4V,2015,713900.7,600000.0,31
EC4V,2016,990295.0,607475.0,10
EC4V,2017,734653.8,570500.0,13
EC4V,2018,521687.5,525250.0,8
EC4V,2019,642841.1,525000.0,7
EC4V,2020,892000.0,940000.0,5
EC4V,2021,839909.1,695000.0,11
EC4V,2022,1362442.9,555000.0,7
EC4V,2023,956660.3,877319.0,13
EC4V,2024,1631105.3,720000.0,15
EC4V,2025,601752.1,547500.0,14
EC4Y,1996,145666.7,142000.0,3
EC4Y,1997,154705.9,152500.0,17
EC4Y,1998,261800.0,275000.0,5
EC4Y,1999,197833.3,197500.0,3
EC4Y,2000,195000.0,195000.0,1
EC4Y,2001,223000.0,223000.0,2
EC4Y,2002,270666.7,267000.0,3
EC4Y,2003,477074.5,490000.0,61
EC4Y,2004,241916.7,234500.0,6
EC4Y,2005,429611.1,455000.0,9
EC4Y,2006,493607.1,484000.0,14
EC4Y,2007,612166.7,615000.0,6
EC4Y,2008,454733.3,380000.0,3
EC4Y,2009,695333.3,676000.0,3
EC4Y,2010,535625.0,565000.0,8
EC4Y,2011,722500.0,705000.0,3
EC4Y,2012,643285.4,685000.0,11
EC4Y,2013,678000.0,634000.0,16
EC4Y,2014,660618.8,610000.0,8
EC4Y,2015,715000.0,695000.0,5
EC4Y,2016,1021602.5,1021602.5,2
EC4Y,2017,931250.0,930000.0,4
EC4Y,2018,1081000.0,1118000.0,3
EC4Y,2019,935000.0,935000.0,1
EC4Y,2021,853200.0,880000.0,5
EC4Y,2022,763500.0,763500.0,2
EC4Y,2023,1060000.0,1032500.0,4
EC4Y,2024,835000.0,845000.0,3
EC4Y,2025,1700000.0,1700000.0,1
EC4Y,2026,870000.0,870000.0,1
EN1,1995,50202.4,45995.0,332
EN1,1996,51241.7,48000.0,294
EN1,1997,55995.9,52500.0,382
EN1,1998,60903.1,59000.0,368
EN1,1999,67241.7,64000.0,440
EN1,2000,87282.3,81000.0,386
EN1,2001,98163.7,93000.0,411
EN1,2002,118122.9,114747.5,446
EN1,2003,152674.5,139950.0,427
EN1,2004,156349.6,150000.0,384
EN1,2005,154795.0,150000.0,335
EN1,2006,165378.2,160500.0,432
EN1,2007,178588.6,170250.0,466
EN1,2008,175087.0,167176.5,216
EN1,2009,163941.9,160000.0,138
EN1,2010,173522.3,167000.0,154
EN1,2011,168478.2,167750.0,164
EN1,2012,172088.3,169500.0,158
EN1,2013,198226.6,187000.0,297
EN1,2014,224691.1,219997.5,416
EN1,2015,269773.5,249995.0,287
EN1,2016,277878.7,270000.0,259
EN1,2017,282037.0,275000.0,185
EN1,2018,283558.1,280000.0,159
EN1,2019,283354.9,275000.0,178
EN1,2020,281341.2,276000.0,160
EN1,2021,289286.8,277000.0,237
EN1,2022,288877.7,287500.0,191
EN1,2023,285288.9,275000.0,136
EN1,2024,290941.0,285000.0,143
EN1,2025,296590.4,295000.0,121
EN1,2026,260500.0,260500.0,2
EN10,1995,50252.6,40500.0,50
EN10,1996,57266.6,41750.0,86
EN10,1997,59227.2,45000.0,91
EN10,1998,54806.2,49250.0,83
EN10,1999,71184.6,59995.0,152
EN10,2000,73851.4,68500.0,111
EN10,2001,93456.7,78050.0,148
EN10,2002,113211.0,98875.0,138
EN10,2003,128401.0,125000.0,140
EN10,2004,156029.8,166475.0,260
EN10,2005,159700.5,167497.5,230
EN10,2006,154298.3,157000.0,209
EN10,2007,152884.0,150000.0,151
EN10,2008,151582.7,153000.0,76
EN10,2009,166971.5,135000.0,44
EN10,2010,155996.0,156000.0,103
EN10,2011,150632.2,148250.0,90
EN10,2012,153988.6,150000.0,76
EN10,2013,163008.5,151000.0,93
EN10,2014,176541.0,178000.0,136
EN10,2015,191283.2,195000.0,121
EN10,2016,218287.6,227000.0,123
EN10,2017,241789.7,240000.0,112
EN10,2018,226307.0,236250.0,100
EN10,2019,235919.4,236000.0,69
EN10,2020,214305.5,218000.0,73
EN10,2021,236183.3,237500.0,101
EN10,2022,236840.2,250000.0,83
EN10,2023,277044.4,250000.0,95
EN10,2024,249786.6,250000.0,79
EN10,2025,249972.3,240000.0,65
EN11,1995,43511.6,41500.0,64
EN11,1996,42552.1,40000.0,121
EN11,1997,50274.8,46000.0,139
EN11,1998,53675.6,50000.0,149
EN11,1999,62004.9,60000.0,177
EN11,2000,70775.5,70000.0,157
EN11,2001,79866.5,77000.0,157
EN11,2002,105230.6,104747.5,162
EN11,2003,127280.8,123000.0,132
EN11,2004,140453.2,138500.0,177
EN11,2005,154482.8,160000.0,213
EN11,2006,165061.9,158000.0,247
EN11,2007,171543.7,170000.0,205
EN11,2008,156199.0,155000.0,113
EN11,2009,156308.3,150000.0,124
EN11,2010,153969.3,152000.0,109
EN11,2011,146651.6,142000.0,91
EN11,2012,148721.9,146000.0,77
EN11,2013,150541.3,154000.0,94
EN11,2014,165458.1,165250.0,150
EN11,2015,186181.1,184000.0,149
EN11,2016,209230.4,210000.0,126
EN11,2017,225706.4,225000.0,123
EN11,2018,235374.6,238000.0,97
EN11,2019,226820.0,230000.0,111
EN11,2020,226089.7,227500.0,89
EN11,2021,229582.1,225000.0,137
EN11,2022,244930.0,240000.0,119
EN11,2023,240077.3,236000.0,90
EN11,2024,223983.6,227000.0,91
EN11,2025,232516.4,230000.0,94
EN11,2026,231000.0,231000.0,1
EN2,1995,66018.1,60000.0,223
EN2,1996,67909.8,58500.0,292
EN2,1997,70159.7,65000.0,426
EN2,1998,82533.4,74500.0,345
EN2,1999,83803.8,79000.0,347
EN2,2000,106324.2,99997.5,322
EN2,2001,131479.0,121000.0,463
EN2,2002,148621.3,140000.0,414
EN2,2003,171271.7,156500.0,344
EN2,2004,189562.8,168500.0,321
EN2,2005,187831.9,170000.0,252
EN2,2006,191344.3,173500.0,321
EN2,2007,227800.5,204950.0,345
EN2,2008,225002.1,215000.0,269
EN2,2009,198800.4,190000.0,153
EN2,2010,208786.9,200000.0,151
EN2,2011,207234.8,193500.0,169
EN2,2012,207148.8,189000.0,176
EN2,2013,241740.7,221500.0,224
EN2,2014,257507.5,235000.0,244
EN2,2015,299252.1,281500.0,288
EN2,2016,325122.8,318000.0,253
EN2,2017,334218.7,315000.0,176
EN2,2018,316630.0,300000.0,180
EN2,2019,330462.8,325000.0,172
EN2,2020,338047.1,312000.0,141
EN2,2021,327369.8,312000.0,267
EN2,2022,334283.4,316500.0,206
EN2,2023,369946.8,330000.0,129
EN2,2024,373037.6,335000.0,133
EN2,2025,332253.3,310000.0,172
EN2,2026,250333.3,253000.0,3
EN3,1995,40568.1,40250.0,266
EN3,1996,40335.7,40995.0,329
EN3,1997,44346.6,45000.0,254
EN3,1998,55158.9,53000.0,391
EN3,1999,61892.0,59000.0,443
EN3,2000,76699.2,74997.5,556
EN3,2001,88913.4,85000.0,555
EN3,2002,106822.7,106000.0,651
EN3,2003,121159.1,120250.0,478
EN3,2004,132595.4,135000.0,447
EN3,2005,141078.4,141000.0,373
EN3,2006,150677.2,147750.0,536
EN3,2007,151281.7,152000.0,468
EN3,2008,159927.0,160000.0,244
EN3,2009,133623.6,133909.0,107
EN3,2010,138625.6,140000.0,129
EN3,2011,132694.9,135000.0,119
EN3,2012,141115.2,142000.0,135
EN3,2013,142343.2,145000.0,173
EN3,2014,165885.7,165000.0,283
EN3,2015,187006.0,185000.0,294
EN3,2016,216398.1,220000.0,235
EN3,2017,228588.3,226750.0,230
EN3,2018,229534.0,235000.0,183
EN3,2019,262329.9,260000.0,254
EN3,2020,254096.8,250000.0,170
EN3,2021,240673.0,243500.0,205
EN3,2022,255449.2,251612.0,254
EN3,2023,238009.9,240000.0,140
EN3,2024,228229.8,230000.0,130
EN3,2025,243486.6,250000.0,94
EN3,2026,230000.0,230000.0,1
EN4,1995,55726.6,52000.0,137
EN4,1996,60371.0,55995.0,181
EN4,1997,63097.6,59250.0,218
EN4,1998,71267.3,66000.0,203
EN4,1999,89859.8,79000.0,249
EN4,2000,109341.2,105000.0,264
EN4,2001,154346.6,117500.0,227
EN4,2002,169983.1,148000.0,267
EN4,2003,187571.2,169975.0,238
EN4,2004,180500.2,166500.0,191
EN4,2005,191213.6,172000.0,196
EN4,2006,180981.5,175000.0,180
EN4,2007,243785.1,215500.0,240
EN4,2008,222736.0,205500.0,75
EN4,2009,240227.0,190000.0,77
EN4,2010,277926.0,216000.0,98
EN4,2011,232126.9,205000.0,77
EN4,2012,282940.7,206000.0,84
EN4,2013,273652.0,219000.0,122
EN4,2014,299688.5,265000.0,167
EN4,2015,360506.7,288500.0,130
EN4,2016,425458.9,352000.0,190
EN4,2017,437945.8,370000.0,215
EN4,2018,377889.2,320000.0,111
EN4,2019,347923.4,281000.0,124
EN4,2020,443629.3,345000.0,91
EN4,2021,510144.8,410000.0,189
EN4,2022,446712.9,350000.0,137
EN4,2023,492049.9,370000.0,109
EN4,2024,470048.7,386500.0,136
EN4,2025,402585.1,340000.0,90
EN4,2026,331166.7,325000.0,6
EN5,1995,63896.4,60000.0,195
EN5,1996,65244.6,58750.0,338
EN5,1997,67886.5,65000.0,354
EN5,1998,74480.1,74000.0,338
EN5,1999,92052.7,84950.0,415
EN5,2000,111317.4,105000.0,319
EN5,2001,124390.2,122000.0,365
EN5,2002,148857.8,140000.0,461
EN5,2003,168960.8,160000.0,297
EN5,2004,181901.8,173000.0,308
EN5,2005,191001.6,180000.0,251
EN5,2006,201102.8,189950.0,311
EN5,2007,225530.1,220000.0,386
EN5,2008,234393.9,225000.0,167
EN5,2009,207305.1,197250.0,136
EN5,2010,218341.7,217500.0,205
EN5,2011,219850.2,219000.0,155
EN5,2012,238290.4,227000.0,163
EN5,2013,240526.9,237000.0,219
EN5,2014,269876.4,250000.0,291
EN5,2015,290595.0,292500.0,227
EN5,2016,332894.2,328955.0,235
EN5,2017,350074.8,345000.0,238
EN5,2018,372934.8,370000.0,218
EN5,2019,350226.6,345000.0,173
EN5,2020,339923.3,350000.0,133
EN5,2021,364886.3,365000.0,219
EN5,2022,377292.0,369000.0,278
EN5,2023,361916.1,346000.0,158
EN5,2024,353049.8,350000.0,206
EN5,2025,358783.9,350000.0,172
EN5,2026,315000.0,315000.0,1
EN6,1995,61374.3,59500.0,89
EN6,1996,55171.1,53000.0,97
EN6,1997,60540.5,59950.0,125
EN6,1998,63439.9,63000.0,116
EN6,1999,77535.4,73000.0,139
EN6,2000,104283.1,100000.0,156
EN6,2001,112429.4,109500.0,136
EN6,2002,134931.7,135000.0,162
EN6,2003,150462.6,149950.0,137
EN6,2004,175744.6,170000.0,158
EN6,2005,169345.2,168000.0,133
EN6,2006,179440.1,166500.0,128
EN6,2007,191862.2,178000.0,160
EN6,2008,195533.9,185000.0,84
EN6,2009,174043.6,165500.0,75
EN6,2010,191488.0,188000.0,76
EN6,2011,186918.8,173000.0,69
EN6,2012,205505.3,191000.0,102
EN6,2013,191950.0,182700.0,108
EN6,2014,245614.0,233000.0,181
EN6,2015,260855.8,260000.0,148
EN6,2016,298813.2,281500.0,162
EN6,2017,305522.8,305000.0,108
EN6,2018,292406.2,295000.0,73
EN6,2019,300047.9,290000.0,73
EN6,2020,285560.8,283000.0,65
EN6,2021,320140.8,317500.0,104
EN6,2022,281179.4,285000.0,109
EN6,2023,274590.2,275000.0,66
EN6,2024,280171.2,277500.0,66
EN6,2025,295956.0,295000.0,80
EN7,1995,47146.3,47500.0,15
EN7,1996,47573.9,49500.0,33
EN7,1997,51835.9,53000.0,45
EN7,1998,65637.8,59000.0,40
EN7,1999,60894.4,62500.0,55
EN7,2000,81391.3,75500.0,38
EN7,2001,88266.0,84975.0,54
EN7,2002,110297.5,105000.0,51
EN7,2003,118632.2,120000.0,49
EN7,2004,145347.1,137000.0,55
EN7,2005,137913.0,138000.0,42
EN7,2006,147904.1,149000.0,45
EN7,2007,160749.3,152500.0,48
EN7,2008,154921.6,147500.0,24
EN7,2009,197562.5,150500.0,16
EN7,2010,157558.8,133000.0,17
EN7,2011,133347.1,135500.0,19
EN7,2012,131374.7,123750.0,16
EN7,2013,152733.9,145000.0,31
EN7,2014,163804.6,164500.0,40
EN7,2015,200478.3,200500.0,24
EN7,2016,214797.5,208500.0,26
EN7,2017,249526.9,204997.5,18
EN7,2018,262704.5,238000.0,22
EN7,2019,245881.2,230000.0,23
EN7,2020,226916.7,230000.0,18
EN7,2021,240136.1,209000.0,22
EN7,2022,263291.2,255000.0,24
EN7,2023,238967.1,243000.0,19
EN7,2024,328590.6,348000.0,29
EN7,2025,217416.7,225500.0,12
EN8,1995,44789.1,44000.0,158
EN8,1996,44649.5,44866.0,196
EN8,1997,48241.5,49000.0,300
EN8,1998,53845.5,54000.0,302
EN8,1999,58723.1,59000.0,323
EN8,2000,72103.8,72000.0,311
EN8,2001,79336.6,81000.0,261
EN8,2002,104899.3,103000.0,343
EN8,2003,125166.2,126000.0,301
EN8,2004,140514.5,138750.0,372
EN8,2005,139972.9,135000.0,243
EN8,2006,149332.0,147000.0,348
EN8,2007,156994.8,154475.0,344
EN8,2008,145717.9,148000.0,163
EN8,2009,137233.4,138500.0,138
EN8,2010,138226.6,145000.0,137
EN8,2011,143214.8,142500.0,132
EN8,2012,141287.9,145000.0,112
EN8,2013,146294.3,148000.0,145
EN8,2014,160432.8,164972.5,250
EN8,2015,182705.2,186250.0,238
EN8,2016,212990.3,220000.0,293
EN8,2017,219350.0,215000.0,276
EN8,2018,223361.0,230000.0,187
EN8,2019,227638.3,235500.0,150
EN8,2020,224009.4,229000.0,133
EN8,2021,226941.2,229500.0,207
EN8,2022,235108.1,239000.0,181
EN8,2023,249749.9,245000.0,151
EN8,2024,230311.4,226250.0,140
EN8,2025,242136.7,240000.0,136
EN8,2026,189400.0,205000.0,5
EN9,1995,49667.2,52500.0,106
EN9,1996,51216.9,52600.0,83
EN9,1997,51526.4,53800.0,122
EN9,1998,55746.4,59000.0,117
EN9,1999,60024.7,60000.0,118
EN9,2000,84095.3,83750.0,206
EN9,2001,98753.7,90000.0,197
EN9,2002,110146.2,108500.0,160
EN9,2003,128213.8,133500.0,169
EN9,2004,133259.4,135000.0,154
EN9,2005,140275.3,145000.0,167
EN9,2006,139705.2,146000.0,160
EN9,2007,147244.8,145250.0,170
EN9,2008,149655.6,151000.0,62
EN9,2009,138308.6,142250.0,46
EN9,2010,141537.5,152000.0,53
EN9,2011,140993.9,148500.0,51
EN9,2012,137548.9,146000.0,62
EN9,2013,144407.5,151500.0,83
EN9,2014,163658.5,164000.0,121
EN9,2015,189769.3,190000.0,120
EN9,2016,215444.2,211000.0,123
EN9,2017,242837.9,245500.0,98
EN9,2018,258230.3,255000.0,146
EN9,2019,219312.6,220000.0,78
EN9,2020,230677.3,232000.0,68
EN9,2021,253939.6,251000.0,116
EN9,2022,256498.5,252108.0,126
EN9,2023,257683.8,255000.0,92
EN9,2024,259632.5,251500.0,88
EN9,2025,231472.3,220000.0,77
EN9,2026,210000.0,210000.0,1
HA0,1995,48301.1,48000.0,193
HA0,1996,48761.2,49995.0,329
HA0,1997,55264.5,54950.0,372
HA0,1998,62627.7,60250.0,332
HA0,1999,71973.2,70000.0,358
HA0,2000,89630.9,86000.0,395
HA0,2001,101047.5,96000.0,359
HA0,2002,123965.5,124000.0,375
HA0,2003,148078.7,151000.0,358
HA0,2004,163935.3,167000.0,268
HA0,2005,161133.6,164500.0,227
HA0,2006,169243.9,170000.0,298
HA0,2007,198583.0,195000.0,311
HA0,2008,203236.7,200000.0,181
HA0,2009,165589.0,170000.0,73
HA0,2010,175431.6,170500.0,133
HA0,2011,187851.3,190000.0,119
HA0,2012,191123.3,190500.0,144
HA0,2013,190263.1,192500.0,140
HA0,2014,203913.2,204000.0,170
HA0,2015,291870.4,275000.0,421
HA0,2016,317456.2,310000.0,237
HA0,2017,323700.0,325000.0,186
HA0,2018,289447.3,290000.0,129
HA0,2019,279444.4,280000.0,90
HA0,2020,303764.4,309500.0,124
HA0,2021,304223.0,303500.0,178
HA0,2022,395622.1,372200.0,280
HA0,2023,438464.6,415000.0,279
HA0,2024,336212.7,320000.0,136
HA0,2025,423202.5,404200.0,215
HA0,2026,323750.0,323750.0,2
HA1,1995,62740.1,56000.0,243
HA1,1996,64485.8,57250.0,319
HA1,1997,72394.2,64000.0,433
HA1,1998,83907.7,74500.0,447
HA1,1999,107939.6,90000.0,503
HA1,2000,119192.5,106750.0,396
HA1,2001,143582.1,129000.0,477
HA1,2002,160327.0,148450.0,553
HA1,2003,181942.4,170000.0,443
HA1,2004,200300.5,183000.0,399
HA1,2005,197761.7,180000.0,316
HA1,2006,204952.9,189000.0,421
HA1,2007,220845.8,210000.0,476
HA1,2008,216701.8,212500.0,224
HA1,2009,195989.6,185000.0,135
HA1,2010,214491.4,211000.0,181
HA1,2011,217872.4,215250.0,196
HA1,2012,215302.4,200000.0,266
HA1,2013,227941.1,220000.0,277
HA1,2014,252771.2,246000.0,301
HA1,2015,288316.3,280000.0,370
HA1,2016,335909.6,325000.0,277
HA1,2017,341053.3,348000.0,418
HA1,2018,382012.4,370000.0,583
HA1,2019,390599.4,385000.0,631
HA1,2020,370859.4,380725.0,421
HA1,2021,352261.6,350000.0,403
HA1,2022,379132.2,364975.0,394
HA1,2023,350883.7,333375.0,360
HA1,2024,363316.5,350000.0,284
HA1,2025,351107.4,345000.0,257
HA1,2026,252500.0,252500.0,2
HA2,1995,50614.8,48500.0,161
HA2,1996,51879.8,50000.0,193
HA2,1997,57951.0,55950.0,295
HA2,1998,67704.6,66000.0,314
HA2,1999,76576.1,74250.0,290
HA2,2000,94777.2,90000.0,274
HA2,2001,110072.0,105000.0,293
HA2,2002,135299.0,130000.0,267
HA2,2003,151429.6,149000.0,295
HA2,2004,166242.0,164000.0,264
HA2,2005,192204.3,172250.0,276
HA2,2006,203906.5,182000.0,340
HA2,2007,195815.1,188000.0,319
HA2,2008,192079.7,185500.0,268
HA2,2009,175278.5,171000.0,247
HA2,2010,187532.9,187500.0,135
HA2,2011,189456.0,192500.0,157
HA2,2012,190573.9,190000.0,180
HA2,2013,200556.0,196000.0,179
HA2,2014,231749.3,230000.0,243
HA2,2015,259037.8,265000.0,287
HA2,2016,289551.0,290000.0,217
HA2,2017,283289.6,285000.0,142
HA2,2018,310535.4,305000.0,203
HA2,2019,291194.0,300000.0,314
HA2,2020,326704.4,325000.0,200
HA2,2021,310425.5,300000.0,193
HA2,2022,309423.3,315000.0,163
HA2,2023,286944.4,290000.0,137
HA2,2024,280459.0,285000.0,148
HA2,2025,289468.5,301250.0,94
HA2,2026,275000.0,275000.0,1
HA3,1995,49115.0,50000.0,161
HA3,1996,49729.6,48750.0,194
HA3,1997,56085.8,55000.0,291
HA3,1998,65817.5,65750.0,282
HA3,1999,74578.8,72826.0,288
HA3,2000,86041.1,84000.0,301
HA3,2001,105132.2,99000.0,311
HA3,2002,132477.7,125000.0,262
HA3,2003,175280.5,148000.0,347
HA3,2004,169666.6,161654.0,286
HA3,2005,184255.8,169975.0,202
HA3,2006,181931.0,175000.0,335
HA3,2007,197907.2,194000.0,344
HA3,2008,197163.8,197500.0,157
HA3,2009,205675.7,175000.0,107
HA3,2010,180221.1,175000.0,150
HA3,2011,202181.2,194000.0,134
HA3,2012,203691.0,182000.0,117
HA3,2013,210039.8,200000.0,169
HA3,2014,225597.0,215000.0,222
HA3,2015,254516.3,252500.0,242
HA3,2016,294348.5,300000.0,268
HA3,2017,286021.1,280000.0,113
HA3,2018,276391.1,275500.0,118
HA3,2019,273939.1,275000.0,128
HA3,2020,296825.5,290000.0,121
HA3,2021,287979.1,280000.0,151
HA3,2022,327270.1,316250.0,150
HA3,2023,292637.7,306000.0,102
HA3,2024,274278.9,275000.0,165
HA3,2025,280884.5,271250.0,100
HA4,1995,61393.0,59250.0,157
HA4,1996,52590.7,54000.0,169
HA4,1997,64275.4,64000.0,179
HA4,1998,71917.7,73000.0,192
HA4,1999,97629.5,85000.0,290
HA4,2000,122823.4,105000.0,217
HA4,2001,132422.9,120000.0,194
HA4,2002,147573.8,134250.0,270
HA4,2003,165905.3,162750.0,264
HA4,2004,183176.4,175000.0,233
HA4,2005,182614.8,173000.0,213
HA4,2006,195712.8,182000.0,235
HA4,2007,207319.9,204000.0,241
HA4,2008,217432.4,212500.0,179
HA4,2009,200502.1,195000.0,165
HA4,2010,206085.2,207000.0,164
HA4,2011,217315.9,215000.0,190
HA4,2012,237234.3,231250.0,218
HA4,2013,239175.5,235000.0,216
HA4,2014,266417.2,267000.0,280
HA4,2015,285925.9,290500.0,240
HA4,2016,322219.2,335000.0,226
HA4,2017,355812.3,360000.0,277
HA4,2018,321929.8,320000.0,171
HA4,2019,320767.9,315000.0,205
HA4,2020,331186.3,330000.0,166
HA4,2021,344007.3,343000.0,327
HA4,2022,353230.6,350000.0,254
HA4,2023,344194.1,342500.0,213
HA4,2024,324109.5,335000.0,119
HA4,2025,326624.3,325000.0,132
HA4,2026,310250.0,325500.0,4
HA5,1995,75588.3,70495.0,202
HA5,1996,67311.3,65000.0,231
HA5,1997,76482.2,71750.0,271
HA5,1998,90755.7,82125.0,266
HA5,1999,96870.0,91000.0,288
HA5,2000,123568.0,117000.0,247
HA5,2001,153780.2,135000.0,345
HA5,2002,174141.0,157500.0,269
HA5,2003,180623.9,177950.0,275
HA5,2004,198315.7,187250.0,284
HA5,2005,223800.4,196000.0,219
HA5,2006,222194.3,210000.0,336
HA5,2007,234059.2,224500.0,278
HA5,2008,256665.0,246500.0,174
HA5,2009,218774.8,208000.0,153
HA5,2010,230927.8,224000.0,176
HA5,2011,230702.3,230000.0,131
HA5,2012,241873.7,240000.0,173
HA5,2013,251326.6,241500.0,211
HA5,2014,284764.7,279950.0,221
HA5,2015,322654.9,325000.0,301
HA5,2016,357603.4,366000.0,203
HA5,2017,367277.1,350000.0,155
HA5,2018,393728.4,375000.0,141
HA5,2019,352837.8,350000.0,152
HA5,2020,366761.5,352750.0,104
HA5,2021,368154.6,360000.0,213
HA5,2022,368448.8,370000.0,199
HA5,2023,370006.9,358750.0,156
HA5,2024,395786.1,370000.0,139
HA5,2025,366335.8,370000.0,104
HA6,1995,72933.6,60000.0,113
HA6,1996,84168.8,75000.0,159
HA6,1997,96151.1,77000.0,185
HA6,1998,108932.7,89250.0,162
HA6,1999,115272.6,88000.0,199
HA6,2000,148764.2,124950.0,201
HA6,2001,171315.8,139500.0,168
HA6,2002,215510.4,177000.0,193
HA6,2003,209650.9,174500.0,162
HA6,2004,219753.3,190000.0,177
HA6,2005,243711.4,216000.0,127
HA6,2006,245111.2,207000.0,157
HA6,2007,244501.3,220000.0,153
HA6,2008,298937.1,250000.0,116
HA6,2009,288415.4,280000.0,113
HA6,2010,255832.4,235000.0,102
HA6,2011,279371.6,240000.0,93
HA6,2012,258404.1,235000.0,85
HA6,2013,342661.1,269500.0,102
HA6,2014,322706.0,282500.0,139
HA6,2015,364976.5,332000.0,123
HA6,2016,494876.5,465000.0,119
HA6,2017,432712.2,410000.0,90
HA6,2018,514337.6,460000.0,85
HA6,2019,434194.9,425000.0,83
HA6,2020,408487.6,388500.0,70
HA6,2021,474103.4,460000.0,132
HA6,2022,515609.2,469750.0,114
HA6,2023,482452.5,463500.0,100
HA6,2024,480633.1,422500.0,84
HA6,2025,467511.0,410000.0,77
HA6,2026,375500.0,387500.0,4
HA7,1995,75785.4,60000.0,85
HA7,1996,90788.4,68000.0,141
HA7,1997,87354.6,69950.0,141
HA7,1998,128856.9,86000.0,156
HA7,1999,131703.0,103750.0,146
HA7,2000,161263.5,129000.0,159
HA7,2001,158833.2,151000.0,151
HA7,2002,220975.6,192000.0,239
HA7,2003,239004.6,210000.0,222
HA7,2004,264230.7,230000.0,191
HA7,2005,225389.1,227249.5,148
HA7,2006,252388.5,220000.0,203
HA7,2007,280873.5,249950.0,202
HA7,2008,303182.8,288725.0,126
HA7,2009,241672.0,230000.0,66
HA7,2010,268099.4,250000.0,161
HA7,2011,282567.0,249500.0,144
HA7,2012,289670.9,265000.0,144
HA7,2013,343389.8,295000.0,198
HA7,2014,454221.3,357500.0,189
HA7,2015,443200.4,375000.0,257
HA7,2016,414715.0,402500.0,208
HA7,2017,442116.9,445000.0,207
HA7,2018,395225.4,380000.0,145
HA7,2019,372453.7,350500.0,156
HA7,2020,405022.4,350000.0,131
HA7,2021,467717.3,410500.0,217
HA7,2022,452350.0,411000.0,168
HA7,2023,463190.0,425000.0,117
HA7,2024,421919.8,370000.0,172
HA7,2025,412687.3,370000.0,106
HA7,2026,300760.0,294500.0,3
HA8,1995,53899.5,50000.0,176
HA8,1996,59980.6,53000.0,205
HA8,1997,69135.6,58000.0,268
HA8,1998,74338.6,65000.0,246
HA8,1999,88135.9,78500.0,291
HA8,2000,108988.2,92000.0,285
HA8,2001,127124.7,113475.0,294
HA8,2002,146284.8,134000.0,273
HA8,2003,174294.3,158000.0,261
HA8,2004,207541.6,186250.0,318
HA8,2005,199866.6,174975.0,254
HA8,2006,191406.0,183000.0,277
HA8,2007,214002.7,205000.0,332
HA8,2008,218323.6,217500.0,227
HA8,2009,198218.9,182500.0,160
HA8,2010,210964.4,211375.0,245
HA8,2011,225923.1,221250.0,174
HA8,2012,229828.1,220000.0,187
HA8,2013,245106.0,215000.0,159
HA8,2014,265576.1,249950.0,330
HA8,2015,296534.7,300000.0,380
HA8,2016,334514.9,320937.5,502
HA8,2017,330360.8,330000.0,171
HA8,2018,324540.9,315000.0,131
HA8,2019,311719.5,300000.0,144
HA8,2020,298281.5,295000.0,146
HA8,2021,362461.7,333000.0,219
HA8,2022,353111.0,340000.0,224
HA8,2023,339333.0,325000.0,163
HA8,2024,321930.5,315000.0,131
HA8,2025,311839.5,300000.0,123
HA8,2026,231250.0,214000.0,6
HA9,1995,43053.5,43500.0,176
HA9,1996,45491.7,44000.0,167
HA9,1997,57140.6,56000.0,219
HA9,1998,61862.0,59000.0,227
HA9,1999,78915.6,70250.0,310
HA9,2000,99478.3,89000.0,334
HA9,2001,112124.2,110000.0,270
HA9,2002,145563.6,137150.0,325
HA9,2003,160404.9,159995.0,281
HA9,2004,181510.0,185372.0,400
HA9,2005,199561.1,199000.0,314
HA9,2006,176796.4,172500.0,182
HA9,2007,194431.9,190000.0,231
HA9,2008,213438.3,209000.0,197
HA9,2009,194984.6,175000.0,92
HA9,2010,211480.6,210000.0,237
HA9,2011,209297.2,207000.0,157
HA9,2012,199477.7,204500.0,152
HA9,2013,224601.7,220000.0,198
HA9,2014,235720.7,240000.0,257
HA9,2015,287814.6,280000.0,247
HA9,2016,347876.4,335000.0,468
HA9,2017,420732.5,407680.0,497
HA9,2018,303944.5,301750.0,244
HA9,2019,222715.5,165250.0,254
HA9,2020,371116.9,360000.0,208
HA9,2021,357518.1,350000.0,228
HA9,2022,387435.0,380500.0,392
HA9,2023,335759.4,312000.0,161
HA9,2024,312198.2,300000.0,170
HA9,2025,438520.4,429712.5,266
HA9,2026,362500.0,362500.0,2
IG1,1995,43747.6,44487.0,316
IG1,1996,40020.7,39500.0,222
IG1,1997,45477.1,44975.0,322
IG1,1998,50043.6,49995.0,319
IG1,1999,55411.0,53972.5,368
IG1,2000,67658.1,65000.0,336
IG1,2001,77336.8,74747.5,326
IG1,2002,107018.4,102000.0,422
IG1,2003,130704.8,127250.0,450
IG1,2004,149312.4,148250.0,304
IG1,2005,165275.0,165000.0,402
IG1,2006,190018.0,185000.0,495
IG1,2007,182081.6,170000.0,375
IG1,2008,178396.6,180000.0,203
IG1,2009,184177.0,175000.0,132
IG1,2010,184851.4,182000.0,295
IG1,2011,141646.5,143000.0,75
IG1,2012,151485.7,160000.0,98
IG1,2013,152807.2,150000.0,133
IG1,2014,173410.0,173000.0,283
IG1,2015,198792.5,195000.0,240
IG1,2016,226448.8,228750.0,238
IG1,2017,248047.2,245000.0,156
IG1,2018,309276.8,297000.0,273
IG1,2019,208498.8,208000.0,285
IG1,2020,220915.2,225000.0,89
IG1,2021,201425.1,200000.0,239
IG1,2022,250008.0,250000.0,140
IG1,2023,277489.4,250000.0,109
IG1,2024,255639.9,257500.0,139
IG1,2025,234211.2,235000.0,98
IG1,2026,180000.0,180000.0,1
IG10,1995,63490.1,56000.0,116
IG10,1996,57247.8,54000.0,180
IG10,1997,56389.1,53250.0,160
IG10,1998,63321.4,59999.0,165
IG10,1999,71369.1,66995.0,161
IG10,2000,83582.4,78500.0,173
IG10,2001,93787.6,90000.0,189
IG10,2002,115384.7,109997.5,202
IG10,2003,137375.9,135000.0,181
IG10,2004,170803.0,160000.0,215
IG10,2005,185659.5,169500.0,183
IG10,2006,173634.6,163000.0,180
IG10,2007,180229.3,174250.0,184
IG10,2008,185649.1,184075.0,102
IG10,2009,172080.6,161700.0,73
IG10,2010,182023.9,179000.0,115
IG10,2011,189236.2,175000.0,98
IG10,2012,196820.8,189000.0,120
IG10,2013,213901.6,197500.0,152
IG10,2014,212861.9,195000.0,169
IG10,2015,251110.9,240000.0,137
IG10,2016,316726.6,306000.0,165
IG10,2017,360242.2,372956.0,219
IG10,2018,338107.7,325000.0,149
IG10,2019,318727.1,315000.0,117
IG10,2020,342217.5,321250.0,102
IG10,2021,323935.9,310000.0,138
IG10,2022,346109.9,335000.0,135
IG10,2023,360571.0,360000.0,191
IG10,2024,359965.7,365000.0,189
IG10,2025,340769.7,339500.0,132
IG10,2026,330000.0,330000.0,2
IG11,1995,35611.6,35000.0,67
IG11,1996,38239.3,39950.0,168
IG11,1997,42124.3,42500.0,330
IG11,1998,49533.2,49997.5,248
IG11,1999,51642.7,52000.0,261
IG11,2000,64995.1,59995.0,355
IG11,2001,74701.8,72500.0,379
IG11,2002,95663.0,90000.0,377
IG11,2003,121227.3,119000.0,372
IG11,2004,141886.6,135000.0,412
IG11,2005,127477.8,127500.0,249
IG11,2006,139513.8,138000.0,304
IG11,2007,168047.9,165000.0,645
IG11,2008,166116.4,165000.0,214
IG11,2009,138006.8,138250.0,234
IG11,2010,135438.6,135000.0,177
IG11,2011,138453.7,136000.0,143
IG11,2012,128553.8,130000.0,114
IG11,2013,135067.9,135000.0,186
IG11,2014,155387.2,157500.0,302
IG11,2015,174531.8,175000.0,413
IG11,2016,203827.5,202000.0,341
IG11,2017,248394.1,249995.0,415
IG11,2018,267059.9,257995.0,413
IG11,2019,247969.6,245000.0,269
IG11,2020,274620.8,274510.0,307
IG11,2021,267016.8,261000.0,441
IG11,2022,294805.7,299999.0,504
IG11,2023,305076.8,298995.0,333
IG11,2024,274918.3,260000.0,273
IG11,2025,245418.1,250000.0,179
IG2,1995,43164.2,45000.0,65
IG2,1996,45218.1,43000.0,51
IG2,1997,46863.4,46000.0,81
IG2,1998,53190.4,54250.0,82
IG2,1999,60918.6,60000.0,73
IG2,2000,67002.5,65000.0,100
IG2,2001,81466.0,79000.0,117
IG2,2002,105965.7,105997.5,128
IG2,2003,133601.1,130000.0,108
IG2,2004,183636.8,200000.0,265
IG2,2005,187458.6,165000.0,136
IG2,2006,160793.6,158000.0,103
IG2,2007,195016.3,191500.0,240
IG2,2008,188438.3,185000.0,149
IG2,2009,158627.6,159995.0,168
IG2,2010,170450.8,174000.0,161
IG2,2011,151833.3,150000.0,45
IG2,2012,169413.2,160000.0,49
IG2,2013,158087.2,156475.0,64
IG2,2014,193993.2,190500.0,83
IG2,2015,218744.9,229000.0,136
IG2,2016,276226.0,265000.0,171
IG2,2017,261546.9,270000.0,109
IG2,2018,267534.5,255000.0,90
IG2,2019,241030.6,235500.0,99
IG2,2020,267399.5,250000.0,46
IG2,2021,253320.2,251825.0,52
IG2,2022,271540.6,270000.0,61
IG2,2023,240253.4,232500.0,65
IG2,2024,222500.0,218500.0,59
IG2,2025,260024.6,260000.0,59
IG3,1995,38821.7,38500.0,88
IG3,1996,39896.4,38000.0,109
IG3,1997,42855.2,41750.0,128
IG3,1998,46073.3,45000.0,151
IG3,1999,52965.4,51000.0,143
IG3,2000,62134.9,60000.0,209
IG3,2001,71840.2,70000.0,170
IG3,2002,93432.2,92000.0,189
IG3,2003,117545.4,113000.0,156
IG3,2004,137568.2,133250.0,126
IG3,2005,136168.3,130000.0,123
IG3,2006,145798.2,143995.0,137
IG3,2007,168818.7,160000.0,150
IG3,2008,176020.8,175000.0,123
IG3,2009,152549.0,145647.5,142
IG3,2010,138020.8,137500.0,24
IG3,2011,139989.7,140000.0,29
IG3,2012,139404.9,135000.0,34
IG3,2013,146802.3,140000.0,43
IG3,2014,163392.6,158500.0,68
IG3,2015,184753.1,178000.0,78
IG3,2016,215407.8,200000.0,71
IG3,2017,234214.1,225000.0,75
IG3,2018,228245.3,231000.0,53
IG3,2019,217406.2,212500.0,48
IG3,2020,221323.7,228750.0,36
IG3,2021,237935.4,251000.0,68
IG3,2022,242397.5,220000.0,54
IG3,2023,263806.6,250000.0,37
IG3,2024,264310.9,250000.0,72
IG3,2025,286339.9,272500.0,50
IG3,2026,235000.0,235000.0,1
IG4,1995,58720.3,63000.0,19
IG4,1996,52921.9,53250.0,16
IG4,1997,58794.4,60000.0,27
IG4,1998,62538.3,64500.0,26
IG4,1999,70173.1,65000.0,24
IG4,2000,75926.4,71995.0,35
IG4,2001,97392.9,92750.0,28
IG4,2002,112700.0,110500.0,30
IG4,2003,152924.8,137250.0,30
IG4,2004,154679.5,153750.0,22
IG4,2005,146735.3,150000.0,17
IG4,2006,150074.8,142250.0,26
IG4,2007,170724.0,154000.0,31
IG4,2008,167710.3,157000.0,19
IG4,2009,156297.5,143725.0,20
IG4,2010,137464.3,126500.0,14
IG4,2011,135763.0,120000.0,15
IG4,2012,139663.6,132500.0,18
IG4,2013,160833.0,145000.0,15
IG4,2014,188041.5,191250.0,24
IG4,2015,175509.4,166250.0,26
IG4,2016,199637.8,187000.0,29
IG4,2017,213146.4,161275.0,14
IG4,2018,230833.3,227500.0,12
IG4,2019,235104.2,217500.0,24
IG4,2020,191111.5,162500.0,13
IG4,2021,166590.9,140000.0,11
IG4,2022,216406.2,176500.0,16
IG4,2023,194518.8,166000.0,16
IG4,2024,236000.0,250000.0,7
IG4,2025,192916.7,147750.0,12
IG5,1995,41698.4,42975.0,32
IG5,1996,48250.7,47512.5,36
IG5,1997,52253.4,51995.0,57
IG5,1998,59148.2,59950.0,56
IG5,1999,69231.4,64750.0,62
IG5,2000,76147.3,73750.0,44
IG5,2001,89124.4,87000.0,62
IG5,2002,112202.6,112500.0,70
IG5,2003,133815.8,136000.0,63
IG5,2004,147024.1,145000.0,74
IG5,2005,162588.3,149500.0,66
IG5,2006,183527.8,170000.0,103
IG5,2007,175662.4,178250.0,70
IG5,2008,167433.3,166250.0,30
IG5,2009,159329.5,156000.0,22
IG5,2010,166960.7,154000.0,27
IG5,2011,164899.6,162250.0,28
IG5,2012,159583.3,157500.0,18
IG5,2013,167187.5,165000.0,32
IG5,2014,176748.2,176250.0,40
IG5,2015,217419.0,222000.0,47
IG5,2016,249088.7,255000.0,31
IG5,2017,266107.0,279497.5,28
IG5,2018,278541.7,275000.0,36
IG5,2019,258729.1,270000.0,29
IG5,2020,305857.1,268500.0,14
IG5,2021,272657.9,285000.0,38
IG5,2022,250410.7,260078.5,48
IG5,2023,229474.1,265000.0,29
IG5,2024,247348.1,250000.0,27
IG5,2025,311696.4,321875.0,14
IG6,1995,48037.4,47500.0,65
IG6,1996,47577.4,46500.0,82
IG6,1997,52433.5,52000.0,93
IG6,1998,57503.2,59000.0,99
IG6,1999,67440.7,66000.0,120
IG6,2000,75583.6,75000.0,108
IG6,2001,86492.8,85000.0,111
IG6,2002,121207.9,117000.0,140
IG6,2003,141709.1,139000.0,135
IG6,2004,151466.8,146997.5,112
IG6,2005,170975.1,162500.0,151
IG6,2006,153822.5,155000.0,124
IG6,2007,183523.0,180000.0,131
IG6,2008,173310.4,170000.0,53
IG6,2009,151870.3,149000.0,55
IG6,2010,163713.6,159500.0,59
IG6,2011,181024.4,170000.0,57
IG6,2012,162195.5,162000.0,43
IG6,2013,197616.1,197500.0,102
IG6,2014,204686.3,195000.0,132
IG6,2015,217949.8,218500.0,106
IG6,2016,263845.0,269000.0,111
IG6,2017,282099.6,277500.0,167
IG6,2018,295075.3,286750.0,94
IG6,2019,269028.7,270000.0,59
IG6,2020,258432.8,264500.0,48
IG6,2021,288893.5,290000.0,92
IG6,2022,278004.9,282750.0,90
IG6,2023,274330.5,286250.0,64
IG6,2024,328513.5,290000.0,74
IG6,2025,316242.9,320000.0,67
IG7,1995,74602.4,59950.0,39
IG7,1996,73663.3,52999.0,59
IG7,1997,71399.4,49475.0,56
IG7,1998,68895.5,55000.0,65
IG7,1999,104814.0,67475.0,94
IG7,2000,134006.6,78250.0,96
IG7,2001,128986.9,86000.0,68
IG7,2002,141449.5,100000.0,69
IG7,2003,228371.0,157500.0,106
IG7,2004,196643.0,144000.0,91
IG7,2005,167175.6,149000.0,76
IG7,2006,220613.7,171000.0,79
IG7,2007,224683.9,187000.0,91
IG7,2008,235162.2,150000.0,40
IG7,2009,200976.3,170500.0,34
IG7,2010,234353.8,193000.0,26
IG7,2011,234709.9,170000.0,47
IG7,2012,238428.2,175000.0,47
IG7,2013,319773.9,179000.0,73
IG7,2014,358987.2,250000.0,97
IG7,2015,291542.7,250000.0,100
IG7,2016,350764.9,293000.0,81
IG7,2017,340744.3,296250.0,92
IG7,2018,429088.2,322500.0,72
IG7,2019,317467.2,277000.0,87
IG7,2020,351993.7,302500.0,64
IG7,2021,416632.2,325000.0,127
IG7,2022,473905.4,324000.0,74
IG7,2023,400631.8,307500.0,55
IG7,2024,397264.5,332500.0,88
IG7,2025,338529.4,301250.0,68
IG7,2026,300000.0,300000.0,1
IG8,1995,55465.3,55000.0,113
IG8,1996,67438.7,54500.0,131
IG8,1997,67774.2,59995.0,179
IG8,1998,80460.0,68000.0,182
IG8,1999,87709.4,79000.0,212
IG8,2000,123508.0,97500.0,201
IG8,2001,165070.8,125500.0,258
IG8,2002,188208.1,142500.0,296
IG8,2003,196225.0,160000.0,235
IG8,2004,233631.3,179995.0,274
IG8,2005,218120.5,189000.0,204
IG8,2006,216817.1,189972.5,240
IG8,2007,245130.4,224000.0,234
IG8,2008,240677.2,212500.0,141
IG8,2009,216372.7,208750.0,110
IG8,2010,259953.5,217000.0,165
IG8,2011,269789.8,234000.0,128
IG8,2012,241393.3,213000.0,128
IG8,2013,255265.5,232500.0,154
IG8,2014,291593.1,249995.0,226
IG8,2015,309257.0,285000.0,192
IG8,2016,340321.0,325000.0,183
IG8,2017,371590.8,326250.5,140
IG8,2018,349283.5,325000.0,119
IG8,2019,333168.1,321250.0,130
IG8,2020,350399.3,335000.0,111
IG8,2021,365316.6,335000.0,173
IG8,2022,375004.4,350000.0,167
IG8,2023,352930.9,321500.0,108
IG8,2024,383667.2,359000.0,140
IG8,2025,359818.2,347750.0,103
IG8,2026,266500.0,309500.0,3
KT1,1995,64391.7,59950.0,158
KT1,1996,71003.4,67000.0,216
KT1,1997,86234.9,79000.0,337
KT1,1998,94522.9,85000.0,258
KT1,1999,110122.5,102000.0,265
KT1,2000,167328.5,144950.0,289
KT1,2001,172461.3,148625.0,326
KT1,2002,209687.8,179950.0,351
KT1,2003,205395.5,190000.0,298
KT1,2004,237311.9,210000.0,325
KT1,2005,248659.1,215500.0,276
KT1,2006,245452.1,219000.0,329
KT1,2007,269549.8,249475.0,360
KT1,2008,257877.5,248000.0,127
KT1,2009,268853.6,230000.0,119
KT1,2010,258985.3,239975.0,162
KT1,2011,274244.7,247500.0,179
KT1,2012,285609.1,250000.0,195
KT1,2013,290680.5,261000.0,229
KT1,2014,353622.1,315000.0,244
KT1,2015,358328.5,335000.0,193
KT1,2016,408894.8,380750.0,196
KT1,2017,420993.3,375000.0,150
KT1,2018,391612.0,364250.0,150
KT1,2019,391132.2,375000.0,129
KT1,2020,419964.9,387000.0,171
KT1,2021,422731.1,399950.0,239
KT1,2022,528478.2,468500.0,271
KT1,2023,596877.5,562500.0,318
KT1,2024,420530.9,385000.0,152
KT1,2025,449690.7,406800.0,129
KT1,2026,430000.0,430000.0,2
KT10,1995,126547.3,95750.0,56
KT10,1996,94983.0,84000.0,59
KT10,1997,99551.0,92950.0,79
KT10,1998,107321.3,102750.0,54
KT10,1999,119980.0,112500.0,60
KT10,2000,128839.4,110500.0,52
KT10,2001,185771.8,155000.0,71
KT10,2002,248058.3,195000.0,60
KT10,2003,298833.3,235000.0,75
KT10,2004,333424.2,282500.0,91
KT10,2005,256895.6,212500.0,92
KT10,2006,385183.2,295000.0,131
KT10,2007,414199.6,347500.0,127
KT10,2008,324212.8,267500.0,58
KT10,2009,295719.3,223000.0,57
KT10,2010,307983.0,240000.0,88
KT10,2011,326754.3,245000.0,96
KT10,2012,378130.2,275000.0,63
KT10,2013,392064.6,288750.0,96
KT10,2014,417636.3,305000.0,107
KT10,2015,452147.3,349975.0,96
KT10,2016,440432.4,370000.0,103
KT10,2017,395559.5,300000.0,77
KT10,2018,390642.0,356050.0,50
KT10,2019,406338.5,335000.0,82
KT10,2020,424097.1,377775.0,68
KT10,2021,398526.2,357000.0,155
KT10,2022,424806.9,375000.0,87
KT10,2023,527476.2,399950.0,65
KT10,2024,427726.7,396000.0,85
KT10,2025,470276.2,406750.0,70
KT10,2026,575000.0,575000.0,2
KT11,1995,73846.5,65500.0,23
KT11,1996,77581.6,74000.0,41
KT11,1997,98187.1,72500.0,31
KT11,1998,102502.0,74950.0,33
KT11,1999,118760.6,100000.0,47
KT11,2000,127027.4,125000.0,31
KT11,2001,146175.0,116000.0,31
KT11,2002,217698.5,170000.0,62
KT11,2003,290186.4,285000.0,44
KT11,2004,370392.4,213000.0,59
KT11,2005,297545.0,188750.0,40
KT11,2006,263525.8,245000.0,71
KT11,2007,302798.6,287500.0,90
KT11,2008,237272.4,205000.0,29
KT11,2009,305071.4,300000.0,21
KT11,2010,302518.0,290000.0,25
KT11,2011,290079.2,234621.0,34
KT11,2012,282354.4,316250.0,32
KT11,2013,303189.5,235000.0,38
KT11,2014,379933.0,250000.0,51
KT11,2015,379519.1,357500.0,34
KT11,2016,420342.3,290000.0,26
KT11,2017,698887.5,382500.0,40
KT11,2018,1084057.9,950000.0,38
KT11,2019,535183.1,475000.0,57
KT11,2020,506909.7,407500.0,36
KT11,2021,539841.3,405000.0,64
KT11,2022,595807.3,495000.0,63
KT11,2023,720323.9,795000.0,71
KT11,2024,543430.9,440000.0,43
KT11,2025,518264.6,425000.0,41
KT12,1995,58794.3,55875.0,134
KT12,1996,59194.3,58625.0,152
KT12,1997,68875.5,63000.0,219
KT12,1998,79468.9,73000.0,208
KT12,1999,104891.3,86000.0,242
KT12,2000,122592.0,110000.0,231
KT12,2001,130565.8,121000.0,206
KT12,2002,160122.4,145500.0,256
KT12,2003,164334.3,160000.0,217
KT12,2004,182798.5,169250.0,240
KT12,2005,190470.6,178000.0,195
KT12,2006,190259.7,181000.0,226
KT12,2007,228198.9,217500.0,396
KT12,2008,214964.8,199975.0,158
KT12,2009,208485.7,199000.0,161
KT12,2010,217359.3,210000.0,141
KT12,2011,192862.1,184500.0,171
KT12,2012,216200.9,210000.0,135
KT12,2013,224791.2,220000.0,227
KT12,2014,236421.9,239950.0,274
KT12,2015,279862.8,275000.0,213
KT12,2016,323949.7,300000.0,266
KT12,2017,302907.8,300000.0,174
KT12,2018,274500.9,275000.0,215
KT12,2019,307457.7,290572.0,219
KT12,2020,327274.2,318068.0,186
KT12,2021,315675.2,311000.0,284
KT12,2022,333560.0,320000.0,275
KT12,2023,321628.9,300000.0,209
KT12,2024,305209.6,300000.0,174
KT12,2025,307653.0,300000.0,134
KT12,2026,335000.0,335000.0,2
KT13,1995,72450.9,67000.0,146
KT13,1996,82616.7,69000.0,164
KT13,1997,103572.7,79950.0,268
KT13,1998,109873.8,93000.0,259
KT13,1999,132550.1,112000.0,272
KT13,2000,178818.8,139975.0,244
KT13,2001,216730.6,169975.0,324
KT13,2002,225383.7,189475.0,302
KT13,2003,236035.1,215000.0,271
KT13,2004,257595.2,223090.0,244
KT13,2005,249678.1,226375.0,206
KT13,2006,262790.4,234000.0,325
KT13,2007,298199.4,250000.0,272
KT13,2008,306814.8,250000.0,131
KT13,2009,321424.5,240000.0,137
KT13,2010,328087.1,262500.0,142
KT13,2011,310678.3,267500.0,168
KT13,2012,276419.8,249950.0,140
KT13,2013,308845.0,260000.0,195
KT13,2014,321028.7,286250.0,238
KT13,2015,364001.1,322000.0,181
KT13,2016,504979.6,370000.0,223
KT13,2017,371412.7,346250.0,142
KT13,2018,359694.3,325000.0,175
KT13,2019,383661.9,330000.0,155
KT13,2020,368161.4,330000.0,167
KT13,2021,427353.5,357000.0,203
KT13,2022,429007.0,367000.0,200
KT13,2023,422886.3,369500.0,197
KT13,2024,397794.6,367500.0,191
KT13,2025,388870.3,362500.0,165
KT13,2026,393750.0,385000.0,4
KT14,1995,58239.8,57550.0,37
KT14,1996,55398.2,56000.0,55
KT14,1997,65189.7,60000.0,73
KT14,1998,71279.8,71500.0,59
KT14,1999,83751.6,79950.0,63
KT14,2000,92825.0,92125.0,50
KT14,2001,102736.3,105000.0,73
KT14,2002,129444.8,129950.0,77
KT14,2003,150495.3,148000.0,75
KT14,2004,172711.9,160000.0,63
KT14,2005,175767.3,166500.0,75
KT14,2006,204939.0,182000.0,97
KT14,2007,232497.5,204475.0,100
KT14,2008,265785.1,240397.0,131
KT14,2009,224485.2,200000.0,91
KT14,2010,223776.9,215000.0,71
KT14,2011,220651.1,200000.0,69
KT14,2012,195930.5,182500.0,61
KT14,2013,221046.2,193275.0,82
KT14,2014,228600.9,216000.0,113
KT14,2015,246305.2,247500.0,66
KT14,2016,262259.5,262750.0,74
KT14,2017,255611.9,249950.0,88
KT14,2018,270976.0,267000.0,73
KT14,2019,257106.4,255000.0,47
KT14,2020,273796.5,258000.0,57
KT14,2021,292270.0,256740.0,87
KT14,2022,302880.5,310000.0,65
KT14,2023,285801.0,245000.0,98
KT14,2024,312215.8,266250.0,76
KT14,2025,281736.4,257000.0,70
KT14,2026,250000.0,250000.0,1
KT15,1995,57191.4,52500.0,97
KT15,1996,57186.4,53500.0,127
KT15,1997,61303.4,57000.0,146
KT15,1998,67898.4,62000.0,136
KT15,1999,81958.9,70000.0,179
KT15,2000,92059.9,88500.0,147
KT15,2001,104525.9,95000.0,168
KT15,2002,120269.8,115000.0,187
KT15,2003,147400.3,136750.0,166
KT15,2004,157939.5,143500.0,150
KT15,2005,161536.1,150000.0,155
KT15,2006,191136.0,183975.0,232
KT15,2007,183970.2,178000.0,209
KT15,2008,190625.5,187000.0,127
KT15,2009,166424.5,162750.0,102
KT15,2010,187167.4,189975.0,118
KT15,2011,180507.6,179950.0,113
KT15,2012,165551.3,164500.0,142
KT15,2013,175948.8,176500.0,128
KT15,2014,191530.9,185000.0,186
KT15,2015,221963.9,219975.0,158
KT15,2016,245014.6,244500.0,142
KT15,2017,257512.5,265000.0,167
KT15,2018,263407.3,270000.0,123
KT15,2019,255719.6,259950.0,176
KT15,2020,266608.7,260950.0,147
KT15,2021,255133.6,250000.0,152
KT15,2022,248930.0,244375.0,150
KT15,2023,258117.8,245000.0,93
KT15,2024,258979.0,252471.0,156
KT15,2025,248630.4,255000.0,103
KT15,2026,225000.0,225000.0,1
KT16,1995,67033.5,54000.0,41
KT16,1996,65268.1,52500.0,72
KT16,1997,70317.6,53750.0,82
KT16,1998,87249.2,68500.0,84
KT16,1999,77244.4,73000.0,80
KT16,2000,104165.0,88975.0,60
KT16,2001,116105.6,102000.0,81
KT16,2002,144428.3,124000.0,111
KT16,2003,170708.5,154635.0,131
KT16,2004,188304.2,155000.0,113
KT16,2005,201592.8,189500.0,166
KT16,2006,192865.5,189995.0,168
KT16,2007,205138.6,187500.0,138
KT16,2008,240485.3,234582.5,92
KT16,2009,192390.3,175000.0,85
KT16,2010,194133.9,186495.0,72
KT16,2011,181040.3,178500.0,62
KT16,2012,189068.0,167500.0,61
KT16,2013,190225.0,194000.0,66
KT16,2014,215300.7,210000.0,109
KT16,2015,245986.8,245000.0,152
KT16,2016,266820.4,250000.0,122
KT16,2017,286899.8,276750.0,116
KT16,2018,285112.1,266000.0,160
KT16,2019,268673.5,255250.0,118
KT16,2020,267358.2,240000.0,92
KT16,2021,271298.5,253500.0,173
KT16,2022,302305.0,277497.5,184
KT16,2023,303296.3,290000.0,142
KT16,2024,303256.1,270000.0,277
KT16,2025,273002.1,265000.0,83
KT17,1995,56743.2,54000.0,96
KT17,1996,59310.7,56000.0,107
KT17,1997,65719.7,63250.0,122
KT17,1998,76924.2,74725.0,142
KT17,1999,82719.3,79950.0,142
KT17,2000,118127.8,114000.0,147
KT17,2001,131208.9,122500.0,156
KT17,2002,141826.8,140000.0,162
KT17,2003,169663.4,167000.0,137
KT17,2004,181767.7,170000.0,121
KT17,2005,195077.0,189950.0,131
KT17,2006,186604.0,178500.0,164
KT17,2007,221431.4,217250.0,244
KT17,2008,220584.7,215000.0,151
KT17,2009,192239.3,186000.0,132
KT17,2010,198458.1,200000.0,94
KT17,2011,196877.6,197000.0,107
KT17,2012,211704.4,210000.0,119
KT17,2013,212404.5,215000.0,127
KT17,2014,239008.3,247500.0,165
KT17,2015,290765.2,284000.0,182
KT17,2016,302439.7,315000.0,154
KT17,2017,305575.9,299975.0,170
KT17,2018,311678.4,300000.0,95
KT17,2019,308226.6,310000.0,111
KT17,2020,314147.2,316250.0,126
KT17,2021,335229.6,325000.0,203
KT17,2022,336305.0,337000.0,175
KT17,2023,333334.9,330000.0,133
KT17,2024,310718.4,320000.0,125
KT17,2025,313135.9,305000.0,96
KT17,2026,355000.0,355000.0,1
KT19,1995,53618.3,57500.0,57
KT19,1996,55419.1,56500.0,78
KT19,1997,63895.8,64500.0,121
KT19,1998,74413.6,75000.0,103
KT19,1999,82005.9,80750.0,144
KT19,2000,119474.7,107500.0,155
KT19,2001,148069.0,126000.0,193
KT19,2002,175656.2,145000.0,166
KT19,2003,177434.8,161500.0,151
KT19,2004,185876.5,175000.0,152
KT19,2005,218128.6,210000.0,180
KT19,2006,211256.1,196000.0,239
KT19,2007,227714.6,220000.0,327
KT19,2008,220378.2,217500.0,122
KT19,2009,183348.8,181250.0,88
KT19,2010,201792.4,199975.0,88
KT19,2011,211709.6,207000.0,113
KT19,2012,217975.8,210000.0,139
KT19,2013,234201.3,227750.0,234
KT19,2014,263281.4,250000.0,285
KT19,2015,265692.6,269950.0,155
KT19,2016,298285.2,298500.0,182
KT19,2017,304198.1,312000.0,163
KT19,2018,302817.8,308375.0,118
KT19,2019,311172.6,306000.0,123
KT19,2020,339040.1,320000.0,131
KT19,2021,313326.0,315000.0,183
KT19,2022,332490.5,338000.0,147
KT19,2023,326684.3,330000.0,115
KT19,2024,320202.8,320000.0,108
KT19,2025,323994.6,317000.0,101
KT2,1995,74264.5,65375.0,222
KT2,1996,75240.2,71000.0,249
KT2,1997,92404.7,87500.0,485
KT2,1998,111679.1,94950.0,341
KT2,1999,123397.2,107975.0,356
KT2,2000,141225.9,134250.0,300
KT2,2001,154307.4,144000.0,270
KT2,2002,188231.0,175000.0,382
KT2,2003,205591.3,195000.0,315
KT2,2004,232734.6,220000.0,491
KT2,2005,231879.0,217300.0,380
KT2,2006,228165.9,217000.0,411
KT2,2007,262853.9,249000.0,425
KT2,2008,253489.5,245000.0,158
KT2,2009,224525.2,225000.0,119
KT2,2010,253597.0,243500.0,220
KT2,2011,261564.1,247750.0,224
KT2,2012,284342.7,251500.0,168
KT2,2013,346307.4,290500.0,290
KT2,2014,406303.7,340000.0,488
KT2,2015,399689.5,355000.0,273
KT2,2016,398090.5,380000.0,221
KT2,2017,408265.6,385000.0,201
KT2,2018,422855.0,392475.0,322
KT2,2019,470970.9,442500.0,354
KT2,2020,403781.2,372500.0,154
KT2,2021,421606.6,380000.0,257
KT2,2022,454074.1,392500.0,216
KT2,2023,448237.0,405000.0,189
KT2,2024,442281.8,384000.0,200
KT2,2025,392701.8,375000.0,142
KT2,2026,372500.0,372500.0,2
KT20,1995,88029.6,77400.0,50
KT20,1996,89606.4,79250.0,66
KT20,1997,81165.9,69745.0,82
KT20,1998,97079.6,95000.0,81
KT20,1999,146384.2,95075.0,86
KT20,2000,171500.0,126000.0,89
KT20,2001,155153.9,112500.0,79
KT20,2002,166898.6,146500.0,100
KT20,2003,191144.2,181000.0,82
KT20,2004,223742.1,197475.0,86
KT20,2005,229966.9,182500.0,71
KT20,2006,209045.2,175000.0,90
KT20,2007,229860.1,203500.0,104
KT20,2008,231083.4,219950.0,55
KT20,2009,222697.2,196000.0,43
KT20,2010,225167.9,207500.0,56
KT20,2011,213410.0,174000.0,50
KT20,2012,220818.3,208000.0,49
KT20,2013,370258.1,250000.0,86
KT20,2014,288483.9,264995.0,103
KT20,2015,332075.0,280000.0,86
KT20,2016,354409.1,315000.0,99
KT20,2017,312920.2,285000.0,59
KT20,2018,328625.1,276500.0,56
KT20,2019,358218.6,320000.0,70
KT20,2020,365336.6,310000.0,71
KT20,2021,368145.5,305000.0,91
KT20,2022,339948.1,305000.0,107
KT20,2023,346439.9,300000.0,69
KT20,2024,351198.9,282500.0,76
KT20,2025,337808.5,290000.0,53
KT21,1995,66070.0,64000.0,25
KT21,1996,69503.5,62900.0,41
KT21,1997,79625.2,69000.0,67
KT21,1998,82078.1,80000.0,48
KT21,1999,85750.0,80000.0,41
KT21,2000,124994.2,107500.0,43
KT21,2001,147823.2,135000.0,41
KT21,2002,189183.3,157000.0,51
KT21,2003,172017.4,168000.0,43
KT21,2004,197717.6,177500.0,34
KT21,2005,196901.4,187500.0,36
KT21,2006,187935.1,189000.0,37
KT21,2007,211299.4,195000.0,57
KT21,2008,253316.0,235450.0,49
KT21,2009,196687.5,185500.0,36
KT21,2010,189178.7,195000.0,47
KT21,2011,224220.2,196875.0,42
KT21,2012,237351.1,236250.0,44
KT21,2013,240190.9,229500.0,44
KT21,2014,276433.6,278000.0,46
KT21,2015,296371.2,285000.0,40
KT21,2016,276239.6,268750.0,48
KT21,2017,341883.9,315000.0,27
KT21,2018,358753.8,350000.0,53
KT21,2019,292626.7,299000.0,45
KT21,2020,324529.7,312500.0,37
KT21,2021,358245.9,340000.0,49
KT21,2022,312148.7,317500.0,54
KT21,2023,304100.1,288750.0,44
KT21,2024,364285.4,375000.0,48
KT21,2025,316056.2,343000.0,24
KT22,1995,125786.3,57500.0,97
KT22,1996,70778.8,59950.0,97
KT22,1997,65692.7,59950.0,127
KT22,1998,84063.9,71950.0,107
KT22,1999,90075.2,78600.0,113
KT22,2000,105450.5,99950.0,117
KT22,2001,137384.8,122500.0,138
KT22,2002,164518.7,144000.0,135
KT22,2003,165744.9,150000.0,118
KT22,2004,187783.3,170000.0,114
KT22,2005,195405.2,184500.0,128
KT22,2006,220133.6,209995.0,332
KT22,2007,210127.7,204995.0,273
KT22,2008,211273.2,198300.0,86
KT22,2009,186507.6,173000.0,68
KT22,2010,203838.6,185000.0,97
KT22,2011,196754.8,185750.0,100
KT22,2012,200751.6,194000.0,96
KT22,2013,229739.0,205000.0,124
KT22,2014,271007.9,221000.0,170
KT22,2015,252328.8,250000.0,151
KT22,2016,286092.1,285000.0,145
KT22,2017,303245.6,285000.0,139
KT22,2018,319355.5,288000.0,165
KT22,2019,278474.8,275000.0,171
KT22,2020,274371.9,270000.0,153
KT22,2021,298650.0,268750.0,179
KT22,2022,291235.8,273000.0,192
KT22,2023,325160.0,290000.0,135
KT22,2024,333289.9,290000.0,176
KT22,2025,294769.2,270000.0,116
KT22,2026,492500.0,492500.0,2
KT23,1995,57815.9,56250.0,22
KT23,1996,61836.4,58250.0,22
KT23,1997,72772.0,65000.0,41
KT23,1998,82787.5,73750.0,44
KT23,1999,83117.0,78250.0,44
KT23,2000,105295.5,98050.0,22
KT23,2001,115956.5,107000.0,23
KT23,2002,160904.3,143500.0,35
KT23,2003,137337.8,139950.0,29
KT23,2004,156525.0,153750.0,28
KT23,2005,192742.7,178500.0,41
KT23,2006,174278.9,161250.0,38
KT23,2007,221687.4,212000.0,36
KT23,2008,246121.9,184500.0,16
KT23,2009,204284.1,174375.0,22
KT23,2010,191041.7,186250.0,12
KT23,2011,169965.6,160750.0,16
KT23,2012,202300.1,195000.0,17
KT23,2013,177448.3,172475.0,30
KT23,2014,209313.2,215000.0,19
KT23,2015,259286.6,228750.0,28
KT23,2016,291191.7,255000.0,23
KT23,2017,349734.2,310000.0,19
KT23,2018,282537.0,278000.0,27
KT23,2019,242767.6,230000.0,19
KT23,2020,251352.9,275000.0,17
KT23,2021,273765.4,222500.0,26
KT23,2022,305158.0,290000.0,25
KT23,2023,312631.6,295000.0,19
KT23,2024,320800.0,281000.0,20
KT23,2025,273086.4,255000.0,11
KT3,1995,54621.0,55750.0,102
KT3,1996,58873.6,59725.0,136
KT3,1997,63410.0,63250.0,198
KT3,1998,75179.7,72000.0,153
KT3,1999,85766.0,85000.0,193
KT3,2000,103589.7,104950.0,191
KT3,2001,114590.7,115975.0,162
KT3,2002,138383.5,138750.0,182
KT3,2003,159076.0,159000.0,159
KT3,2004,168560.7,169000.0,202
KT3,2005,177692.5,175000.0,167
KT3,2006,182513.8,176000.0,207
KT3,2007,208483.5,207000.0,206
KT3,2008,208112.0,217000.0,86
KT3,2009,171656.2,175000.0,73
KT3,2010,181365.3,179750.0,124
KT3,2011,205205.4,215000.0,83
KT3,2012,209915.9,215500.0,96
KT3,2013,229719.5,237500.0,129
KT3,2014,253772.7,265000.0,159
KT3,2015,278703.1,285000.0,146
KT3,2016,306156.4,305000.0,155
KT3,2017,315299.9,330000.0,84
KT3,2018,303395.6,311000.0,80
KT3,2019,371297.6,341750.0,170
KT3,2020,377316.9,363500.0,103
KT3,2021,385059.6,370000.0,171
KT3,2022,404737.5,390000.0,311
KT3,2023,372739.6,347500.0,118
KT3,2024,358237.2,345000.0,129
KT3,2025,369962.0,364625.0,100
KT3,2026,402000.0,402000.0,2
KT4,1995,52251.8,53000.0,81
KT4,1996,54024.9,54000.0,109
KT4,1997,59303.3,58750.0,148
KT4,1998,66784.6,66500.0,147
KT4,1999,77056.5,76000.0,175
KT4,2000,99568.3,98500.0,145
KT4,2001,106511.3,103500.0,155
KT4,2002,134134.3,130000.0,190
KT4,2003,152444.3,150000.0,157
KT4,2004,164134.6,161279.0,172
KT4,2005,178452.1,167000.0,128
KT4,2006,189639.9,179000.0,169
KT4,2007,208317.8,200000.0,172
KT4,2008,202105.0,195000.0,76
KT4,2009,174558.3,174000.0,65
KT4,2010,196736.3,195000.0,70
KT4,2011,194973.2,188500.0,73
KT4,2012,195082.0,199000.0,82
KT4,2013,206019.0,204000.0,111
KT4,2014,234378.7,240000.0,137
KT4,2015,262202.2,264000.0,134
KT4,2016,294547.7,296000.0,111
KT4,2017,308228.2,319000.0,108
KT4,2018,292147.9,298000.0,81
KT4,2019,292104.8,290000.0,83
KT4,2020,295946.5,295000.0,57
KT4,2021,295673.6,300000.0,103
KT4,2022,345546.1,350000.0,146
KT4,2023,308203.7,316500.0,82
KT4,2024,297905.7,300000.0,81
KT4,2025,312733.9,320000.0,55
KT4,2026,275000.0,275000.0,1
KT5,1995,63125.9,60000.0,103
KT5,1996,63649.1,59997.0,118
KT5,1997,69582.1,69000.0,232
KT5,1998,79187.4,78500.0,167
KT5,1999,93529.7,89950.0,166
KT5,2000,122879.0,119950.0,173
KT5,2001,132143.7,129250.0,179
KT5,2002,148311.7,150000.0,192
KT5,2003,179114.4,170000.0,170
KT5,2004,185423.5,178000.0,167
KT5,2005,190821.3,184000.0,141
KT5,2006,203932.5,200000.0,197
KT5,2007,225352.4,230000.0,145
KT5,2008,221477.8,216000.0,81
KT5,2009,203081.4,205000.0,81
KT5,2010,222445.4,222500.0,87
KT5,2011,229494.5,225000.0,82
KT5,2012,227545.0,230000.0,90
KT5,2013,254591.4,249350.0,102
KT5,2014,287018.3,280000.0,132
KT5,2015,287932.6,270000.0,179
KT5,2016,343282.6,338975.0,92
KT5,2017,363799.4,365000.0,83
KT5,2018,357856.2,347500.0,80
KT5,2019,338761.1,340000.0,86
KT5,2020,356600.7,355000.0,75
KT5,2021,360352.0,350000.0,158
KT5,2022,389736.3,385000.0,131
KT5,2023,362592.2,355000.0,83
KT5,2024,365991.0,356250.0,106
KT5,2025,364237.2,365000.0,65
KT5,2026,350000.0,350000.0,1
KT6,1995,64150.7,63625.0,372
KT6,1996,65599.2,63000.0,398
KT6,1997,74308.6,71250.0,524
KT6,1998,89177.2,83000.0,545
KT6,1999,114789.5,106000.0,629
KT6,2000,139943.8,135000.0,529
KT6,2001,147780.2,143000.0,560
KT6,2002,169461.5,164950.0,552
KT6,2003,187608.7,180000.0,453
KT6,2004,202207.8,194000.0,482
KT6,2005,207997.5,201000.0,445
KT6,2006,218374.1,215000.0,506
KT6,2007,250472.2,247000.0,528
KT6,2008,264421.9,250000.0,253
KT6,2009,218155.5,219000.0,241
KT6,2010,254818.7,249000.0,306
KT6,2011,255246.9,246700.0,323
KT6,2012,279889.9,260000.0,364
KT6,2013,287022.4,283000.0,428
KT6,2014,348210.5,340000.0,422
KT6,2015,366743.5,355000.0,387
KT6,2016,406861.9,390000.0,374
KT6,2017,401975.4,389000.0,317
KT6,2018,399775.2,385000.0,325
KT6,2019,380650.3,378500.0,340
KT6,2020,400158.2,386250.0,240
KT6,2021,409969.8,392500.0,418
KT6,2022,413146.7,406250.0,344
KT6,2023,388377.6,385000.0,267
KT6,2024,392631.8,385000.0,302
KT6,2025,407378.7,409000.0,261
KT6,2026,332500.0,300000.0,7
KT7,1995,69054.4,64900.0,33
KT7,1996,65404.0,65750.0,50
KT7,1997,79710.8,75250.0,60
KT7,1998,93129.0,89000.0,42
KT7,1999,116247.8,103500.0,58
KT7,2000,161650.5,135250.0,54
KT7,2001,155672.2,140000.0,72
KT7,2002,174100.8,163500.0,60
KT7,2003,189282.1,188000.0,67
KT7,2004,202840.4,197000.0,57
KT7,2005,217242.4,210000.0,57
KT7,2006,227762.9,222500.0,58
KT7,2007,264060.8,250000.0,62
KT7,2008,253778.6,250000.0,49
KT7,2009,229554.8,230000.0,42
KT7,2010,255793.9,249000.0,49
KT7,2011,204547.9,206750.0,70
KT7,2012,260801.0,250000.0,49
KT7,2013,299078.3,269975.0,60
KT7,2014,314720.0,325000.0,55
KT7,2015,349291.2,350000.0,57
KT7,2016,395706.2,387500.0,48
KT7,2017,377345.7,365000.0,54
KT7,2018,357930.2,354000.0,58
KT7,2019,372847.0,365000.0,36
KT7,2020,349953.5,362500.0,43
KT7,2021,402481.6,375000.0,76
KT7,2022,434821.7,421000.0,60
KT7,2023,388215.0,390000.0,30
KT7,2024,416497.4,395000.0,77
KT7,2025,397387.1,402500.0,35
KT7,2026,428000.0,428000.0,1
KT8,1995,80020.9,60000.0,71
KT8,1996,79844.7,66625.0,66
KT8,1997,92625.5,79500.0,94
KT8,1998,99779.4,78000.0,90
KT8,1999,104309.1,93500.0,121
KT8,2000,136020.0,116500.0,80
KT8,2001,149116.8,130000.0,101
KT8,2002,157368.9,136250.0,110
KT8,2003,180496.8,165000.0,102
KT8,2004,193144.4,176000.0,86
KT8,2005,207124.7,187500.0,95
KT8,2006,239411.6,223000.0,182
KT8,2007,233436.7,215000.0,131
KT8,2008,226542.8,220000.0,87
KT8,2009,240807.5,220500.0,42
KT8,2010,222079.4,212000.0,57
KT8,2011,284955.9,228000.0,59
KT8,2012,240943.9,209975.0,66
KT8,2013,277862.5,243000.0,72
KT8,2014,270722.7,250000.0,104
KT8,2015,341881.8,290000.0,106
KT8,2016,346253.3,320000.0,107
KT8,2017,370042.9,321000.0,78
KT8,2018,383799.3,358000.0,71
KT8,2019,358514.3,328750.0,56
KT8,2020,331856.3,305000.0,63
KT8,2021,394287.6,343500.0,113
KT8,2022,441002.2,360000.0,89
KT8,2023,396870.4,366000.0,71
KT8,2024,411353.7,325000.0,60
KT8,2025,403918.2,375000.0,56
KT8,2026,950000.0,950000.0,1
KT9,1995,51339.2,53000.0,82
KT9,1996,50790.8,51250.0,65
KT9,1997,55540.9,58000.0,99
KT9,1998,65792.2,66750.0,92
KT9,1999,76795.0,73250.0,112
KT9,2000,89994.3,90000.0,105
KT9,2001,101259.5,104000.0,99
KT9,2002,120773.7,124000.0,118
KT9,2003,135523.5,135000.0,102
KT9,2004,157304.2,158225.0,124
KT9,2005,158084.2,160000.0,83
KT9,2006,162221.3,165000.0,127
KT9,2007,184955.7,185000.0,106
KT9,2008,182685.6,176500.0,52
KT9,2009,167873.6,170000.0,36
KT9,2010,177448.1,180000.0,62
KT9,2011,173286.2,177000.0,47
KT9,2012,179239.3,182000.0,56
KT9,2013,182872.7,185000.0,77
KT9,2014,210956.6,215000.0,91
KT9,2015,225437.8,230500.0,76
KT9,2016,259284.3,274950.0,67
KT9,2017,290884.0,297500.0,51
KT9,2018,275005.0,290000.0,60
KT9,2019,261930.4,270000.0,51
KT9,2020,271284.9,280000.0,43
KT9,2021,279527.3,292750.0,94
KT9,2022,296135.4,292500.0,55
KT9,2023,276497.8,304000.0,46
KT9,2024,307478.6,312500.0,49
KT9,2025,290058.3,297500.0,54
KT9,2026,320000.0,320000.0,1
N1,1995,89549.0,81250.0,428
N1,1996,102651.4,90000.0,682
N1,1997,116065.7,100000.0,905
N1,1998,142307.6,135000.0,1048
N1,1999,161710.6,147750.0,1050
N1,2000,195091.6,177250.0,914
N1,2001,213736.5,195000.0,995
N1,2002,239672.8,222000.0,1195
N1,2003,247609.0,225000.0,920
N1,2004,270537.8,248750.0,1096
N1,2005,284152.6,260000.0,1006
N1,2006,302562.8,279950.0,1459
N1,2007,348993.1,320000.0,1294
N1,2008,368908.8,330000.0,873
N1,2009,360093.8,330000.0,882
N1,2010,387227.3,350000.0,920
N1,2011,393583.8,352000.0,885
N1,2012,414403.4,370000.0,995
N1,2013,479737.6,419000.0,1109
N1,2014,560493.7,499000.0,1041
N1,2015,603654.0,550000.0,992
N1,2016,639339.7,590000.0,995
N1,2017,618910.5,555500.0,692
N1,2018,668598.1,600000.0,822
N1,2019,638735.7,542892.0,852
N1,2020,692752.4,640000.0,706
N1,2021,660163.1,580000.0,934
N1,2022,664530.9,595000.0,926
N1,2023,660320.7,575000.0,692
N1,2024,668360.5,595000.0,838
N1,2025,649553.9,580000.0,671
N1,2026,571354.5,570000.0,21
N10,1995,72256.4,70000.0,261
N10,1996,76899.1,74000.0,351
N10,1997,93956.8,86975.0,424
N10,1998,106169.2,99975.0,360
N10,1999,121927.4,114500.0,429
N10,2000,147905.9,142000.0,361
N10,2001,164891.4,158000.0,361
N10,2002,197423.9,185600.0,409
N10,2003,211334.2,197500.0,309
N10,2004,230556.7,225000.0,333
N10,2005,236824.5,228000.0,265
N10,2006,254912.7,240000.0,341
N10,2007,287814.6,265000.0,307
N10,2008,282906.8,250000.0,180
N10,2009,259581.9,234500.0,152
N10,2010,294936.9,275000.0,212
N10,2011,315145.3,287500.0,170
N10,2012,326058.6,277500.0,192
N10,2013,345305.9,299950.0,262
N10,2014,409759.4,362750.0,270
N10,2015,462713.4,417500.0,201
N10,2016,439942.9,403750.0,166
N10,2017,571523.2,500000.0,255
N10,2018,561702.0,497499.5,198
N10,2019,524553.9,482500.0,196
N10,2020,536795.0,475500.0,141
N10,2021,505156.8,462500.0,244
N10,2022,535517.8,452000.0,218
N10,2023,555277.1,483500.0,173
N10,2024,492053.3,436000.0,155
N10,2025,504787.4,432500.0,180
N10,2026,501946.7,463000.0,3
N11,1995,51656.6,54000.0,142
N11,1996,51820.9,51250.0,172
N11,1997,60090.7,58000.0,253
N11,1998,77905.2,68000.0,284
N11,1999,105389.7,84000.0,361
N11,2000,136224.6,115000.0,388
N11,2001,141812.1,119000.0,311
N11,2002,171689.2,142500.0,321
N11,2003,191958.4,161000.0,248
N11,2004,213311.9,175000.0,257
N11,2005,204437.0,183000.0,227
N11,2006,216859.9,183000.0,257
N11,2007,243825.4,215000.0,308
N11,2008,239799.4,215250.0,206
N11,2009,196458.9,175000.0,99
N11,2010,231646.9,207500.0,123
N11,2011,232212.4,205000.0,133
N11,2012,244897.2,222000.0,129
N11,2013,264275.2,236000.0,171
N11,2014,278901.5,250000.0,201
N11,2015,342566.1,325000.0,205
N11,2016,352025.9,340000.0,165
N11,2017,372578.7,340000.0,130
N11,2018,366766.3,360000.0,126
N11,2019,343881.8,332500.0,96
N11,2020,395781.0,385000.0,186
N11,2021,327110.4,339500.0,261
N11,2022,376012.6,355000.0,144
N11,2023,356329.7,357750.0,106
N11,2024,374041.8,330000.0,119
N11,2025,357853.0,340000.0,131
N11,2026,343653.4,333267.0,5
N12,1995,74349.2,65000.0,239
N12,1996,67652.2,60000.0,223
N12,1997,77135.8,69950.0,292
N12,1998,85185.3,79000.0,286
N12,1999,107661.2,99975.0,316
N12,2000,136612.2,123500.0,276
N12,2001,136218.9,135000.0,256
N12,2002,176246.8,165000.0,320
N12,2003,181834.6,180000.0,262
N12,2004,229605.3,232500.0,447
N12,2005,219664.9,205000.0,284
N12,2006,214399.9,200500.0,288
N12,2007,241578.3,238000.0,321
N12,2008,227802.8,235000.0,141
N12,2009,214159.7,216005.0,123
N12,2010,252792.6,248125.0,160
N12,2011,234398.0,233000.0,173
N12,2012,265847.4,250000.0,167
N12,2013,285914.5,260000.0,193
N12,2014,312840.1,310000.0,238
N12,2015,349088.3,345000.0,222
N12,2016,414858.6,397000.0,267
N12,2017,393783.1,370000.0,193
N12,2018,386522.8,366000.0,166
N12,2019,378487.0,375000.0,171
N12,2020,433114.0,410000.0,197
N12,2021,404466.7,380000.0,226
N12,2022,409216.0,385000.0,171
N12,2023,380394.9,365000.0,159
N12,2024,370665.0,360000.0,237
N12,2025,374465.2,368000.0,141
N12,2026,415000.0,415000.0,2
N13,1995,55368.7,56500.0,149
N13,1996,56947.3,56000.0,195
N13,1997,64723.8,63000.0,226
N13,1998,73823.5,70000.0,406
N13,1999,83452.8,77500.0,281
N13,2000,109154.7,100000.0,252
N13,2001,114031.5,114000.0,246
N13,2002,141113.9,132000.0,317
N13,2003,159576.0,155500.0,208
N13,2004,172355.7,165000.0,246
N13,2005,174659.8,170000.0,237
N13,2006,181868.7,175500.0,239
N13,2007,206713.4,200000.0,251
N13,2008,215843.4,213000.0,109
N13,2009,191978.0,199500.0,127
N13,2010,210128.4,215000.0,149
N13,2011,208877.6,207000.0,132
N13,2012,240040.7,235000.0,146
N13,2013,227468.3,223500.0,151
N13,2014,278512.3,282000.0,173
N13,2015,290124.4,280000.0,146
N13,2016,369464.3,365000.0,173
N13,2017,342993.4,346750.0,124
N13,2018,335918.1,345000.0,147
N13,2019,319357.5,315000.0,112
N13,2020,342666.2,340000.0,94
N13,2021,381193.8,368000.0,177
N13,2022,391386.7,356000.0,166
N13,2023,369223.4,350000.0,133
N13,2024,354747.5,340000.0,129
N13,2025,366879.0,367500.0,108
N13,2026,336666.7,350000.0,3
N14,1995,65892.9,59995.0,226
N14,1996,72627.5,66000.0,190
N14,1997,91177.9,78750.0,304
N14,1998,87567.8,82000.0,213
N14,1999,96729.7,94000.0,219
N14,2000,117327.3,112500.0,174
N14,2001,131626.0,128500.0,192
N14,2002,165783.9,155000.0,206
N14,2003,190026.2,179000.0,250
N14,2004,201546.9,193000.0,213
N14,2005,208969.1,210000.0,209
N14,2006,202879.8,200000.0,215
N14,2007,227264.7,228500.0,216
N14,2008,228311.7,232475.0,114
N14,2009,211200.9,220000.0,116
N14,2010,220208.0,225000.0,100
N14,2011,229804.7,230000.0,107
N14,2012,228598.9,225000.0,102
N14,2013,262430.1,250000.0,189
N14,2014,277516.4,275000.0,139
N14,2015,310849.9,313500.0,142
N14,2016,352258.3,360000.0,109
N14,2017,377096.9,378000.0,99
N14,2018,364069.7,360000.0,70
N14,2019,385837.4,380000.0,123
N14,2020,440734.8,397500.0,94
N14,2021,426695.8,385000.0,137
N14,2022,348440.8,350000.0,137
N14,2023,424379.5,400500.0,110
N14,2024,402803.2,395000.0,155
N14,2025,429912.9,410000.0,114
N15,1995,41189.7,39500.0,107
N15,1996,40054.9,39500.0,169
N15,1997,48461.3,47500.0,249
N15,1998,55845.1,55250.0,230
N15,1999,66930.5,64000.0,275
N15,2000,80165.9,79000.0,259
N15,2001,93998.0,90000.0,249
N15,2002,116445.8,115000.0,280
N15,2003,133781.8,130000.0,243
N15,2004,146776.8,147000.0,277
N15,2005,148488.9,148250.0,193
N15,2006,156147.2,150000.0,271
N15,2007,186975.1,182750.0,292
N15,2008,183239.4,175000.0,135
N15,2009,165116.7,170000.0,87
N15,2010,178381.5,171000.0,104
N15,2011,186411.8,180000.0,110
N15,2012,187531.2,194000.0,132
N15,2013,215050.3,210000.0,149
N15,2014,256905.2,249950.0,221
N15,2015,320153.3,317550.0,173
N15,2016,329083.5,337000.0,266
N15,2017,354426.5,365000.0,183
N15,2018,366335.7,376000.0,171
N15,2019,366083.0,368500.0,137
N15,2020,362682.8,370000.0,105
N15,2021,422749.7,405000.0,227
N15,2022,456274.1,415000.0,185
N15,2023,430981.0,395000.0,187
N15,2024,443620.7,419000.0,254
N15,2025,386362.3,394000.0,152
N15,2026,377500.0,377500.0,2
N16,1995,54842.8,55000.0,327
N16,1996,57776.6,56500.0,401
N16,1997,67937.8,65000.0,519
N16,1998,80106.0,73000.0,523
N16,1999,100957.0,95000.0,621
N16,2000,121148.7,118500.0,494
N16,2001,155259.2,145000.0,663
N16,2002,168788.3,160000.0,663
N16,2003,178524.8,172500.0,487
N16,2004,195873.4,189950.0,571
N16,2005,206774.5,200000.0,489
N16,2006,221591.1,212500.0,632
N16,2007,259621.9,249950.0,703
N16,2008,270070.4,250000.0,313
N16,2009,249924.2,240000.0,273
N16,2010,277495.9,250000.0,363
N16,2011,286496.1,270000.0,364
N16,2012,312659.3,300000.0,352
N16,2013,344208.6,326750.0,480
N16,2014,410110.1,399950.0,457
N16,2015,459154.6,447500.0,484
N16,2016,481237.2,460000.0,468
N16,2017,495398.4,469750.0,434
N16,2018,487942.8,475000.0,400
N16,2019,474336.0,438000.0,343
N16,2020,491139.8,464350.0,333
N16,2021,504267.3,463000.0,555
N16,2022,534064.0,488000.0,462
N16,2023,511077.8,487000.0,349
N16,2024,529212.9,497250.0,444
N16,2025,540972.9,500000.0,360
N16,2026,379357.1,390000.0,7
N17,1995,40459.6,40995.0,229
N17,1996,36500.6,36000.0,191
N17,1997,42587.1,41750.0,260
N17,1998,51281.6,50000.0,310
N17,1999,58742.3,57747.5,362
N17,2000,70134.3,70000.0,385
N17,2001,77462.0,78000.0,340
N17,2002,101864.2,100000.0,353
N17,2003,121563.1,122000.0,338
N17,2004,130603.8,133500.0,355
N17,2005,138603.6,139950.0,311
N17,2006,139680.5,141250.0,311
N17,2007,162883.1,162000.0,367
N17,2008,165733.0,162000.0,170
N17,2009,145962.6,145000.0,91
N17,2010,153357.4,150000.0,127
N17,2011,149785.1,150000.0,101
N17,2012,179334.4,175000.0,179
N17,2013,183169.1,177000.0,205
N17,2014,214935.1,208500.0,266
N17,2015,256347.1,255000.0,396
N17,2016,301019.2,305000.0,427
N17,2017,304556.8,300000.0,187
N17,2018,307498.5,306250.0,190
N17,2019,305697.1,298750.0,196
N17,2020,336691.8,320750.0,298
N17,2021,426814.0,425000.0,499
N17,2022,430999.3,391250.0,332
N17,2023,415502.3,420010.0,425
N17,2024,334207.2,325000.0,225
N17,2025,349820.7,336250.0,198
N17,2026,375083.3,402500.0,6
N18,1995,30569.9,29500.0,70
N18,1996,32398.7,33000.0,82
N18,1997,36327.1,36000.0,97
N18,1998,50349.0,45000.0,112
N18,1999,50405.0,48500.0,161
N18,2000,60308.8,59997.0,174
N18,2001,71968.6,67750.0,140
N18,2002,86941.4,85000.0,144
N18,2003,123630.7,124000.0,193
N18,2004,133093.4,124250.0,190
N18,2005,129001.7,126250.0,108
N18,2006,125139.6,123000.0,116
N18,2007,138968.5,134995.0,169
N18,2008,144339.2,140000.0,84
N18,2009,126485.0,125000.0,30
N18,2010,134184.5,125550.0,58
N18,2011,121661.5,119000.0,59
N18,2012,122427.8,117000.0,37
N18,2013,129817.0,124995.0,44
N18,2014,152299.3,154000.0,89
N18,2015,221174.9,220500.0,154
N18,2016,212161.4,218500.0,77
N18,2017,212149.9,205000.0,60
N18,2018,214273.4,207750.0,56
N18,2019,225484.3,228000.0,51
N18,2020,228315.5,223500.0,42
N18,2021,231605.5,221111.0,60
N18,2022,227938.6,230000.0,57
N18,2023,250887.8,245000.0,41
N18,2024,251070.9,245000.0,74
N18,2025,242266.7,237500.0,43
N18,2026,221833.3,212500.0,3
N19,1995,68352.4,65750.0,172
N19,1996,75731.0,69000.0,238
N19,1997,92076.7,81500.0,321
N19,1998,107431.4,100000.0,331
N19,1999,124495.2,115250.0,316
N19,2000,155919.5,140000.0,297
N19,2001,174108.2,155000.0,322
N19,2002,188422.7,180000.0,357
N19,2003,186675.5,175000.0,318
N19,2004,213299.4,197500.0,336
N19,2005,223791.3,210000.0,317
N19,2006,235088.8,223500.0,406
N19,2007,293095.3,254000.0,418
N19,2008,290730.4,258500.0,242
N19,2009,266459.1,250000.0,190
N19,2010,305075.7,292500.0,252
N19,2011,306014.5,285000.0,225
N19,2012,333923.6,304000.0,266
N19,2013,357248.0,330000.0,306
N19,2014,443035.6,405000.0,318
N19,2015,451052.7,425000.0,226
N19,2016,492863.0,480000.0,230
N19,2017,499789.8,468000.0,157
N19,2018,472101.4,442500.0,241
N19,2019,484527.3,465000.0,186
N19,2020,499410.7,478500.0,176
N19,2021,512743.2,480000.0,310
N19,2022,521023.6,488750.0,264
N19,2023,557449.2,520000.0,198
N19,2024,537748.8,500000.0,220
N19,2025,542967.4,517500.0,189
N19,2026,280000.0,280000.0,1
N2,1995,69016.1,66000.0,170
N2,1996,63340.6,60000.0,348
N2,1997,91693.9,82500.0,261
N2,1998,96697.7,88500.0,192
N2,1999,108529.9,104000.0,289
N2,2000,133363.8,135000.0,284
N2,2001,155791.1,152000.0,236
N2,2002,180866.4,176500.0,292
N2,2003,189530.2,180000.0,210
N2,2004,208541.7,212000.0,215
N2,2005,218061.6,221000.0,217
N2,2006,227357.5,229950.0,297
N2,2007,260757.5,249950.0,296
N2,2008,520036.4,250000.0,114
N2,2009,409816.2,250000.0,157
N2,2010,310559.4,270000.0,141
N2,2011,298936.6,250000.0,149
N2,2012,367925.6,285000.0,177
N2,2013,390236.2,295000.0,165
N2,2014,403858.7,380000.0,172
N2,2015,384155.0,374000.0,175
N2,2016,481781.0,400000.0,149
N2,2017,1140598.2,447500.0,116
N2,2018,851851.6,435000.0,128
N2,2019,448869.6,382500.0,112
N2,2020,560200.7,430000.0,93
N2,2021,472431.7,420000.0,169
N2,2022,588918.0,445000.0,150
N2,2023,953309.1,411250.0,122
N2,2024,1109101.4,475000.0,151
N2,2025,440387.7,397250.0,118
N2,2026,382333.3,310000.0,3
N20,1995,76655.7,59000.0,86
N20,1996,74597.7,60000.0,150
N20,1997,104479.2,62000.0,143
N20,1998,94457.2,78950.0,163
N20,1999,95832.3,85000.0,161
N20,2000,114198.9,110000.0,123
N20,2001,128744.1,119950.0,121
N20,2002,156875.1,141000.0,139
N20,2003,186203.0,165500.0,124
N20,2004,202477.3,195000.0,187
N20,2005,190490.3,176500.0,104
N20,2006,236211.3,217500.0,221
N20,2007,268521.4,217750.0,136
N20,2008,244931.0,223000.0,61
N20,2009,225177.7,207500.0,56
N20,2010,227731.8,215000.0,97
N20,2011,231712.8,212000.0,90
N20,2012,269489.6,225000.0,103
N20,2013,237688.7,220000.0,93
N20,2014,352702.4,266500.0,116
N20,2015,332229.1,317500.0,107
N20,2016,335634.4,337500.0,103
N20,2017,438894.9,440562.5,226
N20,2018,425569.5,409950.0,148
N20,2019,412180.9,352500.0,89
N20,2020,441153.5,383500.0,86
N20,2021,385469.7,362000.0,117
N20,2022,486732.1,462500.0,162
N20,2023,496861.4,435000.0,208
N20,2024,471573.9,402500.0,138
N20,2025,441103.8,394250.0,80
N20,2026,354250.0,345000.0,4
N21,1995,70385.1,68000.0,140
N21,1996,69962.9,70500.0,181
N21,1997,82006.9,78000.0,222
N21,1998,99933.7,94000.0,279
N21,1999,115308.8,99950.0,278
N21,2000,127851.8,118000.0,177
N21,2001,154088.9,140000.0,304
N21,2002,160938.6,158000.0,249
N21,2003,187378.4,182000.0,185
N21,2004,202067.7,193000.0,185
N21,2005,199329.4,190000.0,155
N21,2006,215911.9,205000.0,205
N21,2007,245124.8,242000.0,275
N21,2008,239270.6,235000.0,104
N21,2009,244262.2,220000.0,109
N21,2010,248517.5,245000.0,140
N21,2011,238654.7,234500.0,92
N21,2012,247478.6,239500.0,102
N21,2013,258874.4,246000.0,152
N21,2014,279548.3,279000.0,153
N21,2015,333773.1,325000.0,134
N21,2016,361349.6,353000.0,143
N21,2017,366679.7,360000.0,98
N21,2018,380766.6,380000.0,91
N21,2019,369092.1,356500.0,82
N21,2020,354887.6,364000.0,90
N21,2021,417031.6,405000.0,188
N21,2022,433398.5,401000.0,146
N21,2023,362761.2,350000.0,89
N21,2024,378138.5,362500.0,92
N21,2025,363021.6,369000.0,86
N21,2026,165000.0,165000.0,1
N22,1995,54227.1,53000.0,230
N22,1996,54217.9,54000.0,292
N22,1997,65542.3,62500.0,360
N22,1998,75151.4,70000.0,373
N22,1999,87707.2,80000.0,412
N22,2000,105511.5,102800.0,332
N22,2001,121295.9,119000.0,369
N22,2002,144128.0,140000.0,381
N22,2003,162604.0,156972.5,342
N22,2004,174888.9,173000.0,345
N22,2005,183803.9,173000.0,269
N22,2006,190878.9,185000.0,374
N22,2007,218351.3,215000.0,406
N22,2008,225716.7,225000.0,185
N22,2009,202837.5,200000.0,163
N22,2010,223412.6,219500.0,180
N22,2011,223568.7,220000.0,183
N22,2012,237146.3,235000.0,188
N22,2013,255475.8,246000.0,233
N22,2014,305216.6,295000.0,290
N22,2015,344019.3,345000.0,283
N22,2016,390370.7,385000.0,238
N22,2017,388658.0,385000.0,165
N22,2018,382959.2,375000.0,173
N22,2019,389110.4,385000.0,140
N22,2020,391902.4,400000.0,137
N22,2021,416799.4,400000.0,253
N22,2022,469651.6,424500.0,213
N22,2023,453827.1,406000.0,162
N22,2024,402475.0,398750.0,200
N22,2025,415514.4,423500.0,160
N22,2026,547500.0,547500.0,1
N3,1995,77226.8,66000.0,274
N3,1996,80868.2,72000.0,250
N3,1997,93137.9,84950.0,293
N3,1998,102153.3,92500.0,284
N3,1999,117046.1,108000.0,284
N3,2000,144559.1,138750.0,298
N3,2001,172103.8,158000.0,291
N3,2002,212959.4,181000.0,333
N3,2003,216211.6,208000.0,249
N3,2004,236171.0,224000.0,241
N3,2005,242030.1,225500.0,206
N3,2006,255971.2,240000.0,339
N3,2007,298361.2,265000.0,296
N3,2008,291323.0,270000.0,151
N3,2009,292631.8,250000.0,132
N3,2010,296595.8,275000.0,171
N3,2011,290682.8,270000.0,151
N3,2012,338752.9,300000.0,161
N3,2013,364438.3,326000.0,168
N3,2014,430472.0,365000.0,204
N3,2015,495656.2,430000.0,212
N3,2016,456926.6,430000.0,174
N3,2017,541990.8,472500.0,204
N3,2018,498930.9,435000.0,137
N3,2019,520330.3,435000.0,181
N3,2020,508088.7,446460.0,151
N3,2021,528990.3,468500.0,201
N3,2022,493551.1,468000.0,293
N3,2023,481825.7,434250.0,136
N3,2024,489857.7,480000.0,129
N3,2025,456336.9,424500.0,124
N3,2026,499000.0,499000.0,1
N4,1995,62113.8,59950.0,349
N4,1996,65138.4,63000.0,431
N4,1997,77282.5,72500.0,671
N4,1998,91040.4,87000.0,605
N4,1999,105906.1,100000.0,541
N4,2000,132194.5,130000.0,504
N4,2001,152606.9,146000.0,583
N4,2002,173668.7,169950.0,554
N4,2003,182437.6,175000.0,450
N4,2004,204149.8,197500.0,633
N4,2005,207258.0,197000.0,486
N4,2006,230273.7,224497.5,582
N4,2007,265529.0,250000.0,580
N4,2008,265691.7,250000.0,231
N4,2009,252321.4,242000.0,225
N4,2010,279784.5,265000.0,355
N4,2011,289500.8,270000.0,342
N4,2012,305289.5,284500.0,759
N4,2013,347335.5,334950.0,519
N4,2014,431887.2,410000.0,511
N4,2015,443296.6,430000.0,661
N4,2016,502725.3,485000.0,586
N4,2017,475192.0,470000.0,665
N4,2018,525652.2,493725.0,582
N4,2019,528241.2,492450.0,499
N4,2020,534909.6,499000.0,728
N4,2021,539428.4,525000.0,944
N4,2022,578543.6,550000.0,611
N4,2023,528816.3,500000.0,428
N4,2024,553659.4,525000.0,624
N4,2025,556316.7,515812.0,479
N4,2026,640754.5,698750.0,11
N5,1995,93845.4,89750.0,206
N5,1996,96894.2,90000.0,265
N5,1997,112358.1,105500.0,324
N5,1998,127639.2,120000.0,292
N5,1999,156503.8,150000.0,403
N5,2000,194763.0,173000.0,266
N5,2001,211509.9,195000.0,293
N5,2002,229645.8,220000.0,346
N5,2003,232266.2,217250.0,246
N5,2004,255371.8,237750.0,288
N5,2005,263921.4,240000.0,323
N5,2006,292893.6,270000.0,383
N5,2007,354083.9,325000.0,404
N5,2008,351375.1,350000.0,461
N5,2009,345708.1,325700.0,388
N5,2010,374324.5,350000.0,409
N5,2011,391550.3,368000.0,285
N5,2012,399403.1,360000.0,294
N5,2013,469841.3,450000.0,430
N5,2014,570193.8,515750.0,364
N5,2015,586355.8,540000.0,252
N5,2016,597436.6,560000.0,273
N5,2017,579643.9,537500.0,224
N5,2018,568537.9,527000.0,215
N5,2019,560290.7,540000.0,221
N5,2020,615764.7,592500.0,214
N5,2021,624575.6,575500.0,277
N5,2022,667337.3,600000.0,261
N5,2023,652696.5,590000.0,213
N5,2024,687711.0,600000.0,255
N5,2025,659835.1,592500.0,214
N5,2026,624850.0,586500.0,6
N6,1995,106081.9,92500.0,267
N6,1996,113644.5,105000.0,346
N6,1997,132551.6,120000.0,408
N6,1998,144467.5,130000.0,319
N6,1999,170202.1,158000.0,419
N6,2000,201265.7,185000.0,334
N6,2001,243441.9,210000.0,357
N6,2002,258517.7,245000.0,363
N6,2003,254779.5,249500.0,284
N6,2004,278697.8,249999.5,296
N6,2005,288417.2,252500.0,289
N6,2006,310519.7,285000.0,362
N6,2007,382877.1,350000.0,325
N6,2008,458825.4,360000.0,149
N6,2009,415102.7,337000.0,185
N6,2010,527195.3,370000.0,217
N6,2011,473860.9,400000.0,233
N6,2012,453336.8,387500.0,261
N6,2013,494949.6,430000.0,236
N6,2014,617640.3,530000.0,204
N6,2015,648957.1,560000.0,186
N6,2016,723518.1,600000.0,169
N6,2017,710752.7,621500.0,202
N6,2018,705285.9,627500.0,144
N6,2019,698098.4,585000.0,158
N6,2020,655831.5,577500.0,126
N6,2021,702158.1,585000.0,231
N6,2022,689226.9,623162.5,208
N6,2023,756877.2,575000.0,160
N6,2024,741463.6,630000.0,189
N6,2025,695022.4,602500.0,156
N6,2026,635500.0,630000.0,5
N7,1995,71002.3,69000.0,221
N7,1996,82896.7,79995.0,363
N7,1997,93948.7,87000.0,503
N7,1998,105793.3,99250.0,370
N7,1999,131544.0,125000.0,487
N7,2000,157236.6,152000.0,429
N7,2001,166490.0,158500.0,486
N7,2002,198284.1,185000.0,546
N7,2003,204372.6,200000.0,427
N7,2004,218343.1,210000.0,473
N7,2005,242507.9,232000.0,567
N7,2006,259664.1,249500.0,897
N7,2007,294227.6,279950.0,702
N7,2008,294473.7,280000.0,258
N7,2009,279511.6,265000.0,431
N7,2010,329329.6,310000.0,505
N7,2011,331161.1,320000.0,408
N7,2012,353440.3,337750.0,546
N7,2013,379961.5,363500.0,570
N7,2014,446057.1,415000.0,691
N7,2015,490717.9,483500.0,551
N7,2016,496065.7,466087.5,418
N7,2017,502181.1,485000.0,383
N7,2018,496922.6,485000.0,338
N7,2019,524168.5,512500.0,458
N7,2020,548516.7,552100.0,356
N7,2021,514867.0,484000.0,410
N7,2022,578227.3,532500.0,465
N7,2023,533150.0,500000.0,352
N7,2024,534636.7,499950.0,355
N7,2025,558651.8,537500.0,289
N7,2026,705125.0,731250.0,4
N8,1995,70030.4,67000.0,359
N8,1996,76453.2,72000.0,439
N8,1997,87040.7,81500.0,558
N8,1998,100212.0,90000.0,549
N8,1999,122196.0,118500.0,574
N8,2000,147453.9,135000.0,407
N8,2001,164404.2,156000.0,537
N8,2002,194012.6,185175.0,578
N8,2003,204765.9,195000.0,417
N8,2004,230503.3,225000.0,611
N8,2005,226132.1,217750.0,454
N8,2006,243302.6,230000.0,739
N8,2007,290854.3,281000.0,586
N8,2008,288130.9,261500.0,211
N8,2009,271487.8,260000.0,255
N8,2010,301877.7,291000.0,360
N8,2011,304365.5,283750.0,316
N8,2012,329490.6,315000.0,359
N8,2013,359198.5,340000.0,399
N8,2014,413851.4,400000.0,426
N8,2015,448873.5,427500.0,382
N8,2016,480411.4,470000.0,309
N8,2017,503976.4,490000.0,268
N8,2018,475488.3,474000.0,538
N8,2019,470028.3,462500.0,415
N8,2020,504493.5,480000.0,344
N8,2021,508426.3,510000.0,582
N8,2022,498549.5,469650.0,718
N8,2023,512927.7,480000.0,509
N8,2024,514398.5,487500.0,402
N8,2025,526068.4,500000.0,360
N8,2026,529062.5,588000.0,8
N9,1995,36309.0,35997.5,228
N9,1996,35725.2,36500.0,188
N9,1997,41399.6,40750.0,234
N9,1998,50869.4,46997.5,326
N9,1999,53374.1,53000.0,364
N9,2000,63823.8,62500.0,394
N9,2001,76415.6,74250.0,436
N9,2002,94512.7,92250.0,474
N9,2003,112624.8,108500.0,352
N9,2004,120910.7,116500.0,322
N9,2005,133757.0,128250.0,260
N9,2006,140080.4,132000.0,350
N9,2007,151252.9,140500.0,327
N9,2008,146401.2,147000.0,195
N9,2009,133883.1,128000.0,75
N9,2010,134832.6,130000.0,113
N9,2011,133072.5,125000.0,69
N9,2012,130501.0,128000.0,91
N9,2013,137668.1,138500.0,118
N9,2014,160034.3,157000.0,191
N9,2015,188018.2,180000.0,210
N9,2016,211499.2,210000.0,145
N9,2017,221518.4,220000.0,140
N9,2018,230183.0,230000.0,139
N9,2019,231253.0,235000.0,121
N9,2020,223030.5,222500.0,88
N9,2021,231622.6,231250.0,162
N9,2022,238844.0,240000.0,128
N9,2023,239719.2,210000.0,73
N9,2024,235714.1,237000.0,92
N9,2025,236990.5,237500.0,104
NW1,1995,124390.2,90000.0,471
NW1,1996,141787.7,108000.0,678
NW1,1997,172794.4,127301.0,723
NW1,1998,202438.0,140000.0,680
NW1,1999,218033.2,169950.0,723
NW1,2000,263700.3,220000.0,768
NW1,2001,320850.1,265000.0,827
NW1,2002,317562.8,250000.0,682
NW1,2003,306433.7,244997.5,648
NW1,2004,343953.8,275000.0,812
NW1,2005,336885.3,290000.0,678
NW1,2006,377986.0,295000.0,780
NW1,2007,469037.0,369975.0,774
NW1,2008,481895.7,375000.0,489
NW1,2009,493002.4,399950.0,487
NW1,2010,553876.4,425000.0,533
NW1,2011,555408.7,411500.0,553
NW1,2012,570009.3,415000.0,456
NW1,2013,695787.0,540000.0,583
NW1,2014,794133.1,610000.0,611
NW1,2015,859036.0,630000.0,488
NW1,2016,843735.0,630000.0,490
NW1,2017,845821.9,687500.0,526
NW1,2018,827106.6,605000.0,364
NW1,2019,789179.9,602500.0,322
NW1,2020,737309.3,595000.0,364
NW1,2021,894696.8,600000.0,441
NW1,2022,900006.7,726875.0,554
NW1,2023,915599.9,755000.0,450
NW1,2024,818962.9,635000.0,432
NW1,2025,689496.4,600000.0,284
NW1,2026,834363.6,635000.0,11
NW10,1995,51035.5,53000.0,509
NW10,1996,51950.1,53000.0,569
NW10,1997,59695.6,58000.0,634
NW10,1998,72716.4,69950.0,699
NW10,1999,83678.2,76000.0,752
NW10,2000,108768.6,104000.0,719
NW10,2001,116420.9,110000.0,787
NW10,2002,142302.2,135000.0,753
NW10,2003,161659.4,157500.0,653
NW10,2004,179135.3,172500.0,673
NW10,2005,183942.8,176500.0,522
NW10,2006,200472.7,188000.0,644
NW10,2007,236123.3,230000.0,749
NW10,2008,231565.7,220000.0,355
NW10,2009,206831.6,195000.0,229
NW10,2010,228551.8,214500.0,358
NW10,2011,239906.9,228000.0,311
NW10,2012,272905.1,259975.0,286
NW10,2013,301154.1,270500.0,422
NW10,2014,330365.2,306000.0,537
NW10,2015,380055.1,362500.0,627
NW10,2016,394327.3,375000.0,682
NW10,2017,402450.8,407000.0,381
NW10,2018,380928.6,370000.0,452
NW10,2019,355279.6,350000.0,401
NW10,2020,412755.2,390685.0,414
NW10,2021,413808.4,385418.0,685
NW10,2022,454409.7,462500.0,575
NW10,2023,416031.2,380000.0,308
NW10,2024,410898.1,377500.0,378
NW10,2025,423952.3,372000.0,295
NW10,2026,415000.0,345000.0,3
NW11,1995,110373.5,84500.0,153
NW11,1996,103142.0,81500.0,323
NW11,1997,109618.1,95000.0,242
NW11,1998,114397.8,112250.0,214
NW11,1999,148598.6,132750.0,242
NW11,2000,172507.2,165000.0,247
NW11,2001,184054.2,175000.0,209
NW11,2002,217296.7,210000.0,238
NW11,2003,294198.1,227250.0,296
NW11,2004,346698.3,251000.0,204
NW11,2005,248887.6,235000.0,185
NW11,2006,263291.8,249995.0,233
NW11,2007,323905.1,300000.0,219
NW11,2008,296229.0,250000.0,121
NW11,2009,362026.5,275000.0,91
NW11,2010,348462.0,299975.0,126
NW11,2011,488004.0,342500.0,136
NW11,2012,441061.7,320000.0,102
NW11,2013,456829.8,345000.0,167
NW11,2014,470211.5,420000.0,155
NW11,2015,521606.3,460000.0,199
NW11,2016,588347.5,477700.0,138
NW11,2017,530686.4,495000.0,121
NW11,2018,728461.9,608500.0,154
NW11,2019,591820.9,500000.0,122
NW11,2020,535601.6,468500.0,124
NW11,2021,611904.8,500000.0,156
NW11,2022,635797.8,530000.0,131
NW11,2023,512789.3,480000.0,135
NW11,2024,499352.8,450000.0,137
NW11,2025,634620.9,506600.0,86
NW11,2026,820000.0,820000.0,1
NW2,1995,66233.6,62889.0,522
NW2,1996,72492.3,65250.0,500
NW2,1997,82811.3,76750.0,588
NW2,1998,101688.1,89950.0,643
NW2,1999,115253.9,105000.0,771
NW2,2000,145602.1,138000.0,704
NW2,2001,155284.6,145000.0,944
NW2,2002,184888.1,177000.0,789
NW2,2003,196796.9,190000.0,575
NW2,2004,216579.3,207000.0,627
NW2,2005,219285.6,210000.0,519
NW2,2006,242996.0,235000.0,615
NW2,2007,268263.5,249999.0,711
NW2,2008,270245.6,250000.0,269
NW2,2009,265705.7,249950.0,224
NW2,2010,300882.8,270000.0,374
NW2,2011,287543.5,266000.0,358
NW2,2012,316437.5,287500.0,323
NW2,2013,331938.2,315000.0,418
NW2,2014,386469.0,368000.0,545
NW2,2015,458577.7,415000.0,567
NW2,2016,446589.9,418000.0,497
NW2,2017,394136.0,365000.0,381
NW2,2018,440523.1,425500.0,492
NW2,2019,448541.5,431825.0,390
NW2,2020,489599.5,450000.0,237
NW2,2021,465234.2,440000.0,411
NW2,2022,493854.2,467500.0,371
NW2,2023,468470.3,430000.0,312
NW2,2024,456193.2,420000.0,408
NW2,2025,473982.0,442500.0,324
NW2,2026,378000.0,378000.0,1
NW3,1995,147517.0,130000.0,831
NW3,1996,166131.1,142725.0,1026
NW3,1997,201872.2,170000.0,1176
NW3,1998,230538.1,187000.0,1007
NW3,1999,266883.5,225000.0,1149
NW3,2000,320907.1,275000.0,1095
NW3,2001,346953.1,296000.0,971
NW3,2002,371571.4,325000.0,1046
NW3,2003,385704.6,327159.5,784
NW3,2004,419581.1,350000.0,890
NW3,2005,429764.4,385000.0,872
NW3,2006,485920.7,425000.0,1143
NW3,2007,560848.8,475095.0,944
NW3,2008,620949.3,487300.0,494
NW3,2009,574716.3,480000.0,519
NW3,2010,661060.8,535000.0,725
NW3,2011,695420.8,585000.0,615
NW3,2012,819829.5,620000.0,585
NW3,2013,834514.6,685000.0,650
NW3,2014,921974.8,760000.0,713
NW3,2015,973719.8,809750.0,610
NW3,2016,950862.5,794000.0,579
NW3,2017,987778.2,820000.0,515
NW3,2018,975380.4,817500.0,460
NW3,2019,1047268.7,870000.0,478
NW3,2020,1065071.3,830000.0,457
NW3,2021,993161.4,803500.0,679
NW3,2022,1126497.5,869975.0,546
NW3,2023,1020285.3,825000.0,497
NW3,2024,1072954.5,860000.0,582
NW3,2025,1009123.9,848750.0,394
NW3,2026,1021525.6,890000.0,7
NW4,1995,67989.9,65000.0,228
NW4,1996,76562.1,67500.0,312
NW4,1997,96135.1,73500.0,326
NW4,1998,105661.6,82500.0,348
NW4,1999,120081.5,99950.0,399
NW4,2000,137069.3,125000.0,322
NW4,2001,156140.1,140000.0,299
NW4,2002,178998.5,169475.0,366
NW4,2003,205984.1,192250.0,298
NW4,2004,219783.7,205000.0,327
NW4,2005,231047.9,210750.0,264
NW4,2006,232104.4,218000.0,303
NW4,2007,250698.9,236500.0,428
NW4,2008,243007.8,245000.0,185
NW4,2009,225144.3,225000.0,122
NW4,2010,253280.8,242000.0,189
NW4,2011,305728.3,250000.0,194
NW4,2012,278567.0,249000.0,173
NW4,2013,285788.5,249999.0,196
NW4,2014,303220.8,280000.0,233
NW4,2015,400765.3,343700.0,259
NW4,2016,418299.9,385250.0,243
NW4,2017,418072.3,400000.0,184
NW4,2018,407769.7,385000.0,163
NW4,2019,387164.1,350800.0,159
NW4,2020,384985.0,346500.0,130
NW4,2021,404922.7,370000.0,231
NW4,2022,442398.3,395000.0,179
NW4,2023,487341.4,420000.0,153
NW4,2024,444201.4,393999.5,162
NW4,2025,397152.3,362500.0,130
NW5,1995,89527.6,82500.0,153
NW5,1996,98085.8,86500.0,225
NW5,1997,111059.9,95250.0,252
NW5,1998,138103.9,123500.0,300
NW5,1999,147780.0,133000.0,273
NW5,2000,180111.1,176000.0,207
NW5,2001,202584.7,188500.0,245
NW5,2002,227794.8,214000.0,291
NW5,2003,229479.8,225000.0,269
NW5,2004,243682.4,226500.0,288
NW5,2005,257144.2,240000.0,280
NW5,2006,282962.2,250000.0,326
NW5,2007,345711.2,310000.0,337
NW5,2008,317987.1,290000.0,169
NW5,2009,298088.6,260000.0,203
NW5,2010,370244.2,326000.0,224
NW5,2011,377901.9,343000.0,199
NW5,2012,398201.4,373000.0,203
NW5,2013,475380.5,415000.0,221
NW5,2014,555933.9,485000.0,283
NW5,2015,566484.9,515000.0,260
NW5,2016,621658.0,580000.0,209
NW5,2017,624975.8,540000.0,231
NW5,2018,626856.3,589000.0,185
NW5,2019,629440.9,532500.0,150
NW5,2020,581265.4,500000.0,196
NW5,2021,612414.4,543000.0,268
NW5,2022,649957.9,562500.0,268
NW5,2023,600203.8,514750.0,212
NW5,2024,606590.9,549206.0,203
NW5,2025,620950.5,575000.0,189
NW5,2026,794833.3,770000.0,3
NW6,1995,91244.9,81250.0,826
NW6,1996,111343.3,92500.0,1156
NW6,1997,118970.4,105000.0,1164
NW6,1998,138534.6,128000.0,1035
NW6,1999,161464.8,150000.0,1219
NW6,2000,198341.7,183925.0,1064
NW6,2001,220899.0,206000.0,1135
NW6,2002,252230.7,235000.0,1250
NW6,2003,259315.4,242500.0,961
NW6,2004,289767.5,250000.0,1113
NW6,2005,292126.1,270000.0,943
NW6,2006,318731.4,291000.0,1156
NW6,2007,388242.2,350000.0,1135
NW6,2008,404144.9,360000.0,507
NW6,2009,349366.5,315000.0,551
NW6,2010,409434.9,367000.0,763
NW6,2011,432607.6,386500.0,688
NW6,2012,476888.8,424500.0,736
NW6,2013,507497.5,450000.0,817
NW6,2014,569625.6,499925.0,868
NW6,2015,602934.1,541000.0,847
NW6,2016,644158.1,610000.0,895
NW6,2017,652920.9,600000.0,788
NW6,2018,621833.2,569350.0,574
NW6,2019,622262.3,545000.0,551
NW6,2020,658227.1,585825.0,530
NW6,2021,692912.6,600000.0,774
NW6,2022,658397.3,620000.0,726
NW6,2023,663006.7,585000.0,532
NW6,2024,692767.8,630200.0,757
NW6,2025,634159.0,545000.0,512
NW6,2026,702826.0,582804.0,8
NW7,1995,53675.2,51750.0,80
NW7,1996,55989.3,57750.0,114
NW7,1997,72907.8,69500.0,169
NW7,1998,86424.9,85000.0,114
NW7,1999,93202.9,86000.0,167
NW7,2000,108336.9,107250.0,118
NW7,2001,125938.6,123500.0,137
NW7,2002,192576.0,160000.0,204
NW7,2003,232033.3,212000.0,215
NW7,2004,229393.1,208500.0,198
NW7,2005,227471.4,203780.5,116
NW7,2006,234984.5,221500.0,216
NW7,2007,268387.8,239972.5,202
NW7,2008,258561.9,245000.0,145
NW7,2009,241575.9,242250.0,128
NW7,2010,284510.3,250000.0,137
NW7,2011,275698.1,250000.0,132
NW7,2012,259773.4,250000.0,109
NW7,2013,315762.8,266250.0,144
NW7,2014,477039.5,340500.0,196
NW7,2015,482368.1,400000.0,233
NW7,2016,544101.3,430000.0,329
NW7,2017,477296.0,430000.0,203
NW7,2018,504173.2,409000.0,114
NW7,2019,368867.8,368250.0,244
NW7,2020,478658.8,437000.0,277
NW7,2021,449138.1,440000.0,485
NW7,2022,531210.4,500000.0,479
NW7,2023,510443.6,440000.0,173
NW7,2024,447567.7,412500.0,184
NW7,2025,453993.8,410000.0,158
NW7,2026,438000.0,445000.0,3
NW8,1995,162646.9,112000.0,440
NW8,1996,174498.7,121000.0,569
NW8,1997,203102.0,155000.0,883
NW8,1998,209006.9,150000.0,675
NW8,1999,236087.8,179000.0,803
NW8,2000,318051.2,250000.0,894
NW8,2001,343328.9,248750.0,698
NW8,2002,377454.1,291250.0,784
NW8,2003,366227.9,265000.0,583
NW8,2004,396976.7,300000.0,544
NW8,2005,401456.5,305000.0,516
NW8,2006,461280.1,350000.0,753
NW8,2007,512168.9,399950.0,640
NW8,2008,522078.3,380000.0,339
NW8,2009,579069.7,424000.0,325
NW8,2010,680905.3,480000.0,360
NW8,2011,743230.7,495000.0,333
NW8,2012,761173.4,500000.0,292
NW8,2013,915765.5,625000.0,398
NW8,2014,1047019.5,685000.0,447
NW8,2015,1327430.8,795000.0,394
NW8,2016,1188454.9,746816.0,294
NW8,2017,1145184.6,813750.0,310
NW8,2018,1101398.5,719750.0,234
NW8,2019,1103540.0,835000.0,292
NW8,2020,955007.8,630000.0,261
NW8,2021,936940.7,637500.0,342
NW8,2022,1365099.6,980000.0,495
NW8,2023,1126595.5,780000.0,337
NW8,2024,1086577.9,712000.0,336
NW8,2025,1195314.1,735000.0,187
NW8,2026,663333.3,390000.0,3
NW9,1995,45761.8,46000.0,219
NW9,1996,50108.1,50000.0,283
NW9,1997,57028.9,55950.0,324
NW9,1998,63078.8,62250.0,362
NW9,1999,73329.0,71000.0,362
NW9,2000,87861.3,87000.0,370
NW9,2001,99470.4,97725.0,338
NW9,2002,130339.0,129950.0,443
NW9,2003,155504.7,157000.0,436
NW9,2004,160837.0,163000.0,402
NW9,2005,164760.4,167997.5,282
NW9,2006,166189.3,170000.0,309
NW9,2007,208941.5,199997.5,454
NW9,2008,230963.5,219950.0,479
NW9,2009,203447.8,185000.0,192
NW9,2010,203307.4,187000.0,183
NW9,2011,229713.4,218250.0,292
NW9,2012,247227.9,238250.0,516
NW9,2013,256961.2,240000.0,697
NW9,2014,273853.5,250000.0,582
NW9,2015,326642.3,325000.0,897
NW9,2016,361850.5,342000.0,1083
NW9,2017,376578.2,347500.0,681
NW9,2018,415453.7,410000.0,1058
NW9,2019,441978.0,430000.0,913
NW9,2020,383887.4,374220.0,615
NW9,2021,411068.6,397514.0,928
NW9,2022,420240.1,405000.0,593
NW9,2023,421809.8,405000.0,523
NW9,2024,396414.6,398000.0,533
NW9,2025,413850.5,400000.0,436
NW9,2026,397500.0,397500.0,4
RM1,1995,45711.1,44000.0,73
RM1,1996,48380.1,44000.0,103
RM1,1997,47581.8,46000.0,124
RM1,1998,61558.8,62000.0,155
RM1,1999,65123.7,59995.0,135
RM1,2000,69507.1,66000.0,123
RM1,2001,97675.9,96250.0,236
RM1,2002,118829.3,114995.0,302
RM1,2003,133523.5,127500.0,183
RM1,2004,140603.9,140000.0,180
RM1,2005,141266.2,140000.0,131
RM1,2006,167207.7,160000.0,259
RM1,2007,190011.8,188733.0,513
RM1,2008,161351.2,160000.0,168
RM1,2009,149614.8,149000.0,141
RM1,2010,160526.9,160000.0,136
RM1,2011,142638.4,146000.0,85
RM1,2012,144664.0,150000.0,95
RM1,2013,148292.3,150000.0,112
RM1,2014,172581.5,175000.0,201
RM1,2015,215924.1,190000.0,167
RM1,2016,230200.0,237747.5,332
RM1,2017,242443.3,250000.0,224
RM1,2018,232774.5,241000.0,146
RM1,2019,240888.3,243250.0,180
RM1,2020,229426.3,238000.0,95
RM1,2021,243094.8,245000.0,309
RM1,2022,235690.5,250000.0,200
RM1,2023,256068.5,258000.0,149
RM1,2024,236539.3,240000.0,149
RM1,2025,217073.8,220000.0,101
RM1,2026,243500.0,238250.0,4
RM10,1995,38239.9,39500.0,150
RM10,1996,29767.8,30000.0,61
RM10,1997,33207.0,33500.0,91
RM10,1998,44043.6,45000.0,172
RM10,1999,48568.4,46995.0,180
RM10,2000,51467.8,51000.0,147
RM10,2001,60860.0,58500.0,172
RM10,2002,78345.9,76000.0,176
RM10,2003,99317.5,98000.0,164
RM10,2004,119121.6,120000.0,140
RM10,2005,132982.5,131997.5,166
RM10,2006,141941.8,139995.0,292
RM10,2007,133918.2,136250.0,134
RM10,2008,137990.0,140000.0,50
RM10,2009,109729.6,107500.0,37
RM10,2010,116994.8,119000.0,61
RM10,2011,117324.9,118500.0,58
RM10,2012,108857.4,110000.0,47
RM10,2013,113832.0,112000.0,73
RM10,2014,138723.8,140000.0,102
RM10,2015,152894.4,159000.0,128
RM10,2016,184960.7,185000.0,105
RM10,2017,194196.9,199247.5,104
RM10,2018,203450.6,213750.0,86
RM10,2019,226619.7,230000.0,109
RM10,2020,204483.9,210000.0,56
RM10,2021,208154.3,200000.0,81
RM10,2022,221703.3,225000.0,71
RM10,2023,228170.8,233000.0,60
RM10,2024,214690.2,215000.0,64
RM10,2025,206807.4,210000.0,61
RM11,1995,56328.1,49000.0,61
RM11,1996,53667.7,47500.0,87
RM11,1997,57874.2,50000.0,127
RM11,1998,61135.5,59500.0,77
RM11,1999,69035.3,64000.0,119
RM11,2000,85344.6,77000.0,103
RM11,2001,100612.6,92000.0,149
RM11,2002,127745.1,115000.0,130
RM11,2003,135918.2,134475.0,92
RM11,2004,169390.5,148375.0,98
RM11,2005,162287.9,146000.0,86
RM11,2006,190513.9,168000.0,136
RM11,2007,195713.2,190000.0,188
RM11,2008,182506.4,181997.5,62
RM11,2009,171843.8,167250.0,58
RM11,2010,177794.2,164000.0,44
RM11,2011,172175.9,164000.0,48
RM11,2012,182583.2,178000.0,61
RM11,2013,180019.2,175000.0,98
RM11,2014,188401.9,191000.0,148
RM11,2015,218684.2,225000.0,141
RM11,2016,253283.1,251000.0,121
RM11,2017,259110.9,246000.0,124
RM11,2018,264478.1,264400.0,112
RM11,2019,258521.2,247500.0,74
RM11,2020,262727.3,258000.0,75
RM11,2021,273687.6,271000.0,109
RM11,2022,269300.5,272500.0,94
RM11,2023,262008.4,271500.0,78
RM11,2024,269127.7,270000.0,94
RM11,2025,256239.4,270000.0,71
RM11,2026,303666.7,312500.0,3
RM12,1995,45586.3,46995.0,69
RM12,1996,45066.8,44999.0,75
RM12,1997,48953.1,47500.0,83
RM12,1998,52302.4,52750.0,108
RM12,1999,71658.7,59400.0,128
RM12,2000,77570.0,71750.0,146
RM12,2001,82379.7,82000.0,105
RM12,2002,104161.2,100995.0,121
RM12,2003,123920.5,120000.0,120
RM12,2004,153962.7,147750.0,180
RM12,2005,146527.8,140000.0,87
RM12,2006,147432.7,144000.0,105
RM12,2007,162733.4,159995.0,125
RM12,2008,154824.2,158000.0,67
RM12,2009,144513.1,140000.0,37
RM12,2010,157468.9,157000.0,61
RM12,2011,154376.2,152500.0,59
RM12,2012,159031.6,152000.0,71
RM12,2013,147518.4,150000.0,70
RM12,2014,162173.5,162250.0,72
RM12,2015,196992.1,195000.0,111
RM12,2016,210523.4,209000.0,100
RM12,2017,232450.7,230000.0,73
RM12,2018,225000.0,230000.0,61
RM12,2019,228705.4,230000.0,57
RM12,2020,257951.3,251500.0,65
RM12,2021,266129.3,263000.0,139
RM12,2022,279272.8,270000.0,101
RM12,2023,304511.0,301700.0,120
RM12,2024,274389.7,270000.0,101
RM12,2025,269443.3,277500.0,67
RM12,2026,311875.0,288750.0,4
RM13,1995,34810.5,35000.0,65
RM13,1996,36971.1,33875.0,60
RM13,1997,40675.7,39750.0,76
RM13,1998,43310.5,43995.0,64
RM13,1999,51394.4,50500.0,76
RM13,2000,56850.7,54000.0,95
RM13,2001,67515.1,65000.0,108
RM13,2002,84844.4,83000.0,107
RM13,2003,99281.7,97000.0,89
RM13,2004,113762.5,112000.0,75
RM13,2005,127670.5,125500.0,88
RM13,2006,130351.1,130000.0,87
RM13,2007,142705.0,140497.5,100
RM13,2008,141168.6,141000.0,49
RM13,2009,117621.9,118000.0,40
RM13,2010,120487.2,125000.0,40
RM13,2011,149314.6,133000.0,27
RM13,2012,120910.1,120000.0,34
RM13,2013,126986.2,131000.0,40
RM13,2014,146962.0,145500.0,74
RM13,2015,162429.5,170000.0,79
RM13,2016,195866.6,210000.0,81
RM13,2017,205440.2,220000.0,71
RM13,2018,214240.8,225000.0,58
RM13,2019,212381.5,220000.0,73
RM13,2020,190064.8,202000.0,54
RM13,2021,269765.2,280000.0,212
RM13,2022,288058.2,312500.0,197
RM13,2023,263101.3,275000.0,114
RM13,2024,228156.9,246500.0,96
RM13,2025,236620.8,250000.0,50
RM13,2026,328500.0,328500.0,2
RM14,1995,54118.6,52500.0,58
RM14,1996,56077.3,53000.0,53
RM14,1997,58623.0,58250.0,84
RM14,1998,63587.6,62500.0,71
RM14,1999,92554.5,78500.0,92
RM14,2000,119597.6,105000.0,95
RM14,2001,100607.5,99250.0,88
RM14,2002,127654.4,124000.0,100
RM14,2003,159632.1,145000.0,85
RM14,2004,187237.7,169995.0,110
RM14,2005,172829.5,169750.0,50
RM14,2006,177520.4,168250.0,108
RM14,2007,183217.3,176500.0,82
RM14,2008,208938.7,210000.0,51
RM14,2009,197978.5,180000.0,51
RM14,2010,200343.4,190500.0,70
RM14,2011,202357.1,185500.0,60
RM14,2012,197198.9,181500.0,56
RM14,2013,215148.0,197500.0,57
RM14,2014,219868.3,215000.0,91
RM14,2015,249223.8,230500.0,68
RM14,2016,315326.2,280000.0,67
RM14,2017,318999.2,296250.0,68
RM14,2018,309152.1,300000.0,64
RM14,2019,373817.4,302500.0,72
RM14,2020,357423.9,312500.0,46
RM14,2021,311013.2,293000.0,75
RM14,2022,324119.3,297000.0,67
RM14,2023,327159.8,301500.0,66
RM14,2024,301630.0,295000.0,50
RM14,2025,349666.7,330000.0,51
RM14,2026,335000.0,335000.0,2
RM15,1995,32111.1,31500.0,103
RM15,1996,29896.3,29250.0,145
RM15,1997,27806.0,27500.0,62
RM15,1998,32693.0,32500.0,75
RM15,1999,33671.5,34000.0,93
RM15,2000,42433.6,43250.0,122
RM15,2001,49219.0,51000.0,109
RM15,2002,64337.6,62995.0,125
RM15,2003,82248.2,83500.0,127
RM15,2004,95876.2,96497.5,110
RM15,2005,106315.8,105000.0,100
RM15,2006,103684.1,103750.0,114
RM15,2007,114830.8,119500.0,119
RM15,2008,114612.2,115000.0,60
RM15,2009,92270.7,86500.0,29
RM15,2010,94076.5,95000.0,39
RM15,2011,106161.0,111000.0,40
RM15,2012,118034.3,120000.0,55
RM15,2013,112605.3,115000.0,55
RM15,2014,119470.0,120000.0,109
RM15,2015,139140.7,138550.0,124
RM15,2016,169482.0,170000.0,147
RM15,2017,182470.7,180000.0,88
RM15,2018,179414.4,180000.0,73
RM15,2019,199977.3,191247.5,148
RM15,2020,209508.2,200000.0,82
RM15,2021,189056.5,192500.0,93
RM15,2022,235216.8,235995.0,153
RM15,2023,219780.0,210000.0,57
RM15,2024,197513.3,190000.0,69
RM15,2025,197895.5,200000.0,67
RM15,2026,232500.0,232500.0,2
RM16,1995,44194.4,42950.0,75
RM16,1996,39188.3,35250.0,51
RM16,1997,41387.8,41747.5,38
RM16,1998,49687.1,49995.0,56
RM16,1999,55220.4,53995.0,91
RM16,2000,78308.3,82122.5,230
RM16,2001,91620.8,90375.0,380
RM16,2002,114009.4,115000.0,379
RM16,2003,135250.9,133995.0,407
RM16,2004,146680.6,147000.0,365
RM16,2005,141707.2,142000.0,164
RM16,2006,149850.7,145000.0,260
RM16,2007,151426.0,152500.0,229
RM16,2008,152486.5,152250.0,98
RM16,2009,149847.8,140000.0,53
RM16,2010,144052.7,145000.0,71
RM16,2011,131764.7,139000.0,44
RM16,2012,143646.9,142000.0,68
RM16,2013,140076.2,142000.0,85
RM16,2014,147870.0,150000.0,189
RM16,2015,166865.3,168000.0,147
RM16,2016,196588.3,201000.0,179
RM16,2017,205745.0,215000.0,153
RM16,2018,211824.6,217000.0,116
RM16,2019,209917.6,215625.0,102
RM16,2020,208325.4,215000.0,96
RM16,2021,223598.0,225000.0,133
RM16,2022,230664.7,237500.0,112
RM16,2023,235948.7,245000.0,78
RM16,2024,223715.3,235000.0,92
RM16,2025,229148.1,235000.0,81
RM16,2026,225000.0,225000.0,1
RM17,1995,28345.4,27250.0,120
RM17,1996,29287.3,28000.0,272
RM17,1997,31472.5,30000.0,231
RM17,1998,34011.1,33000.0,203
RM17,1999,42469.6,38500.0,277
RM17,2000,58312.1,55000.0,467
RM17,2001,61643.4,57000.0,349
RM17,2002,76240.1,74000.0,369
RM17,2003,90655.8,89000.0,315
RM17,2004,103450.0,101000.0,279
RM17,2005,130141.5,126000.0,380
RM17,2006,139097.0,128000.0,409
RM17,2007,127649.5,124995.0,328
RM17,2008,126484.7,125000.0,128
RM17,2009,105962.8,106750.0,58
RM17,2010,106810.2,113000.0,97
RM17,2011,105521.9,110000.0,65
RM17,2012,110178.8,108500.0,100
RM17,2013,116976.2,116000.0,123
RM17,2014,117821.2,119995.0,177
RM17,2015,135768.0,135000.0,214
RM17,2016,156689.7,158250.0,208
RM17,2017,172947.1,170000.0,194
RM17,2018,184983.5,185000.0,199
RM17,2019,183058.6,185000.0,145
RM17,2020,180257.5,180000.0,153
RM17,2021,181752.9,180000.0,169
RM17,2022,197712.3,195000.0,154
RM17,2023,203166.6,195000.0,112
RM17,2024,188052.1,192000.0,121
RM17,2025,192657.1,200000.0,101
RM17,2026,100000.0,100000.0,1
RM18,1995,19848.8,18250.0,44
RM18,1996,19026.8,19995.0,44
RM18,1997,21547.9,21000.0,51
RM18,1998,21977.2,22000.0,61
RM18,1999,26236.1,26000.0,53
RM18,2000,33947.5,34000.0,76
RM18,2001,43525.2,42000.0,82
RM18,2002,52583.9,52000.0,88
RM18,2003,71900.5,73000.0,113
RM18,2004,94877.5,95000.0,145
RM18,2005,91789.6,96500.0,79
RM18,2006,96939.7,96500.0,75
RM18,2007,99508.3,102000.0,125
RM18,2008,91012.2,94000.0,40
RM18,2009,99952.1,105000.0,21
RM18,2010,80500.0,80000.0,33
RM18,2011,79747.5,79975.0,22
RM18,2012,76647.1,78000.0,17
RM18,2013,85529.1,90000.0,17
RM18,2014,98434.9,107000.0,63
RM18,2015,108472.5,115000.0,97
RM18,2016,128881.1,130000.0,80
RM18,2017,134303.2,135000.0,61
RM18,2018,147120.2,150000.0,58
RM18,2019,155045.0,159995.0,77
RM18,2020,149095.8,159995.0,65
RM18,2021,168644.4,166250.0,36
RM18,2022,181275.0,194000.0,47
RM18,2023,170972.4,185000.0,37
RM18,2024,165063.0,170000.0,39
RM18,2025,179667.6,183750.0,22
RM2,1995,48866.7,50000.0,21
RM2,1996,48750.5,50000.0,38
RM2,1997,52036.1,53000.0,55
RM2,1998,67911.7,64000.0,64
RM2,1999,86728.9,78747.5,88
RM2,2000,81976.8,82000.0,57
RM2,2001,96151.2,93500.0,49
RM2,2002,123165.5,120000.0,152
RM2,2003,130805.0,129500.0,185
RM2,2004,158471.1,159030.0,153
RM2,2005,179443.1,169995.0,127
RM2,2006,179243.5,165747.5,128
RM2,2007,180129.1,172335.0,133
RM2,2008,196264.0,200000.0,78
RM2,2009,189631.9,169500.0,53
RM2,2010,190194.9,175000.0,61
RM2,2011,165065.5,165000.0,61
RM2,2012,165688.8,155000.0,45
RM2,2013,170665.6,166500.0,86
RM2,2014,198215.4,194000.0,113
RM2,2015,227414.8,219995.0,89
RM2,2016,255110.8,260000.0,88
RM2,2017,274898.5,280000.0,85
RM2,2018,280166.3,280000.0,71
RM2,2019,280227.1,280000.0,83
RM2,2020,291403.8,272000.0,65
RM2,2021,263222.5,269000.0,105
RM2,2022,288246.3,280000.0,122
RM2,2023,293415.5,291250.0,74
RM2,2024,285049.2,282500.0,62
RM2,2025,289914.1,294500.0,64
RM3,1995,42867.3,43000.0,85
RM3,1996,39071.4,39750.0,78
RM3,1997,44000.7,44000.0,88
RM3,1998,48573.8,49000.0,114
RM3,1999,52603.5,51750.0,130
RM3,2000,60263.2,59000.0,100
RM3,2001,71706.1,68250.0,136
RM3,2002,84456.4,84000.0,111
RM3,2003,108917.1,106500.0,132
RM3,2004,130776.7,127500.0,162
RM3,2005,120729.3,120000.0,98
RM3,2006,124762.6,119999.0,157
RM3,2007,137741.5,129997.5,154
RM3,2008,142474.0,137000.0,93
RM3,2009,137580.3,145175.0,84
RM3,2010,129399.0,129950.0,59
RM3,2011,125858.3,120000.0,53
RM3,2012,126705.7,118000.0,51
RM3,2013,147100.0,155000.0,115
RM3,2014,185526.5,177500.0,192
RM3,2015,190603.3,195000.0,204
RM3,2016,253158.7,240000.0,177
RM3,2017,286647.6,275000.0,227
RM3,2018,308103.8,305000.0,278
RM3,2019,227632.8,220000.0,131
RM3,2020,229591.7,238000.0,120
RM3,2021,238663.1,223500.0,143
RM3,2022,246498.2,230000.0,124
RM3,2023,248585.1,245000.0,138
RM3,2024,256087.4,246000.0,111
RM3,2025,253281.7,255000.0,103
RM3,2026,337500.0,337500.0,2
RM5,1995,39878.6,43000.0,33
RM5,1996,38618.1,42000.0,22
RM5,1997,44114.0,43750.0,42
RM5,1998,53329.2,50750.0,32
RM5,1999,58309.9,58000.0,37
RM5,2000,57874.4,59995.0,35
RM5,2001,76810.5,75500.0,50
RM5,2002,90250.5,88975.0,40
RM5,2003,102085.4,109000.0,35
RM5,2004,125648.1,126000.0,35
RM5,2005,126237.4,125000.0,41
RM5,2006,133468.3,134500.0,55
RM5,2007,149961.5,155250.0,66
RM5,2008,145863.2,148500.0,22
RM5,2009,150684.8,146500.0,27
RM5,2010,132961.5,132750.0,26
RM5,2011,138178.6,142000.0,28
RM5,2012,139641.3,141902.5,34
RM5,2013,136250.0,150000.0,20
RM5,2014,162256.7,158500.0,35
RM5,2015,189335.3,185000.0,35
RM5,2016,200968.7,210000.0,56
RM5,2017,236131.4,247750.0,38
RM5,2018,225934.2,232500.0,38
RM5,2019,223072.4,230000.0,38
RM5,2020,229547.1,237500.0,35
RM5,2021,232439.4,230000.0,42
RM5,2022,258112.9,270000.0,31
RM5,2023,260620.0,277500.0,25
RM5,2024,256717.9,261500.0,39
RM5,2025,235065.2,252000.0,23
RM6,1995,45159.2,45250.0,136
RM6,1996,40177.5,40000.0,127
RM6,1997,43504.1,45000.0,186
RM6,1998,45857.1,47000.0,165
RM6,1999,50100.8,50000.0,204
RM6,2000,61667.2,59995.0,226
RM6,2001,74873.6,71997.5,242
RM6,2002,106482.8,100000.0,325
RM6,2003,121278.8,118000.0,253
RM6,2004,153719.0,150000.0,346
RM6,2005,156324.0,156000.0,294
RM6,2006,143892.3,140500.0,194
RM6,2007,153693.2,155000.0,224
RM6,2008,151446.4,152250.0,94
RM6,2009,122071.2,125000.0,63
RM6,2010,133569.1,125000.0,86
RM6,2011,125977.6,127000.0,65
RM6,2012,124137.6,125000.0,58
RM6,2013,136962.7,139750.0,96
RM6,2014,155127.7,155000.0,161
RM6,2015,175474.5,184500.0,154
RM6,2016,203901.1,213500.0,132
RM6,2017,214061.2,219000.0,150
RM6,2018,243777.9,250000.0,178
RM6,2019,211260.7,218000.0,141
RM6,2020,222459.7,234000.0,62
RM6,2021,212430.8,220000.0,123
RM6,2022,233586.4,245000.0,112
RM6,2023,229196.8,235000.0,63
RM6,2024,219946.0,230000.0,101
RM6,2025,228489.6,239000.0,70
RM7,1995,40056.2,40250.0,72
RM7,1996,41754.5,41050.0,86
RM7,1997,44044.0,43250.0,100
RM7,1998,55676.1,53000.0,123
RM7,1999,57244.7,55000.0,131
RM7,2000,64841.8,63000.0,128
RM7,2001,75073.9,77250.0,166
RM7,2002,93669.0,94000.0,131
RM7,2003,118386.6,114497.5,168
RM7,2004,138327.4,130000.0,164
RM7,2005,149370.1,141500.0,168
RM7,2006,144776.1,143000.0,143
RM7,2007,158121.5,157250.0,162
RM7,2008,165187.2,160000.0,99
RM7,2009,133534.6,130000.0,67
RM7,2010,135172.6,135500.0,55
RM7,2011,156130.3,146000.0,69
RM7,2012,146459.3,147500.0,163
RM7,2013,162076.0,164497.5,226
RM7,2014,163073.7,167000.0,201
RM7,2015,197378.2,195000.0,383
RM7,2016,213936.5,220000.0,205
RM7,2017,224868.1,235000.0,138
RM7,2018,232392.2,235000.0,149
RM7,2019,239599.7,240000.0,156
RM7,2020,237932.3,235000.0,167
RM7,2021,239827.0,235000.0,159
RM7,2022,240429.9,235000.0,127
RM7,2023,243157.0,236000.0,100
RM7,2024,234158.7,235500.0,78
RM7,2025,245843.7,255000.0,79
RM7,2026,195000.0,195000.0,1
RM8,1995,40445.4,39995.0,47
RM8,1996,36956.7,34972.5,50
RM8,1997,41008.1,40875.0,54
RM8,1998,45044.1,45000.0,58
RM8,1999,48884.1,47500.0,65
RM8,2000,56375.4,54997.5,82
RM8,2001,65628.3,66000.0,94
RM8,2002,88443.5,87000.0,89
RM8,2003,104142.3,103000.0,77
RM8,2004,123351.0,125000.0,67
RM8,2005,120479.6,120000.0,70
RM8,2006,126457.4,125000.0,59
RM8,2007,136021.4,132000.0,69
RM8,2008,140893.6,139000.0,33
RM8,2009,128020.0,120000.0,24
RM8,2010,167324.3,173995.0,113
RM8,2011,155164.0,163346.0,119
RM8,2012,151205.6,160000.0,107
RM8,2013,167705.4,175995.0,167
RM8,2014,166366.1,174995.0,137
RM8,2015,188100.8,175000.0,145
RM8,2016,202641.7,195500.0,124
RM8,2017,237111.6,235000.0,85
RM8,2018,193762.0,210000.0,126
RM8,2019,216980.8,205000.0,64
RM8,2020,225606.1,225000.0,33
RM8,2021,220669.8,210805.0,83
RM8,2022,240302.7,235000.0,56
RM8,2023,225893.6,235000.0,47
RM8,2024,238740.4,226500.0,52
RM8,2025,229666.7,222500.0,42
RM8,2026,200000.0,245000.0,3
RM9,1995,29431.4,31750.0,22
RM9,1996,29402.6,29500.0,25
RM9,1997,34932.9,32750.0,34
RM9,1998,37654.7,37250.0,30
RM9,1999,38359.0,39995.0,26
RM9,2000,60438.1,60000.0,65
RM9,2001,57748.9,57500.0,48
RM9,2002,76090.2,73000.0,55
RM9,2003,109445.3,103850.0,100
RM9,2004,130535.9,127500.0,115
RM9,2005,142681.0,155000.0,69
RM9,2006,122498.7,117500.0,42
RM9,2007,136379.3,130000.0,55
RM9,2008,145329.7,152000.0,41
RM9,2009,114902.8,103000.0,16
RM9,2010,118178.2,115000.0,14
RM9,2011,113232.1,109000.0,14
RM9,2012,105816.7,107000.0,15
RM9,2013,116088.9,119250.0,28
RM9,2014,144580.9,146000.0,37
RM9,2015,155419.2,157497.5,44
RM9,2016,191703.2,190000.0,46
RM9,2017,198610.8,202250.0,46
RM9,2018,192057.4,200000.0,32
RM9,2019,213125.0,202500.0,40
RM9,2020,209037.9,210600.0,29
RM9,2021,212309.5,214000.0,42
RM9,2022,246500.0,227000.0,23
RM9,2023,216399.6,222500.0,34
RM9,2024,174897.4,190000.0,43
RM9,2025,219341.4,215000.0,29
SE1,1995,97998.1,93000.0,476
SE1,1996,151177.4,133250.0,874
SE1,1997,139714.9,119897.5,1264
SE1,1998,164666.8,150000.0,1276
SE1,1999,199648.1,165000.0,1182
SE1,2000,240630.4,205412.5,1704
SE1,2001,284610.7,235000.0,1594
SE1,2002,295157.1,250000.0,1335
SE1,2003,297075.1,262000.0,1227
SE1,2004,308627.0,280750.0,1504
SE1,2005,322328.2,290000.0,1160
SE1,2006,330909.8,291000.0,1633
SE1,2007,391199.8,345000.0,1496
SE1,2008,390146.5,330000.0,767
SE1,2009,386481.3,350000.0,643
SE1,2010,435965.4,370000.0,971
SE1,2011,478751.0,383750.0,936
SE1,2012,520331.1,410000.0,940
SE1,2013,565636.8,439500.0,975
SE1,2014,649423.5,540000.0,996
SE1,2015,725807.7,630000.0,1305
SE1,2016,853515.1,610000.0,1343
SE1,2017,953287.0,672750.0,1080
SE1,2018,967762.8,732990.0,1580
SE1,2019,1163360.6,665000.0,835
SE1,2020,1058337.5,825000.0,1081
SE1,2021,925456.3,675000.0,1073
SE1,2022,764707.9,621750.0,876
SE1,2023,839439.1,675000.0,860
SE1,2024,733896.6,552500.0,789
SE1,2025,665621.7,545000.0,554
SE1,2026,499250.0,450000.0,16
SE10,1995,76196.5,73000.0,104
SE10,1996,70198.5,62000.0,117
SE10,1997,83915.6,69995.0,126
SE10,1998,93556.5,77000.0,135
SE10,1999,130001.0,114750.0,156
SE10,2000,139936.4,125000.0,150
SE10,2001,183781.4,169975.0,306
SE10,2002,223550.9,220000.0,372
SE10,2003,235635.2,220000.0,349
SE10,2004,253334.6,235000.0,426
SE10,2005,248360.1,225500.0,246
SE10,2006,266747.7,249999.0,447
SE10,2007,291402.4,270000.0,489
SE10,2008,300258.5,290000.0,304
SE10,2009,262249.0,250000.0,170
SE10,2010,313403.3,265000.0,161
SE10,2011,304742.7,290000.0,399
SE10,2012,289969.7,266975.0,348
SE10,2013,402020.6,345000.0,548
SE10,2014,422992.9,406000.0,1066
SE10,2015,436775.1,424995.0,927
SE10,2016,493157.3,460250.0,1026
SE10,2017,495789.6,490000.0,955
SE10,2018,477480.1,460875.0,740
SE10,2019,564875.5,548050.0,901
SE10,2020,572267.6,555000.0,940
SE10,2021,555723.7,530000.0,626
SE10,2022,574947.1,583897.5,746
SE10,2023,520226.8,500000.0,502
SE10,2024,501555.9,500000.0,587
SE10,2025,467549.0,450000.0,385
SE10,2026,434326.4,386000.0,12
SE11,1995,60770.9,59450.0,90
SE11,1996,68463.9,65250.0,122
SE11,1997,89005.0,75000.0,190
SE11,1998,118741.6,106000.0,227
SE11,1999,128488.7,120000.0,178
SE11,2000,153165.9,140000.0,119
SE11,2001,169385.3,161000.0,166
SE11,2002,201892.5,181000.0,178
SE11,2003,200565.6,180000.0,181
SE11,2004,222944.8,200000.0,192
SE11,2005,222117.0,217500.0,197
SE11,2006,255466.1,239000.0,308
SE11,2007,279876.4,250000.0,242
SE11,2008,285562.2,250000.0,139
SE11,2009,266508.3,245000.0,115
SE11,2010,285393.9,277500.0,152
SE11,2011,299887.6,267000.0,167
SE11,2012,330727.3,290000.0,156
SE11,2013,371914.5,341000.0,152
SE11,2014,459155.3,440875.0,230
SE11,2015,492423.9,450000.0,259
SE11,2016,518951.7,485000.0,161
SE11,2017,434897.9,361000.0,191
SE11,2018,505567.9,475000.0,125
SE11,2019,493522.2,486000.0,125
SE11,2020,405643.4,400000.0,139
SE11,2021,499198.5,472000.0,168
SE11,2022,496360.9,475000.0,184
SE11,2023,587391.1,584730.0,323
SE11,2024,497318.2,460000.0,250
SE11,2025,510035.9,450000.0,162
SE11,2026,604000.0,650000.0,5
SE12,1995,44362.6,45000.0,103
SE12,1996,43880.9,42000.0,130
SE12,1997,51147.2,48000.0,187
SE12,1998,57559.1,57000.0,190
SE12,1999,68258.3,64800.0,275
SE12,2000,87156.9,83972.5,296
SE12,2001,95926.8,92500.0,249
SE12,2002,121064.2,115000.0,292
SE12,2003,138790.2,132000.0,235
SE12,2004,146864.0,141625.0,234
SE12,2005,148203.0,145000.0,224
SE12,2006,159890.2,155000.0,277
SE12,2007,172765.6,166500.0,250
SE12,2008,185383.0,178450.0,113
SE12,2009,154437.7,152500.0,65
SE12,2010,164813.0,153900.0,94
SE12,2011,180546.2,172250.0,80
SE12,2012,177379.0,173500.0,93
SE12,2013,196374.5,179975.0,150
SE12,2014,223325.3,215650.0,224
SE12,2015,252007.2,246250.0,168
SE12,2016,290394.7,286250.0,150
SE12,2017,291940.0,290000.0,145
SE12,2018,291672.3,280000.0,111
SE12,2019,300281.4,289900.0,134
SE12,2020,298200.8,275500.0,123
SE12,2021,304809.9,290000.0,181
SE12,2022,315707.1,305000.0,161
SE12,2023,293936.1,293218.0,96
SE12,2024,314024.4,308000.0,121
SE12,2025,316186.3,300000.0,100
SE12,2026,392500.0,392500.0,2
SE13,1995,47288.6,45000.0,246
SE13,1996,48108.8,43000.0,313
SE13,1997,55754.6,51000.0,409
SE13,1998,69008.4,58000.0,512
SE13,1999,80069.6,67000.0,477
SE13,2000,96532.5,86000.0,481
SE13,2001,115824.6,108000.0,527
SE13,2002,150619.0,139972.5,648
SE13,2003,168654.4,161250.0,826
SE13,2004,175431.4,165400.0,632
SE13,2005,185532.3,178000.0,665
SE13,2006,196998.3,186945.0,663
SE13,2007,218666.1,207250.0,778
SE13,2008,207290.6,198000.0,251
SE13,2009,191644.3,177000.0,197
SE13,2010,201812.4,188250.0,434
SE13,2011,208570.0,195000.0,375
SE13,2012,222550.9,210000.0,518
SE13,2013,240775.7,230000.0,596
SE13,2014,286623.1,275000.0,675
SE13,2015,320646.3,315000.0,724
SE13,2016,331623.5,320000.0,752
SE13,2017,355322.8,345000.0,390
SE13,2018,372069.3,366250.0,460
SE13,2019,365485.8,345000.0,398
SE13,2020,372486.0,367750.0,332
SE13,2021,351093.1,350000.0,489
SE13,2022,379208.2,365000.0,420
SE13,2023,374160.6,360000.0,323
SE13,2024,368512.6,350000.0,381
SE13,2025,379006.2,360000.0,316
SE13,2026,442500.0,442500.0,2
SE14,1995,40710.0,39995.0,238
SE14,1996,40538.5,39747.5,312
SE14,1997,47730.4,48000.0,188
SE14,1998,51633.4,50000.0,220
SE14,1999,63321.0,59995.0,317
SE14,2000,80431.7,74000.0,383
SE14,2001,93475.0,89000.0,309
SE14,2002,116401.5,115000.0,346
SE14,2003,139546.9,135000.0,264
SE14,2004,144868.3,138747.5,286
SE14,2005,150045.6,147250.0,256
SE14,2006,166401.2,160000.0,345
SE14,2007,182960.9,174500.0,365
SE14,2008,191582.0,184500.0,132
SE14,2009,175212.8,168000.0,97
SE14,2010,184887.3,175000.0,106
SE14,2011,196996.8,198000.0,105
SE14,2012,196831.1,184000.0,148
SE14,2013,226022.1,210000.0,235
SE14,2014,266004.2,250000.0,243
SE14,2015,301226.9,284250.0,242
SE14,2016,339027.6,320500.0,196
SE14,2017,333899.7,317500.0,169
SE14,2018,343904.9,330000.0,224
SE14,2019,401902.8,405000.0,290
SE14,2020,428476.2,420000.0,235
SE14,2021,407787.5,405000.0,267
SE14,2022,422070.6,420000.0,276
SE14,2023,384342.5,347500.0,197
SE14,2024,360936.8,340000.0,220
SE14,2025,380209.2,362375.0,152
SE14,2026,414000.0,414000.0,2
SE15,1995,38765.8,38000.0,126
SE15,1996,39754.2,39000.0,141
SE15,1997,45905.4,46125.0,248
SE15,1998,65688.4,59000.0,263
SE15,1999,71268.3,65950.0,432
SE15,2000,94287.2,84972.5,370
SE15,2001,119363.1,111750.0,410
SE15,2002,141970.8,137500.0,498
SE15,2003,162299.5,158000.0,445
SE15,2004,171874.2,167000.0,575
SE15,2005,176652.2,170000.0,448
SE15,2006,195402.7,190000.0,609
SE15,2007,209235.4,202500.0,627
SE15,2008,218443.3,205000.0,292
SE15,2009,193354.8,189497.5,186
SE15,2010,210316.8,205000.0,287
SE15,2011,210188.8,204250.0,262
SE15,2012,232483.1,227000.0,319
SE15,2013,249871.7,245000.0,467
SE15,2014,304351.5,290000.0,529
SE15,2015,343705.5,326000.0,511
SE15,2016,381572.2,375000.0,490
SE15,2017,411672.5,400000.0,491
SE15,2018,407303.4,380000.0,352
SE15,2019,411117.3,395000.0,347
SE15,2020,449550.1,437000.0,423
SE15,2021,442276.5,434000.0,573
SE15,2022,442863.0,410500.0,425
SE15,2023,434352.2,410000.0,367
SE15,2024,429560.6,410000.0,426
SE15,2025,449103.6,425000.0,359
SE15,2026,359964.3,351250.0,14
SE16,1995,83293.5,72500.0,514
SE16,1996,82775.2,70000.0,591
SE16,1997,106655.8,97000.0,717
SE16,1998,129832.4,115000.0,841
SE16,1999,139498.6,132000.0,1005
SE16,2000,163215.7,150000.0,879
SE16,2001,185460.1,170000.0,902
SE16,2002,205665.4,190000.0,867
SE16,2003,210211.6,189995.0,733
SE16,2004,227286.0,209950.0,738
SE16,2005,245896.7,225000.0,707
SE16,2006,238118.3,215000.0,736
SE16,2007,291633.7,265000.0,832
SE16,2008,296433.2,250000.0,422
SE16,2009,288981.2,250000.0,351
SE16,2010,305118.6,284000.0,583
SE16,2011,310257.3,285000.0,519
SE16,2012,319295.2,300000.0,520
SE16,2013,352427.3,335000.0,939
SE16,2014,407938.9,387950.0,893
SE16,2015,429831.6,415000.0,816
SE16,2016,444735.8,425000.0,664
SE16,2017,488832.7,482125.0,676
SE16,2018,480768.5,475000.0,543
SE16,2019,439206.8,420000.0,417
SE16,2020,456959.3,440000.0,281
SE16,2021,437230.3,415000.0,523
SE16,2022,481118.4,450000.0,491
SE16,2023,477655.2,450000.0,444
SE16,2024,465076.1,435000.0,445
SE16,2025,461898.0,450000.0,368
SE16,2026,521923.1,505000.0,13
SE17,1995,42627.2,42625.0,58
SE17,1996,46304.0,45250.0,74
SE17,1997,49706.8,49950.0,107
SE17,1998,67681.7,65000.0,137
SE17,1999,78917.4,73000.0,153
SE17,2000,108504.2,109950.0,129
SE17,2001,141737.2,130000.0,153
SE17,2002,142419.0,141000.0,169
SE17,2003,155284.0,155000.0,147
SE17,2004,167268.5,165000.0,187
SE17,2005,190695.0,180000.0,175
SE17,2006,211816.4,204250.0,269
SE17,2007,248727.1,245000.0,314
SE17,2008,239711.6,225000.0,150
SE17,2009,190548.8,174950.0,85
SE17,2010,244488.5,228000.0,158
SE17,2011,257961.1,235000.0,157
SE17,2012,242744.2,241750.0,134
SE17,2013,278211.2,280000.0,279
SE17,2014,307958.1,305000.0,213
SE17,2015,373752.5,388750.0,430
SE17,2016,393151.9,410000.0,236
SE17,2017,523024.1,520000.0,815
SE17,2018,449997.2,479590.0,424
SE17,2019,599047.9,587995.0,544
SE17,2020,408015.1,385000.0,307
SE17,2021,500124.0,458000.0,228
SE17,2022,487597.3,451000.0,199
SE17,2023,444150.6,430000.0,197
SE17,2024,610914.9,625000.0,435
SE17,2025,470017.9,435000.0,177
SE17,2026,431666.7,426000.0,3
SE18,1995,51743.1,43997.5,180
SE18,1996,39361.4,30250.0,136
SE18,1997,46513.4,39125.0,240
SE18,1998,56755.1,52000.0,395
SE18,1999,71196.2,67000.0,494
SE18,2000,83776.5,68000.0,352
SE18,2001,91601.3,80000.0,337
SE18,2002,120182.2,114500.0,438
SE18,2003,156981.1,139000.0,563
SE18,2004,168739.9,146100.0,658
SE18,2005,198755.8,193000.0,763
SE18,2006,206494.7,180760.0,712
SE18,2007,219764.8,190000.0,813
SE18,2008,191384.0,170000.0,276
SE18,2009,224401.1,205000.0,201
SE18,2010,203880.6,199500.0,202
SE18,2011,192629.2,170000.0,215
SE18,2012,200774.7,190000.0,371
SE18,2013,230703.7,211500.0,444
SE18,2014,234605.5,223500.0,618
SE18,2015,286852.4,255000.0,740
SE18,2016,327256.0,304000.0,643
SE18,2017,376124.6,360000.0,649
SE18,2018,441798.0,440000.0,840
SE18,2019,429632.5,420000.0,716
SE18,2020,374381.3,350000.0,445
SE18,2021,372768.2,360000.0,593
SE18,2022,428052.8,434500.0,784
SE18,2023,370188.6,335000.0,436
SE18,2024,439029.5,427100.0,538
SE18,2025,369377.2,337500.0,316
SE18,2026,476166.7,451000.0,6
SE19,1995,41796.6,42850.0,292
SE19,1996,40678.1,40000.0,343
SE19,1997,45239.0,44000.0,440
SE19,1998,56472.3,55000.0,446
SE19,1999,66922.3,63750.0,520
SE19,2000,84252.0,80000.0,572
SE19,2001,98508.5,93500.0,507
SE19,2002,123955.6,120500.0,559
SE19,2003,142585.0,140000.0,458
SE19,2004,153776.1,148375.0,458
SE19,2005,162997.4,159000.0,415
SE19,2006,177472.4,170000.0,523
SE19,2007,202955.2,189995.0,563
SE19,2008,208228.0,197750.0,224
SE19,2009,188095.5,182500.0,167
SE19,2010,199661.1,199950.0,217
SE19,2011,196413.2,191000.0,243
SE19,2012,215319.5,207000.0,275
SE19,2013,228877.0,222500.0,421
SE19,2014,278543.1,260000.0,477
SE19,2015,318513.5,316000.0,443
SE19,2016,353804.7,337000.0,371
SE19,2017,370537.8,360000.0,322
SE19,2018,396046.6,370000.0,335
SE19,2019,371469.1,358662.0,313
SE19,2020,382744.1,372500.0,283
SE19,2021,378750.2,365000.0,498
SE19,2022,375741.4,360000.0,411
SE19,2023,364993.7,350000.0,299
SE19,2024,382173.6,375000.0,296
SE19,2025,385537.1,375000.0,307
SE19,2026,413640.4,430561.5,8
SE2,1995,32505.5,32000.0,33
SE2,1996,32240.6,34000.0,33
SE2,1997,34372.5,32500.0,41
SE2,1998,43007.9,43000.0,50
SE2,1999,45233.9,45000.0,59
SE2,2000,55291.1,55000.0,63
SE2,2001,70885.5,71995.0,61
SE2,2002,86745.6,86000.0,69
SE2,2003,132375.1,131497.5,134
SE2,2004,147189.0,153588.0,164
SE2,2005,124396.6,127500.0,64
SE2,2006,128029.1,130000.0,76
SE2,2007,139519.0,143000.0,103
SE2,2008,134634.6,135500.0,46
SE2,2009,128573.5,129000.0,17
SE2,2010,121013.1,124997.5,18
SE2,2011,112337.0,115000.0,46
SE2,2012,118307.8,116200.0,25
SE2,2013,122367.8,120000.0,43
SE2,2014,149858.1,158000.0,55
SE2,2015,240210.3,215000.0,73
SE2,2016,232062.4,242500.0,70
SE2,2017,223055.5,234000.0,53
SE2,2018,231722.2,234000.0,36
SE2,2019,230514.3,238110.5,36
SE2,2020,217183.2,230000.0,36
SE2,2021,281938.8,245000.0,109
SE2,2022,348955.8,341000.0,207
SE2,2023,302621.7,274000.0,90
SE2,2024,247647.3,250000.0,37
SE2,2025,246781.8,250000.0,33
SE2,2026,250000.0,250000.0,2
SE20,1995,38316.7,38000.0,169
SE20,1996,37743.7,36725.0,238
SE20,1997,42647.2,42000.0,326
SE20,1998,49898.4,48000.0,320
SE20,1999,60871.6,59000.0,414
SE20,2000,73297.2,69950.0,413
SE20,2001,88311.3,84875.0,494
SE20,2002,108158.0,107000.0,423
SE20,2003,130119.9,126000.0,308
SE20,2004,140040.3,137000.0,367
SE20,2005,145844.8,142250.0,302
SE20,2006,157950.9,155000.0,318
SE20,2007,174930.8,170000.0,365
SE20,2008,175391.5,180000.0,196
SE20,2009,157966.3,160000.0,107
SE20,2010,170085.8,165300.0,128
SE20,2011,165831.2,159000.0,165
SE20,2012,182090.2,166000.0,234
SE20,2013,197002.6,185000.0,242
SE20,2014,235955.4,234972.5,380
SE20,2015,272817.9,270000.0,291
SE20,2016,309312.4,313500.0,274
SE20,2017,326729.8,320000.0,244
SE20,2018,330844.4,332500.0,252
SE20,2019,348677.6,350000.0,324
SE20,2020,340950.6,332500.0,236
SE20,2021,335166.8,320000.0,294
SE20,2022,341051.2,332000.0,277
SE20,2023,323491.8,315000.0,218
SE20,2024,349442.4,340200.0,216
SE20,2025,334441.5,325000.0,160
SE20,2026,311166.7,328500.0,6
SE21,1995,48680.9,47000.0,75
SE21,1996,60117.4,59950.0,97
SE21,1997,64270.6,64000.0,137
SE21,1998,87165.5,76000.0,143
SE21,1999,101303.6,85000.0,175
SE21,2000,124916.8,121250.0,142
SE21,2001,140397.2,131500.0,144
SE21,2002,158844.7,155000.0,160
SE21,2003,175020.3,164000.0,135
SE21,2004,195259.4,194250.0,162
SE21,2005,199778.0,190500.0,132
SE21,2006,218142.5,210000.0,168
SE21,2007,233469.9,220000.0,189
SE21,2008,232708.1,224500.0,68
SE21,2009,231623.2,227500.0,58
SE21,2010,253486.8,248975.0,72
SE21,2011,259430.2,244000.0,81
SE21,2012,271244.5,250000.0,93
SE21,2013,283745.3,265000.0,116
SE21,2014,356068.5,351500.0,110
SE21,2015,371066.4,347475.0,122
SE21,2016,431225.6,388000.0,105
SE21,2017,457377.9,429250.0,90
SE21,2018,428517.9,390500.0,88
SE21,2019,435750.3,417663.0,98
SE21,2020,440910.2,426250.0,78
SE21,2021,464124.9,450000.0,125
SE21,2022,472038.8,455000.0,100
SE21,2023,450069.4,454000.0,70
SE21,2024,479643.1,450000.0,101
SE21,2025,501784.7,450000.0,79
SE21,2026,315000.0,315000.0,1
SE22,1995,47119.1,46000.0,186
SE22,1996,47519.3,48000.0,197
SE22,1997,54700.7,53250.0,294
SE22,1998,69055.1,65700.0,339
SE22,1999,85373.3,81500.0,436
SE22,2000,111835.0,112000.0,379
SE22,2001,132051.6,129997.5,352
SE22,2002,165494.6,165000.0,456
SE22,2003,181515.2,180000.0,348
SE22,2004,188915.5,186750.0,390
SE22,2005,202803.9,200500.0,382
SE22,2006,222246.0,225000.0,465
SE22,2007,256700.4,250000.0,397
SE22,2008,261323.0,250000.0,147
SE22,2009,233578.6,235000.0,184
SE22,2010,262184.8,257000.0,226
SE22,2011,261318.1,250000.0,239
SE22,2012,273556.4,272000.0,261
SE22,2013,309659.1,300000.0,314
SE22,2014,384536.0,375000.0,322
SE22,2015,413873.2,410000.0,300
SE22,2016,455129.5,440000.0,265
SE22,2017,466666.0,450000.0,288
SE22,2018,474779.5,470000.0,251
SE22,2019,463976.0,450000.0,229
SE22,2020,479727.9,461250.0,225
SE22,2021,492812.0,475000.0,335
SE22,2022,490826.2,485000.0,321
SE22,2023,482597.5,470000.0,239
SE22,2024,474374.1,450000.0,272
SE22,2025,504473.1,486250.0,238
SE22,2026,511500.0,490500.0,7
SE23,1995,43275.0,44000.0,200
SE23,1996,45179.3,45500.0,269
SE23,1997,49909.3,49500.0,345
SE23,1998,58939.9,58000.0,408
SE23,1999,69536.2,68000.0,485
SE23,2000,88572.8,84250.0,444
SE23,2001,103195.0,100000.0,419
SE23,2002,126409.5,127500.0,472
SE23,2003,145211.2,142000.0,449
SE23,2004,158294.8,155997.5,446
SE23,2005,160434.5,160000.0,372
SE23,2006,181371.5,175997.5,482
SE23,2007,209646.1,203000.0,489
SE23,2008,212535.5,204997.5,220
SE23,2009,187433.4,184000.0,143
SE23,2010,212079.7,210000.0,299
SE23,2011,208892.0,207500.0,224
SE23,2012,220245.1,215000.0,278
SE23,2013,244839.3,239950.0,374
SE23,2014,302391.0,287750.0,466
SE23,2015,326656.5,325000.0,364
SE23,2016,383533.9,375000.0,369
SE23,2017,395307.6,382500.0,287
SE23,2018,364027.8,355000.0,267
SE23,2019,364976.4,360000.0,287
SE23,2020,390395.2,380000.0,281
SE23,2021,394336.3,385000.0,395
SE23,2022,412300.8,414000.0,372
SE23,2023,395267.5,395000.0,274
SE23,2024,404120.6,382000.0,307
SE23,2025,406801.8,400000.0,246
SE23,2026,385928.6,360000.0,7
SE24,1995,59174.2,55000.0,114
SE24,1996,54769.8,55000.0,135
SE24,1997,67419.9,65500.0,235
SE24,1998,86418.9,79725.0,184
SE24,1999,100598.2,101500.0,208
SE24,2000,131334.0,131750.0,228
SE24,2001,158278.9,158500.0,183
SE24,2002,168436.5,171250.0,226
SE24,2003,184401.6,180250.0,154
SE24,2004,196033.6,194000.0,196
SE24,2005,207267.6,205000.0,181
SE24,2006,228740.2,225000.0,228
SE24,2007,254204.2,250000.0,257
SE24,2008,257279.4,249950.0,147
SE24,2009,246526.1,239250.0,90
SE24,2010,257528.7,250000.0,150
SE24,2011,282175.0,277000.0,119
SE24,2012,301042.8,282500.0,136
SE24,2013,345355.4,331500.0,146
SE24,2014,420854.6,415000.0,163
SE24,2015,431727.2,451750.0,156
SE24,2016,514900.4,500000.0,146
SE24,2017,494483.0,499950.0,133
SE24,2018,466436.5,480000.0,122
SE24,2019,457692.9,450000.0,107
SE24,2020,515585.5,499999.5,108
SE24,2021,515096.4,520000.0,182
SE24,2022,522596.9,510365.0,157
SE24,2023,501952.8,500000.0,110
SE24,2024,520407.4,517410.0,130
SE24,2025,521826.5,519000.0,136
SE24,2026,753750.0,753750.0,2
SE25,1995,34444.2,35000.0,300
SE25,1996,35624.8,35000.0,308
SE25,1997,39627.6,38750.0,410
SE25,1998,47876.9,47000.0,422
SE25,1999,55754.7,55000.0,530
SE25,2000,68599.3,66000.0,560
SE25,2001,79293.7,78974.5,554
SE25,2002,103363.9,103000.0,604
SE25,2003,120153.0,120000.0,461
SE25,2004,130271.4,130000.0,469
SE25,2005,137185.3,135850.0,352
SE25,2006,142776.1,140000.0,453
SE25,2007,159311.2,156000.0,529
SE25,2008,158412.6,160000.0,226
SE25,2009,133025.2,136000.0,117
SE25,2010,142365.9,143500.0,113
SE25,2011,142711.7,140000.0,115
SE25,2012,152329.3,155750.0,178
SE25,2013,171821.9,166000.0,235
SE25,2014,187537.7,185000.0,401
SE25,2015,212733.9,212000.0,361
SE25,2016,247263.8,250000.0,366
SE25,2017,267052.6,265000.0,326
SE25,2018,260757.9,255250.0,234
SE25,2019,259570.2,250000.0,186
SE25,2020,272633.6,273500.0,193
SE25,2021,270762.9,270000.0,295
SE25,2022,272319.0,272500.0,301
SE25,2023,281151.4,282500.0,259
SE25,2024,258634.2,260000.0,210
SE25,2025,272734.4,265215.0,186
SE25,2026,330000.0,330000.0,2
SE26,1995,47910.1,48750.0,184
SE26,1996,47580.9,47495.0,304
SE26,1997,53706.4,50750.0,387
SE26,1998,62650.5,60000.0,416
SE26,1999,72693.9,68500.0,406
SE26,2000,90943.3,86000.0,463
SE26,2001,104006.8,98000.0,429
SE26,2002,124916.6,123500.0,429
SE26,2003,147013.8,142000.0,333
SE26,2004,156865.4,151750.0,424
SE26,2005,160462.2,159997.5,354
SE26,2006,179462.0,175000.0,441
SE26,2007,200193.1,190000.0,413
SE26,2008,208941.4,205000.0,201
SE26,2009,185611.9,175000.0,100
SE26,2010,192962.1,185000.0,173
SE26,2011,206118.1,200000.0,159
SE26,2012,213051.3,218500.0,192
SE26,2013,236916.7,225000.0,300
SE26,2014,292401.0,282500.0,308
SE26,2015,312344.2,300000.0,346
SE26,2016,347801.1,345000.0,269
SE26,2017,379305.5,380000.0,275
SE26,2018,347316.8,360000.0,373
SE26,2019,364093.7,346250.0,252
SE26,2020,372207.4,375000.0,210
SE26,2021,368488.5,370000.0,350
SE26,2022,391500.8,375000.0,391
SE26,2023,379162.6,370000.0,211
SE26,2024,384394.2,369500.0,282
SE26,2025,395870.7,375000.0,221
SE26,2026,371666.7,410000.0,3
SE27,1995,42670.0,43500.0,106
SE27,1996,40974.6,40000.0,108
SE27,1997,51909.6,50000.0,163
SE27,1998,61189.9,58500.0,206
SE27,1999,71680.0,66000.0,228
SE27,2000,89755.9,84125.0,230
SE27,2001,111972.8,106012.5,212
SE27,2002,129761.0,128000.0,235
SE27,2003,146272.5,145000.0,197
SE27,2004,157742.4,154000.0,240
SE27,2005,158562.0,160000.0,212
SE27,2006,175765.2,166625.0,254
SE27,2007,209397.8,203000.0,273
SE27,2008,211502.7,205000.0,111
SE27,2009,192683.8,191000.0,79
SE27,2010,219167.4,219400.0,109
SE27,2011,207731.0,204000.0,121
SE27,2012,222136.9,225000.0,101
SE27,2013,244583.3,238725.0,212
SE27,2014,305827.1,300000.0,232
SE27,2015,338633.2,337000.0,204
SE27,2016,384129.1,371750.0,154
SE27,2017,394695.3,361500.0,170
SE27,2018,379156.2,375000.0,162
SE27,2019,390697.5,394500.0,130
SE27,2020,413854.8,407475.0,120
SE27,2021,407702.1,416000.0,177
SE27,2022,413719.5,410000.0,183
SE27,2023,390819.7,392500.0,144
SE27,2024,405745.0,381000.0,183
SE27,2025,417464.7,400000.0,123
SE27,2026,475583.3,486250.0,6
SE28,1995,29387.7,29995.0,47
SE28,1996,29581.5,27500.0,58
SE28,1997,30916.8,29995.0,61
SE28,1998,38768.5,37000.0,84
SE28,1999,52904.9,52895.0,137
SE28,2000,63343.6,58000.0,189
SE28,2001,86006.0,83000.0,263
SE28,2002,101354.5,106000.0,345
SE28,2003,159820.6,145000.0,448
SE28,2004,151508.6,144995.0,434
SE28,2005,196422.2,196975.0,470
SE28,2006,199372.8,199995.0,471
SE28,2007,168978.3,165000.0,286
SE28,2008,142118.0,140000.0,85
SE28,2009,115767.3,114500.0,26
SE28,2010,131956.9,118000.0,35
SE28,2011,134565.0,140000.0,37
SE28,2012,140956.3,131500.0,50
SE28,2013,135433.9,132000.0,95
SE28,2014,177627.8,170000.0,166
SE28,2015,208686.5,206500.0,146
SE28,2016,219465.1,216000.0,168
SE28,2017,238792.6,231250.0,134
SE28,2018,228513.9,226000.0,100
SE28,2019,224913.6,229000.0,68
SE28,2020,212878.1,210000.0,49
SE28,2021,245934.0,229000.0,81
SE28,2022,228674.4,228500.0,90
SE28,2023,279460.5,259000.0,110
SE28,2024,338699.8,335000.0,191
SE28,2025,291852.8,260000.0,113
SE28,2026,249166.7,285000.0,3
SE3,1995,77565.4,70000.0,201
SE3,1996,75790.3,70000.0,294
SE3,1997,87095.5,81500.0,350
SE3,1998,105629.8,92750.0,302
SE3,1999,123665.4,115000.0,354
SE3,2000,146609.5,135000.0,327
SE3,2001,162589.4,152500.0,358
SE3,2002,194286.5,180500.0,366
SE3,2003,202556.6,184000.0,312
SE3,2004,214596.0,195000.0,454
SE3,2005,241645.8,229622.5,372
SE3,2006,252501.6,240000.0,425
SE3,2007,291675.3,271000.0,355
SE3,2008,281136.3,267000.0,165
SE3,2009,265912.4,245000.0,196
SE3,2010,303738.3,282250.0,286
SE3,2011,297913.2,278975.0,240
SE3,2012,303003.2,280000.0,236
SE3,2013,331441.1,320000.0,373
SE3,2014,369229.0,350000.0,491
SE3,2015,423005.8,419000.0,373
SE3,2016,442930.7,436047.5,432
SE3,2017,454700.2,451250.0,254
SE3,2018,434146.5,429997.5,334
SE3,2019,451519.0,450000.0,303
SE3,2020,490528.3,496375.0,379
SE3,2021,447121.6,420000.0,638
SE3,2022,472501.0,457000.0,261
SE3,2023,411894.9,364250.0,344
SE3,2024,442231.6,425000.0,398
SE3,2025,462312.0,437000.0,305
SE3,2026,374500.0,374500.0,2
SE4,1995,40844.9,41500.0,169
SE4,1996,45388.9,46000.0,171
SE4,1997,50386.0,49950.0,274
SE4,1998,63993.2,60000.0,323
SE4,1999,75969.3,71000.0,323
SE4,2000,92293.6,84997.5,300
SE4,2001,111693.1,106000.0,319
SE4,2002,134068.2,135000.0,296
SE4,2003,145624.5,145000.0,237
SE4,2004,163370.4,159000.0,310
SE4,2005,173590.2,167000.0,261
SE4,2006,181382.6,172250.0,290
SE4,2007,213010.9,209950.0,316
SE4,2008,220721.4,215000.0,161
SE4,2009,198686.4,199500.0,104
SE4,2010,230881.8,235000.0,147
SE4,2011,219193.2,215000.0,156
SE4,2012,229756.3,229995.0,179
SE4,2013,264642.8,249999.5,248
SE4,2014,323514.1,317500.0,231
SE4,2015,348880.0,350000.0,250
SE4,2016,387371.4,375000.0,255
SE4,2017,395570.7,379500.0,184
SE4,2018,402696.0,398497.5,174
SE4,2019,403174.9,410000.0,164
SE4,2020,420083.4,415000.0,161
SE4,2021,434594.9,430000.0,265
SE4,2022,446837.9,450000.0,209
SE4,2023,439444.6,425000.0,195
SE4,2024,440032.0,425000.0,196
SE4,2025,454086.0,445000.0,179
SE4,2026,460000.0,460000.0,1
SE5,1995,47759.3,46250.0,138
SE5,1996,53174.2,48500.0,207
SE5,1997,69939.5,60000.0,440
SE5,1998,74887.6,68250.0,378
SE5,1999,88159.9,80000.0,500
SE5,2000,115743.2,110000.0,480
SE5,2001,133344.5,129500.0,423
SE5,2002,153979.3,148500.0,463
SE5,2003,170209.1,160000.0,471
SE5,2004,182900.8,174000.0,487
SE5,2005,192421.9,180000.0,419
SE5,2006,195991.5,183500.0,574
SE5,2007,221851.1,212250.0,526
SE5,2008,225516.4,215000.0,276
SE5,2009,197771.7,185000.0,218
SE5,2010,231296.9,224000.0,281
SE5,2011,250718.6,235000.0,251
SE5,2012,249454.9,235500.0,309
SE5,2013,288190.9,274850.0,401
SE5,2014,333505.6,320000.0,445
SE5,2015,388699.6,370000.0,445
SE5,2016,429450.2,415662.5,402
SE5,2017,423861.5,416000.0,461
SE5,2018,423209.2,420000.0,455
SE5,2019,465117.8,450000.0,503
SE5,2020,432504.4,420000.0,286
SE5,2021,439173.0,425000.0,485
SE5,2022,450545.5,430000.0,472
SE5,2023,443944.1,425000.0,281
SE5,2024,453690.7,425000.0,362
SE5,2025,440476.1,415000.0,351
SE5,2026,618750.0,592500.0,4
SE6,1995,40942.6,40750.0,220
SE6,1996,42998.1,45000.0,306
SE6,1997,49185.2,48250.0,489
SE6,1998,52514.7,52000.0,375
SE6,1999,62099.5,60000.0,427
SE6,2000,76673.7,75000.0,486
SE6,2001,89280.8,84125.0,434
SE6,2002,112457.3,112500.0,504
SE6,2003,131325.7,128500.0,412
SE6,2004,141819.7,140000.0,440
SE6,2005,149465.5,145000.0,353
SE6,2006,152514.3,150000.0,440
SE6,2007,171941.8,167000.0,511
SE6,2008,174771.7,170000.0,255
SE6,2009,156611.3,155000.0,127
SE6,2010,165709.9,162000.0,135
SE6,2011,151468.7,145000.0,150
SE6,2012,159981.7,155500.0,154
SE6,2013,174950.1,167000.0,241
SE6,2014,212059.3,209000.0,410
SE6,2015,259669.3,255000.0,457
SE6,2016,292808.7,300000.0,386
SE6,2017,350858.0,351000.0,417
SE6,2018,315642.4,317500.0,325
SE6,2019,284716.5,288000.0,221
SE6,2020,304389.0,310000.0,190
SE6,2021,315280.6,315000.0,328
SE6,2022,321900.0,315000.0,344
SE6,2023,302574.9,290000.0,224
SE6,2024,323967.9,310000.0,258
SE6,2025,318067.0,325000.0,214
SE6,2026,345900.0,327300.0,7
SE7,1995,44563.3,43950.0,97
SE7,1996,41829.0,44000.0,51
SE7,1997,47156.5,45000.0,86
SE7,1998,52716.9,53250.0,94
SE7,1999,62274.6,59995.0,95
SE7,2000,81867.4,78000.0,123
SE7,2001,94849.2,92250.0,100
SE7,2002,116962.5,115747.5,118
SE7,2003,131018.2,128000.0,101
SE7,2004,139806.2,139500.0,98
SE7,2005,152747.0,155000.0,97
SE7,2006,171103.3,169247.5,170
SE7,2007,190993.1,190000.0,140
SE7,2008,202475.5,217500.0,96
SE7,2009,161389.6,157000.0,49
SE7,2010,180652.6,174000.0,55
SE7,2011,177933.0,175000.0,65
SE7,2012,184725.8,195000.0,57
SE7,2013,192830.2,185000.0,82
SE7,2014,248197.3,240000.0,234
SE7,2015,257716.3,255000.0,111
SE7,2016,301198.3,306000.0,80
SE7,2017,316815.4,315500.0,72
SE7,2018,309180.1,309000.0,83
SE7,2019,231445.2,243000.0,133
SE7,2020,388504.6,390000.0,175
SE7,2021,401411.8,385000.0,195
SE7,2022,340445.0,345000.0,101
SE7,2023,350689.3,345000.0,75
SE7,2024,328282.5,320000.0,78
SE7,2025,358575.4,370000.0,63
SE8,1995,40708.5,42995.0,145
SE8,1996,37097.3,33000.0,67
SE8,1997,48122.8,44750.0,116
SE8,1998,54974.9,48500.0,168
SE8,1999,81270.0,71000.0,407
SE8,2000,81258.1,77000.0,238
SE8,2001,161593.4,129000.0,371
SE8,2002,184466.3,162500.0,481
SE8,2003,151503.8,137587.5,226
SE8,2004,174396.6,162250.0,380
SE8,2005,168194.5,157000.0,225
SE8,2006,226086.7,228463.0,459
SE8,2007,211664.3,190502.5,344
SE8,2008,206174.6,186000.0,130
SE8,2009,210683.3,191750.0,114
SE8,2010,222517.7,215000.0,155
SE8,2011,257432.8,250000.0,281
SE8,2012,256330.5,245000.0,340
SE8,2013,294298.7,261630.0,502
SE8,2014,333755.8,320000.0,421
SE8,2015,369249.3,350000.0,533
SE8,2016,406957.0,396000.0,602
SE8,2017,454200.1,470000.0,405
SE8,2018,434984.6,409247.5,464
SE8,2019,402376.7,405000.0,259
SE8,2020,422275.2,415340.0,296
SE8,2021,374226.6,365000.0,314
SE8,2022,375073.8,360000.0,255
SE8,2023,381968.1,378750.0,186
SE8,2024,400580.4,384250.0,238
SE8,2025,388554.6,380000.0,205
SE8,2026,343708.3,337500.0,12
SE9,1995,49166.2,48375.0,138
SE9,1996,50391.8,49000.0,233
SE9,1997,50462.4,51000.0,230
SE9,1998,60961.3,58500.0,221
SE9,1999,66344.3,64250.0,246
SE9,2000,81560.8,78000.0,274
SE9,2001,92119.4,87000.0,278
SE9,2002,105960.0,105000.0,301
SE9,2003,126807.8,125000.0,265
SE9,2004,139549.7,137750.0,314
SE9,2005,153716.3,151250.0,318
SE9,2006,151140.8,147500.0,293
SE9,2007,167771.2,164997.5,398
SE9,2008,172424.5,166000.0,180
SE9,2009,158543.5,152250.0,128
SE9,2010,159974.9,155500.0,116
SE9,2011,165538.6,162750.0,138
SE9,2012,208145.1,184000.0,234
SE9,2013,196773.1,181000.0,249
SE9,2014,202709.4,190100.0,279
SE9,2015,229058.7,225000.0,271
SE9,2016,260686.7,260000.0,234
SE9,2017,282379.2,280000.0,213
SE9,2018,312049.0,297000.0,318
SE9,2019,287066.8,280000.0,199
SE9,2020,273114.2,275000.0,187
SE9,2021,281391.1,275000.0,234
SE9,2022,311585.8,305000.0,255
SE9,2023,309510.4,298750.0,178
SE9,2024,310262.4,300000.0,202
SE9,2025,293942.9,296700.0,146
SM1,1995,48248.9,48675.0,250
SM1,1996,47210.7,46000.0,285
SM1,1997,53099.8,52000.0,439
SM1,1998,63143.8,59950.0,438
SM1,1999,71442.1,69500.0,464
SM1,2000,91261.2,88000.0,446
SM1,2001,101086.3,99950.0,403
SM1,2002,122083.8,120000.0,500
SM1,2003,143518.9,138000.0,381
SM1,2004,157110.5,152000.0,529
SM1,2005,160759.1,157750.0,370
SM1,2006,169309.1,163862.5,528
SM1,2007,179268.3,177500.0,507
SM1,2008,182603.5,179475.0,220
SM1,2009,159382.5,160000.0,234
SM1,2010,167687.0,166000.0,208
SM1,2011,162843.7,164950.0,191
SM1,2012,171596.5,172500.0,215
SM1,2013,182221.6,180750.0,290
SM1,2014,218042.8,220000.0,439
SM1,2015,238032.0,240000.0,375
SM1,2016,269054.9,275000.0,428
SM1,2017,302290.3,300000.0,491
SM1,2018,280530.0,280000.0,287
SM1,2019,264315.9,270000.0,242
SM1,2020,285761.5,280000.0,196
SM1,2021,284225.3,285000.0,327
SM1,2022,291284.8,290000.0,297
SM1,2023,284760.2,285500.0,254
SM1,2024,284851.7,290000.0,242
SM1,2025,276238.1,280000.0,176
SM1,2026,184333.3,175000.0,3
SM2,1995,54364.1,55000.0,432
SM2,1996,52872.9,51000.0,458
SM2,1997,59701.5,57975.0,568
SM2,1998,67084.2,64500.0,592
SM2,1999,76186.4,74950.0,554
SM2,2000,94773.3,91000.0,580
SM2,2001,108592.6,108375.0,582
SM2,2002,130714.2,130000.0,523
SM2,2003,152090.9,145750.0,466
SM2,2004,163635.1,158000.0,488
SM2,2005,171211.1,163000.0,395
SM2,2006,175513.8,169000.0,467
SM2,2007,202235.4,193000.0,562
SM2,2008,200200.0,192500.0,271
SM2,2009,166617.9,167000.0,235
SM2,2010,181335.3,179975.0,222
SM2,2011,183115.6,181500.0,232
SM2,2012,184816.0,179000.0,287
SM2,2013,200073.7,192500.0,319
SM2,2014,227114.6,227750.0,364
SM2,2015,249549.5,250000.0,353
SM2,2016,283163.8,280000.0,307
SM2,2017,285918.4,285500.0,272
SM2,2018,280580.1,281750.0,226
SM2,2019,274479.8,275000.0,227
SM2,2020,294423.0,290000.0,212
SM2,2021,286905.7,285000.0,324
SM2,2022,306634.6,300000.0,319
SM2,2023,298942.1,297000.0,225
SM2,2024,299155.3,300000.0,234
SM2,2025,294920.3,294500.0,204
SM2,2026,260000.0,265000.0,3
SM3,1995,54436.2,54000.0,69
SM3,1996,54766.7,55500.0,69
SM3,1997,61387.2,61000.0,109
SM3,1998,68478.4,67750.0,88
SM3,1999,81355.0,82725.0,120
SM3,2000,95374.7,92500.0,95
SM3,2001,110746.6,112000.0,119
SM3,2002,124643.7,127000.0,124
SM3,2003,153014.4,146250.0,108
SM3,2004,153561.5,158000.0,99
SM3,2005,161777.3,164000.0,75
SM3,2006,166591.4,169000.0,110
SM3,2007,202974.0,196000.0,129
SM3,2008,213773.8,200000.0,85
SM3,2009,172218.6,175000.0,43
SM3,2010,188590.8,189000.0,49
SM3,2011,193183.9,182500.0,54
SM3,2012,187647.2,190000.0,53
SM3,2013,212365.6,195000.0,64
SM3,2014,222674.2,225000.0,94
SM3,2015,286150.4,275000.0,118
SM3,2016,268172.4,270000.0,168
SM3,2017,295341.3,300000.0,67
SM3,2018,309042.8,315000.0,83
SM3,2019,281917.7,282500.0,82
SM3,2020,284915.4,280000.0,52
SM3,2021,305978.4,295000.0,95
SM3,2022,332530.8,321000.0,91
SM3,2023,325857.1,324000.0,84
SM3,2024,299379.1,309000.0,72
SM3,2025,295875.0,305000.0,60
SM3,2026,240000.0,240000.0,1
SM4,1995,59785.4,57000.0,103
SM4,1996,47631.6,47250.0,98
SM4,1997,56110.6,55250.0,145
SM4,1998,61815.5,60250.0,126
SM4,1999,70020.3,68500.0,151
SM4,2000,89980.0,89950.0,135
SM4,2001,100519.4,99000.0,177
SM4,2002,117035.2,116000.0,157
SM4,2003,136946.7,137500.0,146
SM4,2004,152798.9,155000.0,154
SM4,2005,161089.8,160250.0,144
SM4,2006,160223.2,157000.0,140
SM4,2007,192221.0,189972.5,216
SM4,2008,192774.3,189975.0,72
SM4,2009,159468.2,159750.0,72
SM4,2010,177174.1,185995.0,144
SM4,2011,183337.6,180000.0,121
SM4,2012,190599.0,189950.0,117
SM4,2013,194143.8,195000.0,155
SM4,2014,223961.0,225000.0,180
SM4,2015,249797.6,250000.0,138
SM4,2016,290969.2,290250.0,129
SM4,2017,305502.1,315000.0,116
SM4,2018,286893.1,290000.0,82
SM4,2019,281366.0,285000.0,97
SM4,2020,300279.2,299000.0,68
SM4,2021,297928.6,302500.0,119
SM4,2022,293475.2,295000.0,103
SM4,2023,308123.0,300000.0,89
SM4,2024,298640.7,301500.0,70
SM4,2025,304133.6,309500.0,68
SM4,2026,231750.0,220000.0,4
SM5,1995,45502.0,46000.0,127
SM5,1996,44404.3,44500.0,116
SM5,1997,54213.2,54000.0,241
SM5,1998,61772.5,59950.0,207
SM5,1999,69983.6,68000.0,229
SM5,2000,86869.8,84950.0,214
SM5,2001,103011.0,95000.0,231
SM5,2002,124542.1,120000.0,223
SM5,2003,142440.7,135000.0,210
SM5,2004,144536.8,139000.0,200
SM5,2005,149855.8,146950.0,179
SM5,2006,158425.3,155000.0,217
SM5,2007,170140.8,168000.0,215
SM5,2008,174094.7,173500.0,129
SM5,2009,152615.2,151750.0,106
SM5,2010,158516.8,156000.0,109
SM5,2011,164179.1,160000.0,91
SM5,2012,173205.3,165000.0,109
SM5,2013,188535.5,186000.0,171
SM5,2014,209913.3,205000.0,169
SM5,2015,232760.4,234000.0,174
SM5,2016,262644.9,262000.0,189
SM5,2017,276244.0,275500.0,177
SM5,2018,273731.7,280000.0,134
SM5,2019,274240.8,272570.0,130
SM5,2020,285421.8,290000.0,108
SM5,2021,277826.0,275000.0,186
SM5,2022,300827.2,290000.0,162
SM5,2023,285729.2,284000.0,120
SM5,2024,276965.7,273000.0,96
SM5,2025,282347.0,296500.0,112
SM5,2026,348666.7,335000.0,3
SM6,1995,47412.9,46750.0,250
SM6,1996,45193.3,44375.0,312
SM6,1997,50780.6,49950.0,326
SM6,1998,60000.4,59000.0,375
SM6,1999,71120.1,66000.0,403
SM6,2000,85939.9,84000.0,386
SM6,2001,94547.2,93000.0,361
SM6,2002,119045.2,115500.0,450
SM6,2003,139023.4,135000.0,398
SM6,2004,141750.4,141975.0,376
SM6,2005,153266.0,145750.0,354
SM6,2006,156919.4,152000.0,387
SM6,2007,166746.3,165750.0,394
SM6,2008,172488.7,170000.0,219
SM6,2009,143614.6,145000.0,185
SM6,2010,159368.3,156497.5,148
SM6,2011,169965.7,164997.5,256
SM6,2012,171399.7,166500.0,236
SM6,2013,173329.6,175250.0,228
SM6,2014,198796.7,195000.0,278
SM6,2015,235665.8,230000.0,364
SM6,2016,258436.9,260000.0,291
SM6,2017,265347.4,270000.0,317
SM6,2018,265050.5,268000.0,252
SM6,2019,258287.8,255000.0,214
SM6,2020,307579.0,316997.5,318
SM6,2021,269336.3,270000.0,303
SM6,2022,323602.8,314995.0,446
SM6,2023,287717.0,277750.0,268
SM6,2024,261307.3,258000.0,217
SM6,2025,279905.1,278000.0,165
SM6,2026,244375.0,250000.0,4
SM7,1995,60754.2,59950.0,65
SM7,1996,61474.1,59600.0,56
SM7,1997,64114.7,62000.0,58
SM7,1998,74352.4,76000.0,59
SM7,1999,90177.9,87000.0,68
SM7,2000,106459.0,104000.0,67
SM7,2001,124742.8,120500.0,69
SM7,2002,189670.8,169250.0,130
SM7,2003,176466.9,169500.0,107
SM7,2004,192462.7,179950.0,81
SM7,2005,243768.0,229675.0,102
SM7,2006,228285.4,208000.0,171
SM7,2007,233773.2,235000.0,153
SM7,2008,249805.4,215000.0,65
SM7,2009,219656.4,193750.0,52
SM7,2010,228795.5,220000.0,61
SM7,2011,218490.7,210000.0,75
SM7,2012,223492.2,222500.0,79
SM7,2013,222299.2,219500.0,66
SM7,2014,247256.3,239950.0,103
SM7,2015,271326.5,270000.0,84
SM7,2016,311054.6,305500.0,82
SM7,2017,311083.1,315000.0,89
SM7,2018,317002.7,315000.0,55
SM7,2019,319205.6,310000.0,68
SM7,2020,326764.3,315000.0,49
SM7,2021,325357.4,310000.0,81
SM7,2022,391654.0,370000.0,89
SM7,2023,377141.5,352500.0,96
SM7,2024,349974.2,338500.0,62
SM7,2025,325470.3,320000.0,59
SM7,2026,375666.7,377000.0,3
SW10,1995,170697.1,137000.0,313
SW10,1996,190384.1,155000.0,449
SW10,1997,216292.2,178000.0,526
SW10,1998,238451.9,200000.0,453
SW10,1999,262336.4,235000.0,557
SW10,2000,330864.3,268000.0,452
SW10,2001,386109.4,317000.0,477
SW10,2002,393052.4,310000.0,421
SW10,2003,541570.7,405000.0,575
SW10,2004,462484.9,382169.5,430
SW10,2005,486963.1,385000.0,376
SW10,2006,543936.1,450000.0,447
SW10,2007,660309.4,542000.0,454
SW10,2008,707181.1,575000.0,176
SW10,2009,657969.8,555000.0,222
SW10,2010,691724.7,580000.0,277
SW10,2011,766394.1,650000.0,322
SW10,2012,835443.3,650000.0,299
SW10,2013,985102.8,750000.0,332
SW10,2014,1118583.9,885000.0,327
SW10,2015,1016430.7,878500.0,264
SW10,2016,1153817.2,900000.0,182
SW10,2017,1199897.5,950000.0,195
SW10,2018,1469410.1,999999.5,220
SW10,2019,972682.4,585000.0,290
SW10,2020,1004184.5,684625.0,284
SW10,2021,1246510.4,880000.0,252
SW10,2022,1328002.4,945000.0,257
SW10,2023,1267998.3,930000.0,221
SW10,2024,1288863.7,915000.0,246
SW10,2025,1101438.0,803250.0,148
SW10,2026,415000.0,415000.0,1
SW11,1995,93656.6,84125.0,922
SW11,1996,108216.1,94000.0,1230
SW11,1997,118223.8,105000.0,1304
SW11,1998,148873.8,125000.0,1251
SW11,1999,172261.0,150000.0,1419
SW11,2000,236074.6,185500.0,1314
SW11,2001,229320.1,204250.0,1290
SW11,2002,247178.0,230000.0,1299
SW11,2003,291908.7,244000.0,1075
SW11,2004,347031.2,270000.0,1353
SW11,2005,297360.7,250000.0,1177
SW11,2006,344874.7,296588.5,1508
SW11,2007,394532.2,335000.0,1359
SW11,2008,394367.6,335000.0,704
SW11,2009,393173.0,325000.0,744
SW11,2010,391268.6,356188.0,855
SW11,2011,435187.9,372000.0,767
SW11,2012,432236.4,380000.0,895
SW11,2013,514856.9,455000.0,973
SW11,2014,601468.4,520000.0,983
SW11,2015,626489.7,535000.0,1048
SW11,2016,781692.3,675000.0,1329
SW11,2017,885617.9,722000.0,1945
SW11,2018,813783.5,682875.0,1284
SW11,2019,779614.5,670000.0,1154
SW11,2020,789721.9,660000.0,1095
SW11,2021,753855.0,630000.0,1541
SW11,2022,1029185.8,806400.0,2013
SW11,2023,938268.5,717500.0,1172
SW11,2024,861133.6,685000.0,1201
SW11,2025,725102.0,625000.0,782
SW11,2026,728270.8,667500.0,24
SW12,1995,71949.3,72250.0,363
SW12,1996,76828.9,76500.0,495
SW12,1997,97857.1,94950.0,619
SW12,1998,111096.9,114000.0,602
SW12,1999,139658.8,140000.0,583
SW12,2000,170747.4,170000.0,449
SW12,2001,192974.2,190000.0,629
SW12,2002,218050.6,220000.0,585
SW12,2003,232055.5,235000.0,481
SW12,2004,249906.1,249900.0,576
SW12,2005,252475.5,248225.0,524
SW12,2006,284761.2,284000.0,607
SW12,2007,336813.2,333000.0,548
SW12,2008,331288.2,325906.0,255
SW12,2009,315396.3,319600.0,317
SW12,2010,347014.2,345471.0,392
SW12,2011,361843.3,372900.0,322
SW12,2012,395785.7,387250.0,322
SW12,2013,430720.1,440000.0,502
SW12,2014,489885.0,490000.0,497
SW12,2015,505894.5,497975.0,410
SW12,2016,574683.1,595000.0,399
SW12,2017,582717.6,592000.0,352
SW12,2018,566594.8,550000.0,327
SW12,2019,558604.4,549999.5,316
SW12,2020,591585.8,600000.0,310
SW12,2021,586576.3,590000.0,490
SW12,2022,591258.1,582500.0,463
SW12,2023,597272.8,599500.0,314
SW12,2024,597869.4,590000.0,417
SW12,2025,604139.5,600000.0,313
SW12,2026,582583.3,587750.0,6
SW13,1995,108838.9,100000.0,77
SW13,1996,112632.2,110750.0,121
SW13,1997,161902.5,147950.0,229
SW13,1998,251586.6,233000.0,250
SW13,1999,274011.2,245000.0,261
SW13,2000,328443.3,244000.0,173
SW13,2001,272316.3,241000.0,153
SW13,2002,305557.8,249475.0,182
SW13,2003,327757.9,267250.0,132
SW13,2004,379157.5,297500.0,181
SW13,2005,317218.3,272500.0,136
SW13,2006,346314.8,309000.0,160
SW13,2007,458385.7,423500.0,142
SW13,2008,441103.8,382750.0,66
SW13,2009,394852.8,322500.0,76
SW13,2010,462182.3,387500.0,114
SW13,2011,472502.1,374975.0,86
SW13,2012,533675.4,406250.0,98
SW13,2013,616671.7,560000.0,106
SW13,2014,729498.3,655000.0,89
SW13,2015,662235.7,550000.0,84
SW13,2016,752709.8,680000.0,65
SW13,2017,754955.1,685000.0,79
SW13,2018,656881.3,605000.0,46
SW13,2019,657581.2,531250.0,56
SW13,2020,665364.4,623700.0,66
SW13,2021,712369.9,610000.0,79
SW13,2022,765878.4,656250.0,74
SW13,2023,782730.0,641250.0,82
SW13,2024,815887.6,715000.0,89
SW13,2025,638724.4,555000.0,61
SW13,2026,399700.0,399700.0,2
SW14,1995,89464.4,86000.0,87
SW14,1996,91650.1,86000.0,162
SW14,1997,105917.0,99500.0,189
SW14,1998,122223.9,120000.0,161
SW14,1999,152447.3,142950.0,227
SW14,2000,184271.6,169500.0,148
SW14,2001,199117.0,193050.0,138
SW14,2002,208599.4,205000.0,211
SW14,2003,241848.0,215000.0,210
SW14,2004,242261.8,227375.0,184
SW14,2005,246090.6,230000.0,133
SW14,2006,276984.3,250000.0,213
SW14,2007,326577.5,315000.0,167
SW14,2008,322355.7,315000.0,83
SW14,2009,295378.3,280000.0,83
SW14,2010,328011.1,325000.0,110
SW14,2011,348620.9,320000.0,115
SW14,2012,366647.0,358800.0,137
SW14,2013,385878.8,360000.0,127
SW14,2014,470409.7,431000.0,135
SW14,2015,516490.7,517500.0,145
SW14,2016,614440.1,525000.0,95
SW14,2017,500049.1,485000.0,77
SW14,2018,511873.3,480000.0,69
SW14,2019,501533.1,465000.0,108
SW14,2020,501372.5,470000.0,75
SW14,2021,515190.5,482500.0,122
SW14,2022,542296.7,542500.0,104
SW14,2023,559500.9,494625.0,78
SW14,2024,534945.7,504500.0,98
SW14,2025,523455.6,483125.0,76
SW14,2026,435000.0,432500.0,4
SW15,1995,86053.5,80000.0,645
SW15,1996,89853.0,85000.0,871
SW15,1997,106499.6,95000.0,1109
SW15,1998,124619.7,118125.0,898
SW15,1999,145311.3,137000.0,1074
SW15,2000,173082.1,160500.0,926
SW15,2001,192349.6,185000.0,1000
SW15,2002,226895.7,215500.0,1042
SW15,2003,245602.8,220000.0,984
SW15,2004,261209.3,243750.0,1098
SW15,2005,267890.8,247500.0,844
SW15,2006,300339.4,278600.0,1194
SW15,2007,333205.6,319950.0,1146
SW15,2008,352609.8,337500.0,442
SW15,2009,323215.5,308500.0,456
SW15,2010,348561.3,330000.0,585
SW15,2011,376653.4,360000.0,723
SW15,2012,390629.8,375000.0,578
SW15,2013,422753.5,400000.0,760
SW15,2014,490614.7,467500.0,877
SW15,2015,525789.5,485000.0,712
SW15,2016,589448.4,573000.0,975
SW15,2017,534170.8,499999.5,570
SW15,2018,479680.7,462000.0,481
SW15,2019,514192.3,491000.0,551
SW15,2020,549782.6,500000.0,467
SW15,2021,518441.8,490000.0,701
SW15,2022,542563.2,507000.0,555
SW15,2023,516986.2,483750.0,482
SW15,2024,534397.0,496977.0,574
SW15,2025,515817.2,485000.0,489
SW15,2026,471000.0,475000.0,5
SW16,1995,46064.7,45500.0,528
SW16,1996,47829.7,47500.0,591
SW16,1997,63024.5,52000.0,804
SW16,1998,65874.8,62000.0,805
SW16,1999,77677.4,73000.0,1005
SW16,2000,100746.3,93500.0,905
SW16,2001,114766.6,114000.0,972
SW16,2002,139731.4,135000.0,1024
SW16,2003,160499.4,154950.0,961
SW16,2004,172373.1,167000.0,1016
SW16,2005,175932.4,170000.0,852
SW16,2006,195206.8,187500.0,1127
SW16,2007,221627.5,220000.0,1111
SW16,2008,214238.0,215000.0,444
SW16,2009,195997.1,189700.0,290
SW16,2010,204691.0,202000.0,375
SW16,2011,203325.8,196500.0,402
SW16,2012,223592.7,222250.0,536
SW16,2013,248700.6,244975.0,796
SW16,2014,307490.7,305000.0,935
SW16,2015,338187.8,330000.0,976
SW16,2016,370423.2,362500.0,734
SW16,2017,376932.0,370000.0,573
SW16,2018,373983.7,365000.0,579
SW16,2019,378348.6,360000.0,501
SW16,2020,400778.9,400000.0,498
SW16,2021,398343.7,385500.0,730
SW16,2022,402321.7,390000.0,654
SW16,2023,404051.3,386570.0,545
SW16,2024,390663.8,375000.0,567
SW16,2025,392348.2,370000.0,517
SW16,2026,441071.4,403750.0,14
SW17,1995,59281.8,56000.0,471
SW17,1996,61088.2,57250.0,541
SW17,1997,71449.7,65000.0,800
SW17,1998,83641.8,75000.0,875
SW17,1999,101199.7,95000.0,1095
SW17,2000,136650.0,130000.0,896
SW17,2001,156062.3,146000.0,915
SW17,2002,179424.1,175000.0,1047
SW17,2003,182873.9,180000.0,783
SW17,2004,203941.6,198000.0,827
SW17,2005,216375.3,209250.0,752
SW17,2006,228117.9,225000.0,975
SW17,2007,273497.7,253644.0,844
SW17,2008,257692.8,249950.0,373
SW17,2009,255316.8,240000.0,395
SW17,2010,273250.9,250000.0,553
SW17,2011,272843.4,250000.0,521
SW17,2012,295395.3,277000.0,494
SW17,2013,328962.9,310000.0,621
SW17,2014,406785.0,390000.0,607
SW17,2015,429779.6,423750.0,658
SW17,2016,464537.5,460000.0,498
SW17,2017,470416.8,451000.0,430
SW17,2018,460967.1,445000.0,449
SW17,2019,468171.4,460000.0,478
SW17,2020,515560.9,501500.0,506
SW17,2021,486769.1,480000.0,785
SW17,2022,505585.2,475000.0,770
SW17,2023,507410.4,480000.0,603
SW17,2024,511808.4,485000.0,592
SW17,2025,481913.8,455000.0,491
SW17,2026,680194.3,750000.0,7
SW18,1995,70539.3,68000.0,649
SW18,1996,74039.4,69725.0,804
SW18,1997,94221.2,88125.0,1028
SW18,1998,106067.9,103000.0,928
SW18,1999,138429.3,132000.0,1181
SW18,2000,169574.6,162250.0,1026
SW18,2001,192662.3,176000.0,1174
SW18,2002,220489.6,210000.0,1173
SW18,2003,219389.7,212500.0,888
SW18,2004,265774.5,237000.0,1170
SW18,2005,297631.2,249999.0,1160
SW18,2006,316487.5,270000.0,1450
SW18,2007,341838.1,320000.0,1362
SW18,2008,366484.7,324000.0,608
SW18,2009,308909.3,289000.0,613
SW18,2010,345291.3,315000.0,718
SW18,2011,345358.5,315000.0,682
SW18,2012,376290.8,349999.5,866
SW18,2013,433964.3,401500.0,1212
SW18,2014,513183.2,480000.0,1142
SW18,2015,528065.7,495000.0,1233
SW18,2016,616988.0,550000.0,977
SW18,2017,559990.0,520025.0,786
SW18,2018,548587.8,507870.0,925
SW18,2019,553634.7,525000.0,876
SW18,2020,558838.8,538000.0,747
SW18,2021,539809.8,515250.0,1190
SW18,2022,547334.7,525000.0,947
SW18,2023,544865.7,520000.0,731
SW18,2024,546641.6,520000.0,841
SW18,2025,543399.9,517500.0,631
SW18,2026,561108.8,538000.0,20
SW19,1995,71095.9,62000.0,665
SW19,1996,80619.7,73500.0,959
SW19,1997,92402.0,75000.0,1165
SW19,1998,113839.5,89000.0,1096
SW19,1999,141983.4,124000.0,1373
SW19,2000,158795.4,137000.0,1074
SW19,2001,174670.9,160000.0,1156
SW19,2002,205255.6,184000.0,1197
SW19,2003,211955.4,190000.0,909
SW19,2004,227246.1,215000.0,1149
SW19,2005,240583.2,223000.0,979
SW19,2006,246410.8,231000.0,1303
SW19,2007,293813.1,263000.0,1117
SW19,2008,279068.5,250000.0,721
SW19,2009,258788.2,235000.0,620
SW19,2010,312180.2,256500.0,652
SW19,2011,303814.7,256000.0,614
SW19,2012,312190.7,277000.0,646
SW19,2013,335325.6,295250.0,822
SW19,2014,417837.9,370000.0,807
SW19,2015,416747.2,380000.0,802
SW19,2016,449800.6,412000.0,667
SW19,2017,452551.9,430000.0,609
SW19,2018,468468.7,432000.0,619
SW19,2019,471168.8,425000.0,520
SW19,2020,462463.5,425000.0,443
SW19,2021,479744.4,440000.0,767
SW19,2022,490347.7,452500.0,736
SW19,2023,478212.5,433750.0,584
SW19,2024,475829.6,435000.0,688
SW19,2025,464662.1,425000.0,545
SW19,2026,461075.0,432500.0,12
SW1A,1995,275458.3,200000.0,9
SW1A,1996,276714.3,242000.0,7
SW1A,1997,289043.2,252500.0,22
SW1A,1998,1123800.0,702000.0,5
SW1A,1999,414821.4,325000.0,14
SW1A,2000,592571.4,347500.0,42
SW1A,2001,488926.1,395000.0,18
SW1A,2002,806833.3,525000.0,15
SW1A,2003,936705.9,650000.0,17
SW1A,2004,563369.2,372500.0,13
SW1A,2005,700697.1,670000.0,10
SW1A,2006,798185.6,685000.0,14
SW1A,2007,817000.0,580000.0,16
SW1A,2008,1146500.0,1040000.0,10
SW1A,2009,1000769.2,720000.0,13
SW1A,2010,1021545.5,950000.0,11
SW1A,2011,2248586.1,1752000.0,7
SW1A,2012,5110833.3,4075000.0,6
SW1A,2013,2237525.0,1650000.0,14
SW1A,2014,3994310.6,1972500.0,16
SW1A,2015,5909900.0,3175000.0,16
SW1A,2016,3628788.9,1675000.0,17
SW1A,2017,2770531.9,2000000.0,15
SW1A,2018,2955000.0,1937500.0,12
SW1A,2019,5845714.3,1615000.0,7
SW1A,2020,2665770.0,2900000.0,5
SW1A,2021,6156388.9,2350000.0,9
SW1A,2022,12521428.6,17500000.0,7
SW1A,2023,8867750.0,7200000.0,50
SW1A,2024,4586264.8,2052500.0,10
SW1A,2025,2503888.9,1400000.0,11
SW1E,1995,171722.2,124000.0,9
SW1E,1996,117645.8,109225.0,12
SW1E,1997,157417.9,125000.0,28
SW1E,1998,230889.3,124000.0,14
SW1E,1999,212520.8,165000.0,18
SW1E,2000,205900.0,195500.0,10
SW1E,2001,192000.0,212250.0,14
SW1E,2002,307888.9,295000.0,9
SW1E,2003,267991.9,247000.0,12
SW1E,2004,392571.4,323000.0,14
SW1E,2005,567737.5,488750.0,84
SW1E,2006,742318.4,762500.0,54
SW1E,2007,707308.8,600000.0,17
SW1E,2008,626607.1,712500.0,14
SW1E,2009,584375.0,575000.0,8
SW1E,2010,590999.9,661000.0,12
SW1E,2011,1160742.0,962000.0,23
SW1E,2012,1464028.4,1236750.0,51
SW1E,2013,1282590.0,900000.0,15
SW1E,2014,1247981.4,995000.0,25
SW1E,2015,1503843.3,1089875.0,82
SW1E,2016,2757857.1,2580000.0,21
SW1E,2017,2103649.8,1325000.0,27
SW1E,2018,2252398.7,2085000.0,30
SW1E,2019,1652204.7,1668208.0,23
SW1E,2020,1746062.5,1850000.0,16
SW1E,2021,1539538.5,802000.0,13
SW1E,2022,1843365.4,1650000.0,26
SW1E,2023,2768656.6,1809200.0,32
SW1E,2024,2915013.3,1920000.0,15
SW1E,2025,1855000.0,862500.0,6
SW1H,1995,68031.2,63125.0,8
SW1H,1996,148555.6,90000.0,9
SW1H,1997,110308.8,80000.0,17
SW1H,1998,1265823.5,550000.0,17
SW1H,1999,376941.9,295000.0,43
SW1H,2000,331410.7,269250.0,28
SW1H,2001,311625.0,285000.0,38
SW1H,2002,440849.2,420000.0,147
SW1H,2003,385190.8,342500.0,60
SW1H,2004,470712.5,380000.0,28
SW1H,2005,332700.3,303251.0,21
SW1H,2006,486396.1,445000.0,46
SW1H,2007,593225.0,470000.0,37
SW1H,2008,777739.1,710000.0,23
SW1H,2009,475592.6,380000.0,27
SW1H,2010,748953.4,648250.0,29
SW1H,2011,698761.8,597000.0,11
SW1H,2012,732420.2,612500.0,22
SW1H,2013,744172.5,742500.0,20
SW1H,2014,822575.0,780000.0,20
SW1H,2015,838247.1,820000.0,17
SW1H,2016,1520214.3,1200000.0,47
SW1H,2017,1548591.5,1100000.0,13
SW1H,2018,1689928.6,1266250.0,14
SW1H,2019,1867611.1,1602500.0,18
SW1H,2020,2224644.7,1670000.0,17
SW1H,2021,1913062.5,915000.0,24
SW1H,2022,2578327.6,2040112.0,44
SW1H,2023,2843741.1,1730000.0,62
SW1H,2024,2113714.3,920000.0,14
SW1H,2025,1866923.9,900000.0,23
SW1P,1995,161854.9,145950.0,198
SW1P,1996,158703.9,130000.0,217
SW1P,1997,186047.0,170000.0,324
SW1P,1998,221364.4,200000.0,263
SW1P,1999,278210.1,250000.0,462
SW1P,2000,312574.2,280000.0,367
SW1P,2001,326437.2,250000.0,212
SW1P,2002,332381.5,305000.0,259
SW1P,2003,384854.1,359000.0,338
SW1P,2004,343463.3,310916.5,260
SW1P,2005,431682.7,370000.0,469
SW1P,2006,480964.2,485000.0,494
SW1P,2007,565001.5,475075.5,308
SW1P,2008,621460.7,500000.0,196
SW1P,2009,557643.1,490000.0,171
SW1P,2010,634862.5,577500.0,244
SW1P,2011,680372.4,580000.0,203
SW1P,2012,802014.5,675000.0,191
SW1P,2013,804557.1,680000.0,203
SW1P,2014,1228430.3,1030000.0,326
SW1P,2015,1226901.2,1050000.0,309
SW1P,2016,1648900.2,1255500.0,422
SW1P,2017,1501408.0,1215500.0,315
SW1P,2018,1378333.7,850000.0,128
SW1P,2019,1054951.2,820000.0,148
SW1P,2020,904105.1,830000.0,95
SW1P,2021,939126.7,692500.0,172
SW1P,2022,1262483.3,1058025.0,272
SW1P,2023,1547885.2,1222550.0,280
SW1P,2024,1028248.3,840000.0,157
SW1P,2025,1134085.7,806250.0,146
SW1P,2026,725000.0,725000.0,1
SW1V,1995,150073.4,130000.0,406
SW1V,1996,135916.9,116500.0,445
SW1V,1997,175079.3,143000.0,613
SW1V,1998,181299.7,155000.0,513
SW1V,1999,227616.8,185000.0,618
SW1V,2000,296989.6,225000.0,457
SW1V,2001,297897.2,247250.0,476
SW1V,2002,319480.1,275000.0,389
SW1V,2003,318681.4,264000.0,366
SW1V,2004,370588.0,325000.0,488
SW1V,2005,378136.7,332000.0,419
SW1V,2006,418909.7,341750.0,520
SW1V,2007,526608.0,420000.0,424
SW1V,2008,495429.8,410000.0,217
SW1V,2009,516257.0,435000.0,236
SW1V,2010,547566.3,472500.0,348
SW1V,2011,549748.3,481000.0,268
SW1V,2012,618739.2,520000.0,269
SW1V,2013,655891.7,530000.0,327
SW1V,2014,824073.9,680250.0,279
SW1V,2015,837049.5,740000.0,235
SW1V,2016,849187.7,700000.0,196
SW1V,2017,855766.8,725000.0,167
SW1V,2018,967143.7,796000.0,187
SW1V,2019,761625.2,651000.0,203
SW1V,2020,805631.3,660000.0,150
SW1V,2021,821178.9,711250.0,224
SW1V,2022,859631.2,710000.0,216
SW1V,2023,814495.2,677500.0,204
SW1V,2024,771279.3,605000.0,235
SW1V,2025,781413.3,623500.0,154
SW1V,2026,620057.0,646500.0,8
SW1W,1995,219480.2,190000.0,67
SW1W,1996,239706.8,183000.0,95
SW1W,1997,290793.4,205000.0,136
SW1W,1998,423948.0,260000.0,105
SW1W,1999,372110.2,300000.0,281
SW1W,2000,542199.1,357500.0,155
SW1W,2001,614111.0,422500.0,138
SW1W,2002,633264.1,428000.0,132
SW1W,2003,571204.7,400000.0,85
SW1W,2004,749609.9,417708.0,125
SW1W,2005,678695.1,550000.0,173
SW1W,2006,657665.0,490000.0,319
SW1W,2007,813704.6,621000.0,157
SW1W,2008,1221598.6,700000.0,71
SW1W,2009,970303.5,605000.0,102
SW1W,2010,1202356.8,714900.0,116
SW1W,2011,1032495.3,820000.0,144
SW1W,2012,1679440.5,880000.0,127
SW1W,2013,1814861.2,1060000.0,159
SW1W,2014,2795495.8,1535000.0,186
SW1W,2015,1879429.2,1142500.0,150
SW1W,2016,1335629.7,1005000.0,143
SW1W,2017,1614096.7,1147200.0,229
SW1W,2018,1983509.1,1150000.0,95
SW1W,2019,3631497.7,1412500.0,118
SW1W,2020,3366165.1,1104137.0,115
SW1W,2021,3448398.3,1250000.0,103
SW1W,2022,2638849.8,1250000.0,95
SW1W,2023,2381669.4,1353982.0,114
SW1W,2024,1769570.9,1050000.0,84
SW1W,2025,2178467.7,1270000.0,65
SW1W,2026,575000.0,575000.0,1
SW1X,1995,306654.9,242500.0,180
SW1X,1996,352041.9,295000.0,217
SW1X,1997,455111.6,345000.0,233
SW1X,1998,535528.3,371900.0,190
SW1X,1999,567592.9,430000.0,233
SW1X,2000,648755.8,450000.0,256
SW1X,2001,769672.9,499000.0,208
SW1X,2002,896329.5,705000.0,277
SW1X,2003,848816.0,635000.0,194
SW1X,2004,906883.5,697500.0,218
SW1X,2005,917333.3,724500.0,211
SW1X,2006,1109880.7,850000.0,228
SW1X,2007,1479581.7,1125000.0,201
SW1X,2008,1761772.1,1110000.0,106
SW1X,2009,1454125.3,1267500.0,96
SW1X,2010,1537155.1,1325500.0,104
SW1X,2011,2247923.3,1550000.0,99
SW1X,2012,3823453.5,1900000.0,107
SW1X,2013,3266580.6,2145100.0,129
SW1X,2014,4007813.0,2400000.0,161
SW1X,2015,3913001.7,2800000.0,115
SW1X,2016,3251965.5,1887500.0,84
SW1X,2017,3747639.9,2555000.0,110
SW1X,2018,6167166.5,1795000.0,75
SW1X,2019,4572209.2,1974000.0,100
SW1X,2020,3274238.4,2207500.0,84
SW1X,2021,3445539.7,1750000.0,106
SW1X,2022,3409253.6,2300000.0,123
SW1X,2023,5461615.6,2712500.0,128
SW1X,2024,5348780.9,2330000.0,105
SW1X,2025,2399649.1,1950000.0,55
SW1Y,1995,260023.3,230000.0,15
SW1Y,1996,172583.3,154500.0,6
SW1Y,1997,220191.2,207500.0,34
SW1Y,1998,175831.7,175000.0,21
SW1Y,1999,421526.8,245500.0,28
SW1Y,2000,1004330.5,520000.0,35
SW1Y,2001,1193240.0,360000.0,35
SW1Y,2002,982314.8,740000.0,27
SW1Y,2003,478716.2,335000.0,37
SW1Y,2004,597849.6,396250.0,14
SW1Y,2005,781617.6,372500.0,17
SW1Y,2006,832157.3,600750.0,24
SW1Y,2007,596759.6,415000.0,23
SW1Y,2008,539958.3,467500.0,16
SW1Y,2009,752734.4,440500.0,20
SW1Y,2010,817375.0,562500.0,16
SW1Y,2011,684702.6,510000.0,15
SW1Y,2012,1124258.3,587500.0,18
SW1Y,2013,2501092.5,1396897.5,14
SW1Y,2014,1675603.2,1480769.0,12
SW1Y,2015,2457576.1,2700000.0,41
SW1Y,2016,2637466.9,2350000.0,13
SW1Y,2017,3711722.5,2700000.0,21
SW1Y,2018,1811666.5,1484999.5,6
SW1Y,2019,1641376.6,924636.0,7
SW1Y,2020,2157250.0,887500.0,8
SW1Y,2021,1461853.0,1115000.0,12
SW1Y,2022,2431785.7,785000.0,14
SW1Y,2023,2101544.4,1113000.0,9
SW1Y,2024,4644795.5,1865000.0,11
SW1Y,2025,846333.3,840000.0,3
SW2,1995,50059.4,52000.0,340
SW2,1996,50898.1,52500.0,430
SW2,1997,62476.3,60000.0,590
SW2,1998,79481.1,76950.0,579
SW2,1999,98264.0,92500.0,716
SW2,2000,127304.8,125500.0,765
SW2,2001,142288.6,140000.0,766
SW2,2002,160712.1,160000.0,762
SW2,2003,172606.9,168500.0,770
SW2,2004,190718.3,187250.0,738
SW2,2005,195618.5,193000.0,702
SW2,2006,210674.5,209500.0,939
SW2,2007,244209.2,248000.0,833
SW2,2008,240376.5,239000.0,419
SW2,2009,232764.8,230000.0,301
SW2,2010,256000.5,250000.0,452
SW2,2011,252248.3,249000.0,486
SW2,2012,268454.6,254450.0,508
SW2,2013,311710.2,299950.0,701
SW2,2014,375294.7,355000.0,705
SW2,2015,411860.7,395000.0,651
SW2,2016,451768.9,435000.0,536
SW2,2017,456375.1,437500.0,635
SW2,2018,476421.7,470000.0,534
SW2,2019,454054.3,440175.0,488
SW2,2020,467842.8,462500.0,379
SW2,2021,463823.5,456000.0,696
SW2,2022,468294.4,455000.0,577
SW2,2023,476277.9,465000.0,488
SW2,2024,453556.8,448750.0,526
SW2,2025,461007.3,448500.0,446
SW2,2026,496152.6,478750.0,12
SW20,1995,70250.0,63000.0,198
SW20,1996,67148.3,60000.0,277
SW20,1997,85968.4,67000.0,335
SW20,1998,104591.7,78500.0,329
SW20,1999,109855.7,95600.0,295
SW20,2000,145131.2,126500.0,273
SW20,2001,147437.6,131750.0,248
SW20,2002,174346.0,157000.0,328
SW20,2003,205519.8,172500.0,255
SW20,2004,214891.3,188000.0,258
SW20,2005,225253.2,201500.0,305
SW20,2006,245017.2,219184.5,362
SW20,2007,282111.6,249950.0,300
SW20,2008,262864.8,249993.0,115
SW20,2009,240993.7,210000.0,140
SW20,2010,264599.2,240000.0,145
SW20,2011,258680.6,242975.0,228
SW20,2012,262807.6,249997.0,216
SW20,2013,318680.7,285000.0,242
SW20,2014,373065.3,354000.0,220
SW20,2015,396292.8,355000.0,215
SW20,2016,427900.5,415000.0,280
SW20,2017,617029.9,460000.0,211
SW20,2018,474642.5,420000.0,193
SW20,2019,465224.0,395350.0,171
SW20,2020,446475.4,407500.0,156
SW20,2021,556619.0,435000.0,306
SW20,2022,488846.3,445749.5,232
SW20,2023,448538.6,420000.0,193
SW20,2024,444010.0,413500.0,191
SW20,2025,487235.8,417500.0,143
SW20,2026,326666.7,340000.0,3
SW3,1995,188531.4,150000.0,527
SW3,1996,220427.0,170000.0,621
SW3,1997,270799.2,215000.0,702
SW3,1998,292856.6,230000.0,603
SW3,1999,372187.0,250000.0,681
SW3,2000,393662.4,295000.0,622
SW3,2001,401197.6,300000.0,560
SW3,2002,437347.0,316500.0,656
SW3,2003,435646.0,330000.0,516
SW3,2004,479796.7,352500.0,613
SW3,2005,506032.5,387250.0,464
SW3,2006,629512.8,460000.0,624
SW3,2007,731948.7,525525.0,516
SW3,2008,748588.3,570000.0,233
SW3,2009,761403.0,625000.0,325
SW3,2010,908010.4,675000.0,327
SW3,2011,958126.9,757500.0,318
SW3,2012,1073469.7,835750.0,298
SW3,2013,1352354.3,882500.0,380
SW3,2014,1772057.3,1200000.0,405
SW3,2015,1546182.0,1070000.0,354
SW3,2016,1452602.3,990000.0,259
SW3,2017,1425033.3,1137500.0,246
SW3,2018,1266632.5,975000.0,219
SW3,2019,1601009.5,1005000.0,250
SW3,2020,1561771.4,1025000.0,173
SW3,2021,1408018.0,948750.0,290
SW3,2022,1618034.1,1070000.0,327
SW3,2023,1938775.6,1060000.0,266
SW3,2024,1537452.3,1023750.0,308
SW3,2025,1131256.7,832500.0,184
SW3,2026,1030000.0,700000.0,4
SW4,1995,80452.9,76000.0,406
SW4,1996,85842.8,81000.0,602
SW4,1997,102818.0,97500.0,707
SW4,1998,126560.3,120000.0,582
SW4,1999,149944.8,145000.0,783
SW4,2000,192555.2,190000.0,739
SW4,2001,206037.3,200000.0,642
SW4,2002,223884.8,221750.0,706
SW4,2003,233199.5,229950.0,585
SW4,2004,249463.1,245000.0,621
SW4,2005,264204.7,250000.0,606
SW4,2006,276544.8,265500.0,736
SW4,2007,341544.4,334000.0,729
SW4,2008,329878.1,320000.0,317
SW4,2009,325056.7,320000.0,316
SW4,2010,346868.5,327000.0,449
SW4,2011,360226.7,335500.0,480
SW4,2012,384118.6,379000.0,593
SW4,2013,427606.4,415000.0,547
SW4,2014,534371.3,498000.0,548
SW4,2015,544437.7,525000.0,579
SW4,2016,595905.1,540875.0,424
SW4,2017,598983.1,550000.0,410
SW4,2018,570632.2,535000.0,374
SW4,2019,550371.9,511000.0,364
SW4,2020,541376.8,502738.0,513
SW4,2021,597583.6,550000.0,557
SW4,2022,621681.2,565000.0,472
SW4,2023,596163.6,550000.0,361
SW4,2024,628465.5,575000.0,422
SW4,2025,549810.1,513750.0,332
SW4,2026,490634.6,485000.0,7
SW5,1995,161376.5,135000.0,347
SW5,1996,184039.9,142500.0,498
SW5,1997,211143.0,169950.0,541
SW5,1998,238036.5,190000.0,459
SW5,1999,268301.9,230000.0,565
SW5,2000,333649.4,271500.0,477
SW5,2001,358081.8,295000.0,422
SW5,2002,411106.3,340000.0,505
SW5,2003,391360.1,310000.0,331
SW5,2004,466523.2,361500.0,388
SW5,2005,455472.3,360000.0,361
SW5,2006,538401.1,425000.0,431
SW5,2007,617828.1,465000.0,488
SW5,2008,713825.7,540000.0,199
SW5,2009,680932.3,550000.0,199
SW5,2010,784555.2,640000.0,267
SW5,2011,819184.0,577500.0,298
SW5,2012,976993.0,745000.0,221
SW5,2013,1029333.5,830000.0,295
SW5,2014,1111813.6,875000.0,299
SW5,2015,1210858.9,900000.0,245
SW5,2016,1157942.5,857500.0,172
SW5,2017,1152587.1,857500.0,159
SW5,2018,1102441.2,800000.0,128
SW5,2019,956424.4,740000.0,135
SW5,2020,1126801.2,872500.0,128
SW5,2021,1124432.4,850000.0,200
SW5,2022,1185695.0,907500.0,198
SW5,2023,1082571.6,926000.0,209
SW5,2024,1080611.6,795000.0,205
SW5,2025,912861.0,732500.0,145
SW5,2026,490000.0,490000.0,1
SW6,1995,110215.6,100000.0,701
SW6,1996,118777.2,111500.0,1012
SW6,1997,152065.3,132975.0,1148
SW6,1998,173146.7,157000.0,925
SW6,1999,192391.0,177000.0,1186
SW6,2000,220935.6,210000.0,919
SW6,2001,249653.5,235000.0,985
SW6,2002,296306.5,250000.0,1070
SW6,2003,310199.0,270000.0,903
SW6,2004,323375.3,293000.0,1040
SW6,2005,361353.2,309974.5,912
SW6,2006,374268.3,331000.0,1133
SW6,2007,436469.9,399950.0,1157
SW6,2008,545002.2,450000.0,483
SW6,2009,437993.7,390000.0,483
SW6,2010,449328.4,415000.0,681
SW6,2011,467701.8,430000.0,767
SW6,2012,521042.8,465000.0,813
SW6,2013,626019.0,555000.0,926
SW6,2014,727100.0,655500.0,872
SW6,2015,865121.3,725000.0,858
SW6,2016,885414.1,750000.0,877
SW6,2017,885156.8,750750.0,762
SW6,2018,806469.2,650000.0,593
SW6,2019,728397.8,645000.0,633
SW6,2020,844691.2,720000.0,675
SW6,2021,715751.6,638342.0,797
SW6,2022,784051.0,695000.0,839
SW6,2023,880871.0,788000.0,919
SW6,2024,877087.9,735000.0,782
SW6,2025,699937.1,647125.0,546
SW6,2026,585062.5,572500.0,8
SW8,1995,69622.0,69997.5,234
SW8,1996,74325.4,69000.0,265
SW8,1997,92151.0,82000.0,295
SW8,1998,103443.5,93725.0,290
SW8,1999,133719.9,126000.0,365
SW8,2000,202239.0,180000.0,489
SW8,2001,255022.8,202000.0,472
SW8,2002,292970.0,229950.0,511
SW8,2003,328498.8,279950.0,681
SW8,2004,330506.2,248000.0,515
SW8,2005,358489.8,280000.0,649
SW8,2006,340452.9,271000.0,737
SW8,2007,379970.4,311000.0,730
SW8,2008,388221.7,329950.0,566
SW8,2009,379017.1,315000.0,307
SW8,2010,365689.2,327008.5,456
SW8,2011,399771.5,342000.0,427
SW8,2012,396995.4,320000.0,387
SW8,2013,604408.2,427500.0,474
SW8,2014,955185.0,551000.0,557
SW8,2015,734676.7,629500.0,854
SW8,2016,720322.4,630000.0,733
SW8,2017,598018.8,547319.0,638
SW8,2018,629879.1,570000.0,447
SW8,2019,689266.2,650000.0,621
SW8,2020,746781.4,660000.0,447
SW8,2021,608820.4,559500.0,498
SW8,2022,995862.6,800500.0,698
SW8,2023,1134960.0,750000.0,609
SW8,2024,801298.0,510500.0,471
SW8,2025,786478.4,530000.0,355
SW8,2026,1012500.0,1012500.0,2
SW9,1995,59588.0,60000.0,231
SW9,1996,63507.1,64000.0,249
SW9,1997,78493.0,78500.0,425
SW9,1998,96270.7,92000.0,373
SW9,1999,115570.9,118000.0,379
SW9,2000,153001.9,155000.0,336
SW9,2001,162734.6,159549.5,378
SW9,2002,182352.8,183050.0,402
SW9,2003,183813.3,182500.0,325
SW9,2004,205969.2,199476.0,452
SW9,2005,212458.6,209500.0,382
SW9,2006,238733.7,235000.0,551
SW9,2007,260132.5,250000.0,562
SW9,2008,259998.5,249972.5,254
SW9,2009,249365.0,250000.0,194
SW9,2010,263758.4,250000.0,272
SW9,2011,291560.8,280000.0,299
SW9,2012,295817.9,280000.0,321
SW9,2013,339228.8,327000.0,621
SW9,2014,394168.9,385000.0,585
SW9,2015,446525.4,437500.0,443
SW9,2016,459596.6,461000.0,699
SW9,2017,451922.9,440000.0,407
SW9,2018,463534.7,466000.0,350
SW9,2019,443037.8,443000.0,319
SW9,2020,491118.2,490000.0,347
SW9,2021,499783.7,492500.0,530
SW9,2022,494058.4,490000.0,484
SW9,2023,485390.4,470000.0,354
SW9,2024,499882.0,500000.0,378
SW9,2025,492930.3,470000.0,300
SW9,2026,432500.0,472500.0,3
TW1,1995,79754.8,72000.0,332
TW1,1996,125358.6,83975.0,488
TW1,1997,103590.3,89000.0,468
TW1,1998,174107.4,123000.0,527
TW1,1999,156725.6,130000.0,497
TW1,2000,176188.4,151750.0,344
TW1,2001,181495.5,165000.0,451
TW1,2002,214111.2,190000.0,452
TW1,2003,226427.7,209250.0,381
TW1,2004,246570.5,225500.0,394
TW1,2005,246076.6,225000.0,381
TW1,2006,279247.2,246000.0,455
TW1,2007,311991.3,275000.0,402
TW1,2008,330586.4,285000.0,195
TW1,2009,308678.9,250000.0,188
TW1,2010,312823.3,275000.0,227
TW1,2011,327735.2,289950.0,227
TW1,2012,310438.3,285000.0,244
TW1,2013,358661.7,316000.0,261
TW1,2014,443166.3,389975.0,316
TW1,2015,433064.0,399950.0,293
TW1,2016,505513.3,464975.0,348
TW1,2017,500278.4,460000.0,191
TW1,2018,474649.4,423500.0,206
TW1,2019,490361.0,442500.0,170
TW1,2020,508337.4,460125.0,213
TW1,2021,508274.7,460000.0,281
TW1,2022,522917.3,457962.5,258
TW1,2023,533283.9,470000.0,261
TW1,2024,533050.2,463000.0,225
TW1,2025,528362.7,472525.0,204
TW1,2026,423250.0,376500.0,4
TW10,1995,117214.1,106000.0,153
TW10,1996,116527.8,107500.0,236
TW10,1997,132510.8,125000.0,257
TW10,1998,159504.5,152750.0,204
TW10,1999,189396.8,176000.0,281
TW10,2000,222230.2,192500.0,200
TW10,2001,226482.8,207500.0,201
TW10,2002,271720.8,242143.0,271
TW10,2003,265465.1,245000.0,216
TW10,2004,293773.3,250000.0,203
TW10,2005,296919.2,265000.0,199
TW10,2006,334543.9,293500.0,262
TW10,2007,363345.8,343000.0,238
TW10,2008,392286.5,339000.0,140
TW10,2009,367627.4,328725.0,124
TW10,2010,384718.3,345000.0,155
TW10,2011,410035.4,351250.0,134
TW10,2012,444188.4,375050.0,166
TW10,2013,458234.1,415000.0,191
TW10,2014,591739.1,525000.0,177
TW10,2015,565199.6,500000.0,175
TW10,2016,593255.4,520000.0,142
TW10,2017,992249.5,656250.0,194
TW10,2018,645120.1,501550.0,131
TW10,2019,907889.8,577000.0,123
TW10,2020,670684.5,572750.0,120
TW10,2021,673333.3,545000.0,162
TW10,2022,725494.6,625000.0,137
TW10,2023,721689.0,575000.0,109
TW10,2024,663692.3,580000.0,141
TW10,2025,695013.1,582500.0,122
TW10,2026,702500.0,567500.0,4
TW11,1995,72944.6,68250.0,146
TW11,1996,74935.1,69950.0,229
TW11,1997,113973.5,88225.0,326
TW11,1998,129163.3,106000.0,310
TW11,1999,157698.9,131000.0,347
TW11,2000,166940.6,150000.0,237
TW11,2001,166522.6,152000.0,236
TW11,2002,200356.4,180000.0,293
TW11,2003,215732.2,196000.0,323
TW11,2004,244197.1,220000.0,253
TW11,2005,226762.5,210000.0,222
TW11,2006,241320.3,229000.0,305
TW11,2007,277878.2,249950.0,309
TW11,2008,298037.2,265000.0,184
TW11,2009,272079.0,249995.0,131
TW11,2010,280598.0,250000.0,168
TW11,2011,321595.3,284950.0,203
TW11,2012,330046.6,315000.0,277
TW11,2013,346785.9,314950.0,265
TW11,2014,388763.0,350000.0,252
TW11,2015,412527.4,385000.0,209
TW11,2016,461009.4,390000.0,205
TW11,2017,464000.3,429950.0,193
TW11,2018,432616.6,400000.0,175
TW11,2019,482014.1,400000.0,221
TW11,2020,544816.2,462500.0,164
TW11,2021,497836.2,445000.0,274
TW11,2022,507942.7,442500.0,219
TW11,2023,609041.4,520000.0,203
TW11,2024,502231.8,404000.0,158
TW11,2025,452507.3,413950.0,133
TW11,2026,413500.0,413500.0,2
TW12,1995,83358.8,74500.0,122
TW12,1996,64738.8,59950.0,91
TW12,1997,78761.3,69500.0,155
TW12,1998,86573.7,84000.0,150
TW12,1999,96496.0,92250.0,152
TW12,2000,126065.9,117000.0,121
TW12,2001,132047.5,123500.0,153
TW12,2002,154219.6,148000.0,153
TW12,2003,170337.5,162750.0,140
TW12,2004,184434.1,182750.0,182
TW12,2005,193846.1,185000.0,179
TW12,2006,205956.0,196925.0,176
TW12,2007,219178.2,215525.0,154
TW12,2008,231546.4,227500.0,101
TW12,2009,216154.6,195000.0,65
TW12,2010,228721.8,215000.0,87
TW12,2011,232497.1,226500.0,104
TW12,2012,235033.9,234950.0,97
TW12,2013,253808.9,248000.0,123
TW12,2014,275339.5,252500.0,150
TW12,2015,327252.7,300750.0,162
TW12,2016,363652.8,349950.0,124
TW12,2017,390305.9,355640.0,90
TW12,2018,340244.9,329000.0,89
TW12,2019,323856.5,317000.0,92
TW12,2020,378302.0,349975.0,102
TW12,2021,360325.9,335000.0,153
TW12,2022,374373.9,355000.0,122
TW12,2023,402468.7,372500.0,84
TW12,2024,360148.2,347500.0,85
TW12,2025,350129.3,342475.0,72
TW12,2026,305000.0,272000.0,3
TW13,1995,46876.0,46495.0,92
TW13,1996,47623.5,47995.0,232
TW13,1997,55253.5,56500.0,337
TW13,1998,61666.8,60000.0,145
TW13,1999,71977.1,68000.0,219
TW13,2000,80967.1,81000.0,195
TW13,2001,93146.3,92000.0,241
TW13,2002,111859.2,112000.0,243
TW13,2003,133829.6,135000.0,240
TW13,2004,148044.0,145000.0,233
TW13,2005,160047.9,157000.0,272
TW13,2006,176762.8,173817.0,433
TW13,2007,183998.2,182447.5,330
TW13,2008,181559.5,176000.0,157
TW13,2009,145996.5,148250.0,72
TW13,2010,151405.3,154500.0,104
TW13,2011,143830.9,148000.0,81
TW13,2012,150798.4,150000.0,95
TW13,2013,162453.3,163000.0,137
TW13,2014,182783.2,183975.0,220
TW13,2015,205866.9,210000.0,226
TW13,2016,241627.3,246750.0,228
TW13,2017,242102.0,260000.0,160
TW13,2018,227504.5,237500.0,152
TW13,2019,249904.8,259000.0,165
TW13,2020,262910.5,265000.0,129
TW13,2021,250125.8,258000.0,155
TW13,2022,246932.4,255000.0,140
TW13,2023,304669.1,299995.0,190
TW13,2024,237241.7,259950.0,115
TW13,2025,229531.7,225000.0,93
TW14,1995,46832.3,49950.0,82
TW14,1996,45080.2,46000.0,86
TW14,1997,51731.3,52950.0,141
TW14,1998,56901.1,59950.0,87
TW14,1999,66398.4,67000.0,124
TW14,2000,78696.1,80000.0,136
TW14,2001,86701.2,89950.0,129
TW14,2002,107699.1,109975.0,138
TW14,2003,122661.9,129000.0,127
TW14,2004,138452.6,143000.0,127
TW14,2005,138969.5,142000.0,113
TW14,2006,149476.4,149972.5,152
TW14,2007,190707.4,185000.0,235
TW14,2008,167259.8,165000.0,61
TW14,2009,137510.3,138500.0,37
TW14,2010,153144.6,155000.0,46
TW14,2011,152687.0,160000.0,77
TW14,2012,147384.7,153500.0,75
TW14,2013,161981.1,164725.0,78
TW14,2014,173386.8,175000.0,123
TW14,2015,204819.3,215500.0,99
TW14,2016,227751.6,240000.0,96
TW14,2017,236405.5,254000.0,73
TW14,2018,244659.2,248750.0,76
TW14,2019,228464.6,240000.0,83
TW14,2020,285036.5,280000.0,74
TW14,2021,260614.1,260000.0,111
TW14,2022,258142.5,266905.0,100
TW14,2023,294664.4,285000.0,65
TW14,2024,239061.8,246500.0,60
TW14,2025,274115.4,300000.0,39
TW14,2026,245000.0,245000.0,2
TW15,1995,55159.2,57000.0,85
TW15,1996,53727.8,54000.0,111
TW15,1997,60127.4,60000.0,143
TW15,1998,67966.7,66250.0,138
TW15,1999,84395.6,81300.0,175
TW15,2000,94410.3,94725.0,136
TW15,2001,105508.2,108000.0,161
TW15,2002,130649.4,129950.0,136
TW15,2003,165762.2,159000.0,205
TW15,2004,158672.2,159500.0,133
TW15,2005,162604.4,163000.0,132
TW15,2006,167097.3,162250.0,186
TW15,2007,189355.9,188625.0,204
TW15,2008,184383.7,185000.0,101
TW15,2009,167111.7,167500.0,88
TW15,2010,178587.6,185000.0,97
TW15,2011,162167.4,173000.0,95
TW15,2012,180579.4,187000.0,131
TW15,2013,189539.5,191500.0,167
TW15,2014,203273.7,205000.0,152
TW15,2015,237449.7,240000.0,160
TW15,2016,260603.6,262000.0,121
TW15,2017,276558.3,285000.0,108
TW15,2018,267218.5,275000.0,108
TW15,2019,270500.8,275500.0,132
TW15,2020,271352.3,280000.0,88
TW15,2021,227107.3,235000.0,244
TW15,2022,253955.4,268500.0,198
TW15,2023,278101.8,280000.0,113
TW15,2024,266675.4,280000.0,105
TW15,2025,268969.6,280000.0,92
TW15,2026,321666.7,325000.0,3
TW16,1995,52193.6,54500.0,57
TW16,1996,58514.3,59000.0,77
TW16,1997,58184.2,56050.0,90
TW16,1998,69311.9,64750.0,88
TW16,1999,81016.7,76950.0,111
TW16,2000,94499.7,86000.0,111
TW16,2001,125307.0,129000.0,145
TW16,2002,135915.5,126375.0,138
TW16,2003,160736.2,160000.0,147
TW16,2004,171212.4,177000.0,203
TW16,2005,163765.5,162750.0,82
TW16,2006,164078.8,165000.0,141
TW16,2007,191633.4,192312.5,228
TW16,2008,191629.7,195000.0,69
TW16,2009,170266.5,175000.0,54
TW16,2010,180064.3,174975.0,60
TW16,2011,167664.2,180000.0,51
TW16,2012,182605.1,190000.0,69
TW16,2013,194613.4,192000.0,93
TW16,2014,216569.6,218500.0,136
TW16,2015,238074.1,239475.0,116
TW16,2016,311113.1,287000.0,175
TW16,2017,287384.9,277750.0,110
TW16,2018,293174.9,278000.0,94
TW16,2019,277567.8,280000.0,90
TW16,2020,256856.2,265000.0,64
TW16,2021,277099.1,275750.0,118
TW16,2022,278452.5,275000.0,93
TW16,2023,268574.7,275000.0,83
TW16,2024,270195.0,272500.0,89
TW16,2025,278989.6,270000.0,67
TW17,1995,85215.3,92950.0,59
TW17,1996,72001.6,62250.0,54
TW17,1997,77310.2,72950.0,49
TW17,1998,98051.5,89750.0,64
TW17,1999,103097.3,93000.0,91
TW17,2000,125001.1,120725.0,44
TW17,2001,146235.3,122000.0,53
TW17,2002,147526.8,142500.0,71
TW17,2003,161539.5,145000.0,50
TW17,2004,181100.9,165000.0,53
TW17,2005,183258.6,184500.0,58
TW17,2006,204980.6,192750.0,70
TW17,2007,199775.0,188725.0,72
TW17,2008,195701.4,185500.0,36
TW17,2009,186850.5,175000.0,55
TW17,2010,205131.4,211250.0,68
TW17,2011,219947.1,208750.0,48
TW17,2012,202598.0,209000.0,38
TW17,2013,211881.6,210000.0,49
TW17,2014,244965.1,235000.0,53
TW17,2015,259484.9,258000.0,67
TW17,2016,294574.3,279000.0,69
TW17,2017,291520.3,283000.0,59
TW17,2018,285280.3,272750.0,44
TW17,2019,324825.7,296500.0,50
TW17,2020,316026.9,307500.0,50
TW17,2021,300108.2,297500.0,55
TW17,2022,322492.3,299950.0,65
TW17,2023,337391.8,325000.0,47
TW17,2024,287045.3,275000.0,32
TW17,2025,291089.3,285000.0,28
TW18,1995,64651.4,56000.0,140
TW18,1996,64171.4,58000.0,185
TW18,1997,69866.7,62950.0,230
TW18,1998,77300.3,72000.0,235
TW18,1999,88881.0,80500.0,202
TW18,2000,105040.5,97000.0,215
TW18,2001,123870.7,111750.0,168
TW18,2002,145105.5,137750.0,190
TW18,2003,181091.1,154950.0,215
TW18,2004,169342.6,162000.0,189
TW18,2005,166550.7,164000.0,150
TW18,2006,174144.1,171250.0,194
TW18,2007,196473.6,185000.0,189
TW18,2008,209730.7,195000.0,87
TW18,2009,180028.9,175000.0,90
TW18,2010,184233.5,169975.0,134
TW18,2011,187735.1,174950.0,121
TW18,2012,195593.9,193500.0,106
TW18,2013,225731.5,212500.0,112
TW18,2014,231755.5,238000.0,173
TW18,2015,248653.8,249950.0,185
TW18,2016,268440.9,264500.0,132
TW18,2017,280626.0,279950.0,155
TW18,2018,269904.6,277500.0,120
TW18,2019,323010.9,308000.0,203
TW18,2020,334709.1,330619.5,228
TW18,2021,297816.7,280000.0,189
TW18,2022,292252.8,285000.0,213
TW18,2023,313169.1,300000.0,135
TW18,2024,356524.6,335000.0,253
TW18,2025,307555.1,297000.0,116
TW18,2026,332500.0,325000.0,5
TW19,1995,45447.5,47625.0,40
TW19,1996,47003.1,48000.0,49
TW19,1997,49094.5,53000.0,77
TW19,1998,55222.2,57000.0,77
TW19,1999,65637.2,67500.0,74
TW19,2000,77913.7,79950.0,69
TW19,2001,120004.3,102950.0,105
TW19,2002,108651.2,109000.0,71
TW19,2003,129353.2,125000.0,72
TW19,2004,141655.5,150000.0,82
TW19,2005,129289.6,125500.0,48
TW19,2006,144540.8,144000.0,76
TW19,2007,165991.7,168000.0,117
TW19,2008,162929.8,179000.0,42
TW19,2009,142426.7,140000.0,30
TW19,2010,122747.5,113475.0,20
TW19,2011,156661.5,155000.0,39
TW19,2012,160647.8,165000.0,43
TW19,2013,172103.8,170050.0,66
TW19,2014,200961.8,199950.0,217
TW19,2015,201508.8,205750.0,80
TW19,2016,227028.5,230000.0,84
TW19,2017,240204.5,247000.0,78
TW19,2018,245243.3,250000.0,60
TW19,2019,241232.3,250000.0,48
TW19,2020,212319.6,200000.0,23
TW19,2021,227643.8,225000.0,73
TW19,2022,237450.7,250000.0,68
TW19,2023,236641.6,250000.0,37
TW19,2024,246109.1,247310.0,46
TW19,2025,249000.0,250000.0,45
TW19,2026,357500.0,357500.0,1
TW2,1995,64994.0,59850.0,92
TW2,1996,75954.2,68250.0,121
TW2,1997,79265.1,73500.0,187
TW2,1998,93743.8,87999.0,141
TW2,1999,114961.4,106000.0,153
TW2,2000,132053.3,129950.0,106
TW2,2001,142346.2,135750.0,160
TW2,2002,165826.7,160000.0,179
TW2,2003,187594.1,179000.0,169
TW2,2004,202274.8,194975.0,198
TW2,2005,196165.6,192000.0,142
TW2,2006,214383.4,214000.0,227
TW2,2007,244285.9,236750.0,146
TW2,2008,241997.0,245000.0,85
TW2,2009,207688.3,210000.0,90
TW2,2010,234089.8,226000.0,127
TW2,2011,233786.4,232500.0,102
TW2,2012,259313.1,248450.0,101
TW2,2013,262882.2,250000.0,149
TW2,2014,302166.3,299950.0,163
TW2,2015,330436.7,335250.5,154
TW2,2016,372320.0,375000.0,131
TW2,2017,364306.9,362000.0,111
TW2,2018,369129.1,350950.0,91
TW2,2019,363586.7,360000.0,93
TW2,2020,383462.4,367250.0,85
TW2,2021,371082.4,365000.0,128
TW2,2022,374996.7,380000.0,122
TW2,2023,392512.6,368000.0,89
TW2,2024,398492.3,396000.0,111
TW2,2025,407286.5,400000.0,75
TW2,2026,600000.0,600000.0,1
TW20,1995,57994.1,55500.0,62
TW20,1996,56819.4,55000.0,59
TW20,1997,61908.3,56950.0,101
TW20,1998,80639.2,69950.0,85
TW20,1999,92868.7,79975.0,84
TW20,2000,118151.3,103500.0,76
TW20,2001,119800.0,112500.0,80
TW20,2002,141589.3,130000.0,92
TW20,2003,166810.2,155500.0,90
TW20,2004,168936.3,165000.0,71
TW20,2005,196300.7,196000.0,110
TW20,2006,196440.7,182500.0,164
TW20,2007,231476.6,225000.0,112
TW20,2008,211132.1,212375.0,52
TW20,2009,173853.8,173000.0,51
TW20,2010,201410.9,200000.0,78
TW20,2011,202637.7,199950.0,61
TW20,2012,183503.4,178000.0,59
TW20,2013,201266.2,202500.0,71
TW20,2014,219933.2,215000.0,96
TW20,2015,240471.5,240000.0,94
TW20,2016,257225.2,255000.0,110
TW20,2017,297642.2,280000.0,90
TW20,2018,266979.0,260000.0,67
TW20,2019,436236.2,304250.0,76
TW20,2020,447546.2,275000.0,66
TW20,2021,435814.6,270000.0,107
TW20,2022,367964.4,289000.0,100
TW20,2023,403621.3,285000.0,93
TW20,2024,407682.3,275000.0,65
TW20,2025,370738.6,289500.0,44
TW20,2026,176000.0,176000.0,1
TW3,1995,54852.4,56000.0,124
TW3,1996,53141.9,52000.0,113
TW3,1997,64441.1,64495.0,213
TW3,1998,77892.3,77247.5,226
TW3,1999,83815.1,79950.0,205
TW3,2000,97277.9,95000.0,163
TW3,2001,108129.3,112500.0,193
TW3,2002,133262.9,137750.0,266
TW3,2003,169191.6,155000.0,205
TW3,2004,157849.3,158000.0,186
TW3,2005,166153.1,165000.0,155
TW3,2006,181115.1,176500.0,202
TW3,2007,227923.9,222750.0,490
TW3,2008,198663.2,197000.0,147
TW3,2009,162417.3,165000.0,45
TW3,2010,165032.2,172500.0,66
TW3,2011,175548.8,178000.0,83
TW3,2012,185829.2,194500.0,84
TW3,2013,191307.1,190000.0,99
TW3,2014,193467.4,210000.0,147
TW3,2015,238122.3,245000.0,170
TW3,2016,235602.7,230000.0,278
TW3,2017,244087.3,252500.0,359
TW3,2018,239007.5,248000.0,257
TW3,2019,292521.1,275000.0,175
TW3,2020,339060.1,340000.0,163
TW3,2021,332037.8,335000.0,179
TW3,2022,362009.5,340325.0,334
TW3,2023,344907.1,336861.5,164
TW3,2024,319207.0,320000.0,164
TW3,2025,273995.4,290000.0,122
TW3,2026,200000.0,200000.0,2
TW4,1995,44720.3,45000.0,37
TW4,1996,44611.6,44000.0,43
TW4,1997,54555.5,53750.0,74
TW4,1998,65350.0,63000.0,104
TW4,1999,72681.4,71950.0,111
TW4,2000,86312.8,86000.0,113
TW4,2001,97598.9,97500.0,95
TW4,2002,122114.3,120500.0,149
TW4,2003,139453.1,138000.0,73
TW4,2004,151013.4,150000.0,104
TW4,2005,164160.9,163250.0,112
TW4,2006,169169.1,165500.0,131
TW4,2007,176209.2,175000.0,111
TW4,2008,180880.3,180500.0,53
TW4,2009,146187.5,153500.0,40
TW4,2010,152674.3,154000.0,37
TW4,2011,166759.6,165500.0,52
TW4,2012,161031.7,172250.0,30
TW4,2013,183542.6,180000.0,84
TW4,2014,199769.3,195000.0,101
TW4,2015,213123.0,218975.0,76
TW4,2016,236077.3,249950.0,53
TW4,2017,235989.0,247500.0,50
TW4,2018,249839.2,261000.0,51
TW4,2019,240088.6,261000.0,44
TW4,2020,287072.0,290000.0,69
TW4,2021,270330.5,270000.0,59
TW4,2022,283773.6,270000.0,55
TW4,2023,269469.7,270000.0,33
TW4,2024,292464.4,291000.0,55
TW4,2025,275109.3,290000.0,31
TW5,1995,45149.2,49125.0,44
TW5,1996,48013.3,48000.0,49
TW5,1997,56414.5,56000.0,83
TW5,1998,70867.8,68500.0,80
TW5,1999,75556.2,74000.0,70
TW5,2000,87089.0,88000.0,111
TW5,2001,101202.5,102500.0,72
TW5,2002,124150.8,127500.0,82
TW5,2003,143420.2,148000.0,81
TW5,2004,156404.6,157000.0,111
TW5,2005,168892.6,169950.0,107
TW5,2006,160367.6,160000.0,93
TW5,2007,175948.8,170000.0,92
TW5,2008,173326.3,166000.0,38
TW5,2009,157270.5,161500.0,22
TW5,2010,163203.6,160000.0,42
TW5,2011,164615.4,170500.0,39
TW5,2012,161588.9,165000.0,36
TW5,2013,181072.4,179000.0,38
TW5,2014,191668.4,185000.0,81
TW5,2015,232745.7,232500.0,88
TW5,2016,268947.1,258500.0,86
TW5,2017,263653.8,278000.0,117
TW5,2018,245127.9,265000.0,43
TW5,2019,266507.8,273750.0,40
TW5,2020,263592.6,260000.0,27
TW5,2021,265295.5,270000.0,55
TW5,2022,269529.5,272250.0,42
TW5,2023,280435.5,275000.0,31
TW5,2024,281382.4,288000.0,34
TW5,2025,259236.9,275000.0,33
TW5,2026,257000.0,229000.0,3
TW7,1995,59152.1,59950.0,192
TW7,1996,64613.7,66950.0,238
TW7,1997,69946.7,69000.0,213
TW7,1998,75789.5,76500.0,211
TW7,1999,95769.9,89950.0,220
TW7,2000,117688.1,117500.0,295
TW7,2001,131337.6,128000.0,259
TW7,2002,153872.9,150000.0,293
TW7,2003,191434.9,175000.0,370
TW7,2004,202802.1,190000.0,311
TW7,2005,196170.3,187500.0,227
TW7,2006,201448.7,190000.0,302
TW7,2007,233891.8,228725.0,350
TW7,2008,240793.9,234975.0,326
TW7,2009,199991.3,198000.0,163
TW7,2010,220498.1,220000.0,277
TW7,2011,221159.8,215000.0,143
TW7,2012,221880.6,214975.0,152
TW7,2013,247721.0,236000.0,186
TW7,2014,274107.8,267000.0,293
TW7,2015,316656.7,315000.0,281
TW7,2016,371532.7,342750.0,272
TW7,2017,371357.0,360000.0,375
TW7,2018,382701.9,360000.0,270
TW7,2019,389683.3,365000.0,269
TW7,2020,372756.6,350000.0,195
TW7,2021,345933.4,330000.0,242
TW7,2022,334079.6,340000.0,204
TW7,2023,350689.6,340000.0,163
TW7,2024,341053.0,327500.0,184
TW7,2025,331622.2,322000.0,144
TW7,2026,406250.0,406250.0,2
TW8,1995,67148.2,59500.0,62
TW8,1996,74067.8,58000.0,70
TW8,1997,78556.6,73750.0,132
TW8,1998,135940.5,98975.0,158
TW8,1999,121310.2,103500.0,152
TW8,2000,182107.7,161000.0,162
TW8,2001,208664.9,177000.0,203
TW8,2002,250586.3,249950.0,387
TW8,2003,281798.1,271600.0,411
TW8,2004,257797.3,250000.0,350
TW8,2005,268738.7,250000.0,209
TW8,2006,264280.7,238000.0,265
TW8,2007,277962.9,250000.0,249
TW8,2008,289844.2,280000.0,170
TW8,2009,247200.0,245000.0,148
TW8,2010,257687.9,245000.0,184
TW8,2011,265104.4,249999.5,178
TW8,2012,353915.8,295000.0,250
TW8,2013,349579.8,250000.0,333
TW8,2014,397759.1,352625.0,556
TW8,2015,486594.2,415000.0,707
TW8,2016,543434.4,460000.0,516
TW8,2017,502219.7,450000.0,311
TW8,2018,455127.4,415000.0,277
TW8,2019,430943.5,400000.0,204
TW8,2020,402130.7,385000.0,172
TW8,2021,386887.7,371400.0,340
TW8,2022,483904.2,440000.0,457
TW8,2023,517249.3,484500.0,350
TW8,2024,437141.2,415000.0,306
TW8,2025,419412.7,385000.0,167
TW8,2026,366250.0,370000.0,4
TW9,1995,87580.7,80541.0,189
TW9,1996,96677.0,89900.0,211
TW9,1997,109573.9,102500.0,266
TW9,1998,141589.9,134975.0,232
TW9,1999,153781.4,150750.0,280
TW9,2000,199615.6,180000.0,225
TW9,2001,211212.9,199000.0,249
TW9,2002,281066.5,244000.0,348
TW9,2003,315922.4,269975.0,266
TW9,2004,301387.8,250000.0,326
TW9,2005,311579.4,262000.0,271
TW9,2006,323298.4,285000.0,353
TW9,2007,368429.9,335000.0,344
TW9,2008,381715.8,340000.0,141
TW9,2009,322203.3,287500.0,121
TW9,2010,345142.1,317500.0,207
TW9,2011,391737.2,355000.0,183
TW9,2012,375147.3,338750.0,202
TW9,2013,425403.0,376000.0,225
TW9,2014,489474.9,460000.0,241
TW9,2015,529493.3,495000.0,215
TW9,2016,511355.7,480000.0,249
TW9,2017,527225.0,505000.0,281
TW9,2018,560716.3,528750.0,220
TW9,2019,516452.7,494750.0,147
TW9,2020,499909.8,480000.0,139
TW9,2021,514995.3,471000.0,219
TW9,2022,550445.0,500000.0,202
TW9,2023,524339.9,477500.0,160
TW9,2024,542155.7,500000.0,209
TW9,2025,539569.1,500000.0,165
TW9,2026,441666.7,375000.0,3
UB1,1995,42606.3,43750.0,63
UB1,1996,35981.8,38987.5,56
UB1,1997,44619.9,45000.0,89
UB1,1998,47367.8,53175.0,76
UB1,1999,61631.0,59997.5,74
UB1,2000,72943.4,75000.0,114
UB1,2001,81310.3,82750.0,92
UB1,2002,101869.9,100000.0,88
UB1,2003,131603.8,135000.0,118
UB1,2004,143671.7,140000.0,90
UB1,2005,149635.5,150000.0,82
UB1,2006,147742.4,150000.0,97
UB1,2007,160958.6,160000.0,97
UB1,2008,162437.5,162250.0,40
UB1,2009,153937.7,152500.0,33
UB1,2010,149321.6,163000.0,37
UB1,2011,150234.4,150000.0,32
UB1,2012,149696.4,153500.0,28
UB1,2013,152096.7,160000.0,31
UB1,2014,182841.0,173500.0,39
UB1,2015,199939.4,204000.0,47
UB1,2016,224744.4,238000.0,63
UB1,2017,227043.2,247000.0,37
UB1,2018,143516.8,126975.0,138
UB1,2019,233254.2,237500.0,30
UB1,2020,233085.3,240000.0,33
UB1,2021,342506.5,320913.0,316
UB1,2022,366936.2,336475.0,132
UB1,2023,259962.9,247000.0,83
UB1,2024,373336.9,388500.0,126
UB1,2025,382254.1,392160.0,87
UB10,1995,57951.2,52125.0,62
UB10,1996,56683.3,52000.0,122
UB10,1997,56785.2,54950.0,121
UB10,1998,64406.0,61500.0,109
UB10,1999,75758.0,71000.0,123
UB10,2000,92078.1,86225.0,116
UB10,2001,108046.1,103000.0,76
UB10,2002,121173.1,119950.0,130
UB10,2003,140618.5,145000.0,100
UB10,2004,165501.0,164975.0,140
UB10,2005,165207.0,158000.0,86
UB10,2006,173350.4,174950.0,103
UB10,2007,184551.7,186500.0,118
UB10,2008,196822.5,189000.0,71
UB10,2009,183435.6,174600.0,73
UB10,2010,180950.0,181000.0,52
UB10,2011,206909.7,195000.0,134
UB10,2012,219172.2,209000.0,138
UB10,2013,190137.2,185000.0,78
UB10,2014,240466.3,247000.0,141
UB10,2015,270695.2,272975.0,194
UB10,2016,310315.9,263750.0,204
UB10,2017,384820.0,400000.0,238
UB10,2018,353923.5,350000.0,231
UB10,2019,346147.6,365000.0,231
UB10,2020,364325.2,349950.0,199
UB10,2021,348977.2,321500.0,176
UB10,2022,370352.6,320000.0,94
UB10,2023,338248.3,315000.0,89
UB10,2024,337228.0,313750.0,106
UB10,2025,415885.4,345000.0,89
UB10,2026,237500.0,237500.0,2
UB2,1995,50405.1,46897.5,110
UB2,1996,46670.5,46995.0,113
UB2,1997,62591.7,50500.0,115
UB2,1998,58691.1,53000.0,99
UB2,1999,79788.2,64000.0,119
UB2,2000,90230.8,78000.0,133
UB2,2001,91071.7,85000.0,129
UB2,2002,108374.7,103475.0,116
UB2,2003,127195.7,124000.0,145
UB2,2004,147063.1,139000.0,111
UB2,2005,150364.0,150250.0,118
UB2,2006,156706.8,150000.0,103
UB2,2007,167589.1,157500.0,115
UB2,2008,175387.4,175475.0,58
UB2,2009,143466.7,140000.0,33
UB2,2010,146385.9,146000.0,46
UB2,2011,148490.7,155000.0,43
UB2,2012,159410.3,162000.0,39
UB2,2013,183639.4,173000.0,146
UB2,2014,199195.8,195000.0,107
UB2,2015,232629.5,225000.0,162
UB2,2016,222257.1,205000.0,101
UB2,2017,317742.3,307500.0,116
UB2,2018,329636.3,315000.0,139
UB2,2019,313336.5,313500.0,156
UB2,2020,310245.2,307500.0,128
UB2,2021,355243.5,359229.5,238
UB2,2022,332456.7,312000.0,134
UB2,2023,316407.3,320000.0,146
UB2,2024,298065.0,310000.0,103
UB2,2025,274164.8,271500.0,58
UB3,1995,41350.8,43000.0,128
UB3,1996,41891.8,43000.0,172
UB3,1997,46713.0,47500.0,203
UB3,1998,53048.2,54725.0,260
UB3,1999,62188.5,60000.0,253
UB3,2000,74940.2,75000.0,229
UB3,2001,83728.9,84725.0,188
UB3,2002,104520.1,106565.0,248
UB3,2003,122965.4,125325.0,246
UB3,2004,132603.6,133200.0,205
UB3,2005,144593.7,141500.0,216
UB3,2006,143479.9,145000.0,261
UB3,2007,156861.9,154000.0,243
UB3,2008,158185.2,160000.0,122
UB3,2009,149609.8,151500.0,76
UB3,2010,162332.0,161000.0,86
UB3,2011,160993.4,159000.0,189
UB3,2012,196594.0,185000.0,338
UB3,2013,178566.5,175750.0,168
UB3,2014,174309.4,172500.0,169
UB3,2015,216518.7,207000.0,171
UB3,2016,235976.8,224999.0,309
UB3,2017,235146.7,235000.0,131
UB3,2018,262612.0,245500.0,218
UB3,2019,234059.8,240000.0,117
UB3,2020,306569.6,279000.0,135
UB3,2021,314005.0,287000.0,289
UB3,2022,366198.4,355000.0,502
UB3,2023,339271.8,333470.0,348
UB3,2024,261277.2,260000.0,154
UB3,2025,304209.8,294000.0,188
UB3,2026,425000.0,425000.0,1
UB4,1995,42391.8,43500.0,97
UB4,1996,44023.6,46000.0,135
UB4,1997,48406.5,49375.0,172
UB4,1998,56118.3,54375.0,208
UB4,1999,63331.6,61250.0,248
UB4,2000,72245.5,72000.0,224
UB4,2001,83238.2,84000.0,178
UB4,2002,106463.1,107000.0,227
UB4,2003,126194.6,128000.0,194
UB4,2004,137775.1,138000.0,205
UB4,2005,136110.4,135000.0,144
UB4,2006,148644.3,148000.0,218
UB4,2007,156513.3,158000.0,200
UB4,2008,175286.4,170000.0,136
UB4,2009,137101.1,143000.0,44
UB4,2010,142296.5,145000.0,57
UB4,2011,151586.0,153000.0,89
UB4,2012,142107.4,144000.0,53
UB4,2013,154391.5,157500.0,77
UB4,2014,166735.4,173750.0,110
UB4,2015,208691.0,207500.0,118
UB4,2016,241037.2,245000.0,160
UB4,2017,248734.5,260000.0,91
UB4,2018,249972.5,261250.0,88
UB4,2019,250501.8,260000.0,82
UB4,2020,229718.3,232500.0,67
UB4,2021,244553.9,254300.0,101
UB4,2022,253172.6,262250.0,84
UB4,2023,227160.3,236000.0,68
UB4,2024,247168.2,261000.0,66
UB4,2025,260714.3,270000.0,49
UB5,1995,42261.4,43900.0,169
UB5,1996,42422.6,44250.0,208
UB5,1997,49616.6,51000.0,285
UB5,1998,54565.7,55000.0,376
UB5,1999,65487.9,65000.0,327
UB5,2000,76608.4,75000.0,376
UB5,2001,88431.2,87000.0,387
UB5,2002,107968.0,111000.0,350
UB5,2003,133676.4,135816.0,395
UB5,2004,141477.9,144000.0,363
UB5,2005,156381.6,152500.0,394
UB5,2006,158656.6,155000.0,417
UB5,2007,168441.5,167000.0,445
UB5,2008,174184.6,174475.0,222
UB5,2009,153137.1,160000.0,148
UB5,2010,157767.5,160000.0,153
UB5,2011,150924.1,156000.0,143
UB5,2012,166616.3,171750.0,170
UB5,2013,170111.3,170000.0,179
UB5,2014,189769.7,192950.0,219
UB5,2015,217310.5,216000.0,198
UB5,2016,253557.3,265000.0,208
UB5,2017,256349.7,265500.0,204
UB5,2018,259838.9,270000.0,148
UB5,2019,249691.9,260000.0,136
UB5,2020,241243.5,250000.0,108
UB5,2021,261504.3,265000.0,173
UB5,2022,274148.7,275000.0,173
UB5,2023,257158.7,262000.0,143
UB5,2024,260878.5,265000.0,162
UB5,2025,272159.9,260000.0,121
UB5,2026,288333.3,275000.0,3
UB6,1995,50686.7,51250.0,130
UB6,1996,51482.3,52000.0,135
UB6,1997,58138.4,58000.0,201
UB6,1998,73265.8,64000.0,237
UB6,1999,75484.7,74000.0,228
UB6,2000,90437.0,87975.0,232
UB6,2001,103115.2,105000.0,241
UB6,2002,121341.0,124975.0,240
UB6,2003,148562.5,151000.0,239
UB6,2004,159983.5,163800.0,227
UB6,2005,160588.7,164000.0,145
UB6,2006,170652.1,173000.0,252
UB6,2007,200294.4,199000.0,294
UB6,2008,208602.4,207095.0,139
UB6,2009,172241.2,165500.0,80
UB6,2010,173423.8,174000.0,123
UB6,2011,177310.1,175000.0,84
UB6,2012,189380.8,191000.0,99
UB6,2013,199002.9,200000.0,116
UB6,2014,238454.0,240000.0,145
UB6,2015,242888.8,249975.0,130
UB6,2016,275477.3,285000.0,171
UB6,2017,309532.5,310000.0,134
UB6,2018,358314.0,330500.0,204
UB6,2019,221902.3,237000.0,107
UB6,2020,290474.0,293750.0,64
UB6,2021,303725.9,300000.0,127
UB6,2022,351669.0,330000.0,170
UB6,2023,340152.0,330000.0,101
UB6,2024,361441.2,330000.0,102
UB6,2025,295858.1,302500.0,86
UB6,2026,287500.0,280000.0,3
UB7,1995,42068.2,43000.0,103
UB7,1996,48502.5,45000.0,197
UB7,1997,49119.8,49000.0,213
UB7,1998,54793.5,55000.0,210
UB7,1999,64732.0,64125.0,258
UB7,2000,76358.9,75750.0,258
UB7,2001,84606.0,84000.0,175
UB7,2002,107331.0,105000.0,226
UB7,2003,120656.8,122000.0,215
UB7,2004,130766.0,130000.0,237
UB7,2005,133607.1,130500.0,155
UB7,2006,139106.2,137000.0,173
UB7,2007,173828.5,173000.0,311
UB7,2008,195130.2,199950.0,218
UB7,2009,169225.6,164950.0,134
UB7,2010,162071.2,162130.0,106
UB7,2011,168576.7,165475.0,130
UB7,2012,175953.8,176997.5,136
UB7,2013,199277.0,194995.0,235
UB7,2014,185639.4,187500.0,232
UB7,2015,260166.0,265250.0,304
UB7,2016,268871.8,270000.0,206
UB7,2017,303604.3,304995.0,319
UB7,2018,319934.3,319000.0,235
UB7,2019,326589.9,342000.0,179
UB7,2020,287619.1,274000.0,132
UB7,2021,266727.7,270000.0,221
UB7,2022,269819.4,275000.0,173
UB7,2023,268575.5,275000.0,139
UB7,2024,284323.7,290000.0,135
UB7,2025,261410.4,260000.0,104
UB7,2026,353759.0,412500.0,3
UB8,1995,49147.3,49000.0,112
UB8,1996,47539.4,47000.0,181
UB8,1997,50010.6,49975.0,188
UB8,1998,55271.9,55950.0,195
UB8,1999,73763.7,69950.0,258
UB8,2000,89839.4,84950.0,283
UB8,2001,94786.1,95000.0,183
UB8,2002,115236.0,115000.0,244
UB8,2003,152160.4,148000.0,279
UB8,2004,166739.4,162000.0,314
UB8,2005,153824.4,151500.0,243
UB8,2006,159603.7,160000.0,192
UB8,2007,180827.4,179950.0,232
UB8,2008,204644.1,205000.0,237
UB8,2009,169759.1,170000.0,153
UB8,2010,183723.1,184250.0,196
UB8,2011,177354.2,178000.0,181
UB8,2012,170285.0,174500.0,100
UB8,2013,175170.7,176000.0,128
UB8,2014,196262.8,200000.0,192
UB8,2015,231749.2,237000.0,141
UB8,2016,251677.0,260000.0,147
UB8,2017,271475.2,280000.0,143
UB8,2018,283234.3,280000.0,254
UB8,2019,295080.5,290000.0,377
UB8,2020,276426.4,278056.0,148
UB8,2021,293905.6,285000.0,250
UB8,2022,294724.4,295000.0,190
UB8,2023,290930.5,283500.0,164
UB8,2024,268920.5,270000.0,110
UB8,2025,262913.4,270000.0,97
UB8,2026,206500.0,206500.0,2
UB9,1995,57550.7,56775.0,46
UB9,1996,52177.1,54950.0,43
UB9,1997,66471.8,62000.0,62
UB9,1998,74229.9,76000.0,45
UB9,1999,80469.6,81000.0,74
UB9,2000,97042.9,90000.0,49
UB9,2001,107990.9,105000.0,69
UB9,2002,123863.6,122000.0,59
UB9,2003,146466.4,128000.0,61
UB9,2004,149325.4,146200.0,56
UB9,2005,170858.2,165000.0,57
UB9,2006,195594.3,178000.0,83
UB9,2007,203709.2,188000.0,76
UB9,2008,252574.6,214950.0,57
UB9,2009,218930.2,186000.0,43
UB9,2010,221949.0,194500.0,52
UB9,2011,231757.8,198500.0,42
UB9,2012,221342.5,204000.0,86
UB9,2013,266346.2,265000.0,129
UB9,2014,270003.8,218500.0,53
UB9,2015,286993.5,280000.0,93
UB9,2016,324882.1,300000.0,80
UB9,2017,352696.1,335950.0,133
UB9,2018,351554.4,330000.0,102
UB9,2019,342169.5,332500.0,72
UB9,2020,308017.0,299975.0,44
UB9,2021,314435.7,315000.0,78
UB9,2022,349407.5,350000.0,73
UB9,2023,337852.4,325000.0,63
UB9,2024,317545.4,315000.0,65
UB9,2025,321041.7,320000.0,36
UB9,2026,287000.0,287000.0,1
W10,1995,95403.1,85150.0,179
W10,1996,98940.8,89000.0,199
W10,1997,116912.3,112000.0,256
W10,1998,136398.4,124800.0,234
W10,1999,168014.8,150000.0,234
W10,2000,195946.1,176000.0,240
W10,2001,205398.1,185000.0,251
W10,2002,254397.4,225000.0,309
W10,2003,246797.3,220000.0,224
W10,2004,288108.8,239975.0,266
W10,2005,283509.2,255000.0,199
W10,2006,305061.1,280000.0,271
W10,2007,374098.6,302000.0,317
W10,2008,354736.0,316750.0,124
W10,2009,355290.4,332000.0,129
W10,2010,433954.1,375000.0,221
W10,2011,391864.9,342500.0,160
W10,2012,452551.7,385000.0,203
W10,2013,491609.4,442500.0,240
W10,2014,557737.6,490000.0,221
W10,2015,599568.7,497000.0,279
W10,2016,664592.2,595000.0,215
W10,2017,669566.2,600000.0,197
W10,2018,666772.8,525000.0,142
W10,2019,607334.7,518750.0,122
W10,2020,667554.0,595000.0,115
W10,2021,707479.3,577750.0,182
W10,2022,755292.4,627500.0,148
W10,2023,706355.3,601250.0,134
W10,2024,691638.1,559500.0,126
W10,2025,655374.4,550000.0,133
W10,2026,1108000.0,650000.0,5
W11,1995,145256.5,119000.0,393
W11,1996,177719.8,142750.0,484
W11,1997,204894.1,155500.0,526
W11,1998,213886.8,165000.0,493
W11,1999,269040.5,220000.0,538
W11,2000,337675.0,245000.0,458
W11,2001,335387.5,275000.0,413
W11,2002,370332.1,285550.0,517
W11,2003,373018.4,302500.0,377
W11,2004,486127.9,367749.5,462
W11,2005,448368.4,337750.0,372
W11,2006,485015.3,395000.0,474
W11,2007,632109.7,483750.0,422
W11,2008,788218.4,523000.0,180
W11,2009,602438.7,477500.0,239
W11,2010,749613.8,586750.0,252
W11,2011,766389.0,615000.0,289
W11,2012,905450.9,687000.0,270
W11,2013,911911.9,631500.0,334
W11,2014,1097141.6,815000.0,331
W11,2015,998223.4,802500.0,284
W11,2016,1242924.5,965000.0,284
W11,2017,1054284.5,807500.0,216
W11,2018,1223531.1,867500.0,180
W11,2019,1126419.7,880000.0,218
W11,2020,1234566.7,885258.5,204
W11,2021,1230434.3,850000.0,270
W11,2022,1726250.5,950000.0,265
W11,2023,1330987.2,967500.0,215
W11,2024,1336339.7,910000.0,229
W11,2025,1131040.9,802500.0,188
W12,1995,74618.7,72500.0,277
W12,1996,76515.8,73963.5,358
W12,1997,94161.4,87000.0,421
W12,1998,110822.8,107000.0,424
W12,1999,135013.3,129250.0,390
W12,2000,165884.7,162000.0,368
W12,2001,179972.1,178000.0,375
W12,2002,207340.3,205000.0,453
W12,2003,210623.1,205000.0,383
W12,2004,230016.2,220000.0,432
W12,2005,235215.3,230000.0,360
W12,2006,251517.5,249000.0,430
W12,2007,296617.3,292500.0,425
W12,2008,287403.7,275500.0,196
W12,2009,281592.4,272000.0,205
W12,2010,317572.1,314000.0,236
W12,2011,309399.7,295000.0,277
W12,2012,328937.0,314150.0,279
W12,2013,368324.6,350000.0,407
W12,2014,447774.1,420475.0,430
W12,2015,497222.0,490000.0,339
W12,2016,541190.1,520000.0,323
W12,2017,537096.2,514000.0,275
W12,2018,841274.0,740000.0,556
W12,2019,666800.7,575000.0,317
W12,2020,807493.5,705000.0,366
W12,2021,718731.1,655000.0,508
W12,2022,612415.9,527000.0,333
W12,2023,798005.7,740000.0,441
W12,2024,759231.1,580000.0,401
W12,2025,530037.3,480000.0,257
W12,2026,591353.5,615000.0,4
W13,1995,64288.6,65000.0,184
W13,1996,69908.5,70000.0,232
W13,1997,83279.1,79725.0,322
W13,1998,105466.4,104995.0,351
W13,1999,119573.8,115000.0,271
W13,2000,145670.0,144000.0,262
W13,2001,153177.3,149975.0,274
W13,2002,177800.7,175000.0,338
W13,2003,186685.4,185000.0,271
W13,2004,203767.0,208000.0,257
W13,2005,212437.6,211000.0,250
W13,2006,220392.0,222500.0,310
W13,2007,267513.0,260000.0,416
W13,2008,252170.6,250000.0,181
W13,2009,226027.0,232000.0,109
W13,2010,248882.2,250000.0,173
W13,2011,247040.3,249974.5,152
W13,2012,274395.6,270000.0,183
W13,2013,289990.2,295000.0,205
W13,2014,368450.1,370000.0,217
W13,2015,409217.2,410000.0,215
W13,2016,434744.8,420000.0,218
W13,2017,455818.1,436555.0,183
W13,2018,395641.9,405500.0,140
W13,2019,406851.4,412500.0,146
W13,2020,413501.6,422000.0,117
W13,2021,439711.6,430000.0,258
W13,2022,497862.8,490000.0,302
W13,2023,433727.7,425000.0,181
W13,2024,413196.3,399975.0,176
W13,2025,454250.0,450000.0,140
W13,2026,457500.0,457500.0,1
W14,1995,109906.3,90000.0,634
W14,1996,119220.3,99950.0,780
W14,1997,139939.9,120000.0,948
W14,1998,157106.2,137250.0,838
W14,1999,201284.3,171000.0,997
W14,2000,247221.3,205000.0,962
W14,2001,252586.6,223500.0,839
W14,2002,309550.8,250000.0,1031
W14,2003,299552.3,245000.0,663
W14,2004,307888.8,250000.0,713
W14,2005,332099.5,275000.0,614
W14,2006,352786.0,295000.0,858
W14,2007,449117.7,375000.0,731
W14,2008,423856.2,367000.0,295
W14,2009,428978.5,370000.0,338
W14,2010,459442.4,400000.0,444
W14,2011,506547.7,410000.0,465
W14,2012,518688.4,420000.0,497
W14,2013,599964.8,496100.0,553
W14,2014,908388.9,699999.0,673
W14,2015,943592.6,724700.0,598
W14,2016,1049388.0,785000.0,524
W14,2017,988885.7,680900.0,353
W14,2018,1058099.2,648750.0,358
W14,2019,842480.0,658000.0,339
W14,2020,898878.1,652500.0,320
W14,2021,841851.7,670000.0,579
W14,2022,801165.4,600000.0,427
W14,2023,782454.3,590000.0,353
W14,2024,801429.7,605000.0,403
W14,2025,689679.7,575000.0,321
W14,2026,547500.0,487500.0,8
W1B,1995,218183.3,195000.0,12
W1B,1996,214652.8,185000.0,18
W1B,1997,312902.8,244000.0,18
W1B,1998,176836.0,140800.0,31
W1B,1999,357066.7,230500.0,24
W1B,2000,405289.5,323000.0,19
W1B,2001,375362.5,317500.0,16
W1B,2002,435091.7,377500.0,24
W1B,2003,349583.3,322500.0,12
W1B,2004,953810.0,701800.0,10
W1B,2005,1051630.9,512500.0,14
W1B,2006,600865.7,450000.0,21
W1B,2007,724633.3,596000.0,15
W1B,2008,886379.4,750000.0,17
W1B,2009,1085499.9,762000.0,12
W1B,2010,826111.1,700000.0,9
W1B,2011,1134199.3,767500.0,14
W1B,2012,2360766.8,1828500.0,18
W1B,2013,2001166.7,900000.0,15
W1B,2014,1515001.5,1270000.0,18
W1B,2015,3406164.4,3200000.0,16
W1B,2016,4438328.8,3650000.0,12
W1B,2017,4154857.4,3620000.0,23
W1B,2018,2522500.0,2522500.0,2
W1B,2019,2556766.8,2813906.5,12
W1B,2020,4433056.8,1950000.0,50
W1B,2021,5231659.0,4270000.0,25
W1B,2022,6735428.6,5197500.0,28
W1B,2023,2939330.0,2450000.0,15
W1B,2024,6014500.0,4462500.0,10
W1B,2025,1028750.0,1007500.0,4
W1C,1998,180000.0,180000.0,1
W1C,2002,862500.0,862500.0,2
W1C,2004,900000.0,900000.0,1
W1C,2009,719000.0,616250.0,3
W1D,1995,176789.1,179000.0,32
W1D,1996,129031.2,120000.0,16
W1D,1997,191794.1,121000.0,17
W1D,1998,276790.0,281375.0,26
W1D,1999,323034.6,280000.0,26
W1D,2000,279473.5,226493.0,21
W1D,2001,337170.8,255975.0,24
W1D,2002,312020.8,285000.0,12
W1D,2003,304350.0,249150.0,16
W1D,2004,425319.4,320000.0,18
W1D,2005,393123.4,260000.0,13
W1D,2006,397762.5,387500.0,16
W1D,2007,553647.0,467000.0,17
W1D,2008,622500.0,622500.0,2
W1D,2009,691750.0,637500.0,12
W1D,2010,890000.0,935000.0,3
W1D,2011,700000.0,750000.0,7
W1D,2012,848333.3,710000.0,6
W1D,2013,2107887.6,1776575.0,12
W1D,2014,1809124.4,1348997.5,8
W1D,2015,832846.6,680000.0,37
W1D,2016,1184958.3,795500.0,12
W1D,2017,1440957.9,1139000.0,19
W1D,2018,1608333.3,1400000.0,3
W1D,2019,616214.3,500000.0,7
W1D,2020,1059818.0,1094772.0,8
W1D,2021,1450357.1,680000.0,7
W1D,2022,944166.7,647500.0,6
W1D,2023,1634394.3,1198392.0,16
W1D,2024,1750000.0,1750000.0,1
W1D,2025,582142.9,480000.0,7
W1F,1995,134166.7,123000.0,21
W1F,1996,125646.6,116500.0,25
W1F,1997,139734.8,126000.0,33
W1F,1998,225589.4,155500.0,26
W1F,1999,215698.1,202500.0,26
W1F,2000,261027.0,234000.0,29
W1F,2001,264900.0,222500.0,24
W1F,2002,289051.7,275000.0,29
W1F,2003,323248.1,278975.0,20
W1F,2004,328233.3,310000.0,9
W1F,2005,307608.7,279000.0,23
W1F,2006,512069.0,480000.0,21
W1F,2007,519954.2,450000.0,15
W1F,2008,444000.0,425000.0,9
W1F,2009,517833.3,426000.0,18
W1F,2010,854417.9,857500.0,28
W1F,2011,1273033.2,997500.0,30
W1F,2012,684347.5,499975.0,20
W1F,2013,1468329.2,1254000.0,30
W1F,2014,1060983.3,830000.0,15
W1F,2015,1778980.0,1295000.0,25
W1F,2016,2867145.2,2730000.0,31
W1F,2017,1940553.9,1772500.0,22
W1F,2018,1100821.4,921000.0,14
W1F,2019,848333.3,595000.0,6
W1F,2020,982000.0,750000.0,5
W1F,2021,1492088.2,850000.0,17
W1F,2022,1427386.7,1250000.0,15
W1F,2023,1606096.0,1623125.0,100
W1F,2024,1336481.5,910000.0,27
W1F,2025,2045625.0,692500.0,8
W1G,1995,153604.4,142000.0,57
W1G,1996,174675.3,160000.0,85
W1G,1997,229524.9,187000.0,93
W1G,1998,249133.3,220000.0,63
W1G,1999,314737.2,263250.0,94
W1G,2000,321952.2,270000.0,69
W1G,2001,390143.2,350000.0,94
W1G,2002,510253.4,400000.0,73
W1G,2003,564442.6,400000.0,61
W1G,2004,486992.9,380000.0,57
W1G,2005,605541.2,460000.0,73
W1G,2006,614283.5,546000.0,101
W1G,2007,860878.6,675000.0,70
W1G,2008,691043.9,667300.0,41
W1G,2009,910860.9,712000.0,51
W1G,2010,1177344.8,980000.0,48
W1G,2011,1111344.1,630000.0,55
W1G,2012,1352102.9,1200000.0,51
W1G,2013,1390592.6,1195000.0,68
W1G,2014,1397920.8,1105000.0,63
W1G,2015,1455817.0,1262500.0,44
W1G,2016,2329084.1,1850000.0,29
W1G,2017,1865312.5,1725000.0,40
W1G,2018,1557671.9,1220000.0,32
W1G,2019,1861516.3,1425000.0,22
W1G,2020,2719928.6,1500000.0,21
W1G,2021,3115777.4,1595000.0,64
W1G,2022,2389270.5,1312500.0,60
W1G,2023,1775677.7,1600000.0,41
W1G,2024,2432771.7,1602500.0,46
W1G,2025,1643910.7,1200000.0,21
W1H,1995,159013.5,122500.0,102
W1H,1996,172463.2,135000.0,140
W1H,1997,210790.6,170000.0,222
W1H,1998,254999.7,208250.0,160
W1H,1999,302209.4,251750.0,235
W1H,2000,357505.8,286500.0,254
W1H,2001,375444.2,285000.0,218
W1H,2002,374343.2,335500.0,399
W1H,2003,458430.3,365000.0,182
W1H,2004,405113.8,323750.0,168
W1H,2005,419899.1,381250.0,160
W1H,2006,520615.3,415000.0,232
W1H,2007,665821.9,510000.0,205
W1H,2008,635877.5,490000.0,100
W1H,2009,650081.1,520000.0,124
W1H,2010,810513.2,680000.0,119
W1H,2011,872313.3,700000.0,113
W1H,2012,1078128.7,820000.0,123
W1H,2013,1176283.4,835000.0,127
W1H,2014,1244095.1,995000.0,157
W1H,2015,1404327.6,1250000.0,124
W1H,2016,1384295.2,1097500.0,104
W1H,2017,1607858.2,1055000.0,97
W1H,2018,1582382.2,1277500.0,86
W1H,2019,1449195.9,1150000.0,95
W1H,2020,1389948.4,1125000.0,63
W1H,2021,1558965.0,1265000.0,107
W1H,2022,2339789.2,1375000.0,101
W1H,2023,1919734.1,1250000.0,113
W1H,2024,1688134.1,1300000.0,119
W1H,2025,1365864.0,1062500.0,58
W1H,2026,850000.0,850000.0,1
W1J,1995,299808.1,262500.0,52
W1J,1996,275906.8,230000.0,37
W1J,1997,366408.2,280000.0,49
W1J,1998,402303.9,310000.0,59
W1J,1999,389050.3,325000.0,66
W1J,2000,522970.0,390000.0,85
W1J,2001,598335.1,472500.0,82
W1J,2002,596021.5,472000.0,77
W1J,2003,637791.5,499950.0,53
W1J,2004,824229.9,605000.0,58
W1J,2005,832635.8,680000.0,44
W1J,2006,845733.1,620000.0,54
W1J,2007,862049.5,722500.0,58
W1J,2008,811600.0,712500.0,28
W1J,2009,895175.0,890000.0,20
W1J,2010,1220796.3,970000.0,27
W1J,2011,1411096.9,1325000.0,24
W1J,2012,1295823.5,1100000.0,17
W1J,2013,2244195.2,1985000.0,21
W1J,2014,1840118.2,1567500.0,22
W1J,2015,2382265.9,1762500.0,44
W1J,2016,2555330.4,1700000.0,35
W1J,2017,3149875.0,1722500.0,24
W1J,2018,7213582.5,3700000.0,51
W1J,2019,6066991.8,2350000.0,32
W1J,2020,2345444.0,2071000.0,20
W1J,2021,2215570.0,1837500.0,20
W1J,2022,2108809.5,1930000.0,42
W1J,2023,4521620.7,2500000.0,29
W1J,2024,6210807.0,2475000.0,46
W1J,2025,3002923.2,1906000.0,13
W1K,1995,364494.2,255000.0,69
W1K,1996,336588.1,235000.0,58
W1K,1997,487672.6,325000.0,93
W1K,1998,776152.9,357500.0,95
W1K,1999,545062.7,390000.0,120
W1K,2000,525006.9,370000.0,143
W1K,2001,609751.7,487500.0,144
W1K,2002,653309.9,530000.0,105
W1K,2003,885744.8,656000.0,94
W1K,2004,941121.7,645000.0,109
W1K,2005,806446.0,600000.0,79
W1K,2006,958514.7,643000.0,110
W1K,2007,1090650.9,839500.0,98
W1K,2008,1297754.4,1010000.0,48
W1K,2009,1464274.3,950000.0,41
W1K,2010,1130371.2,900000.0,69
W1K,2011,1575084.7,973500.0,40
W1K,2012,2766437.5,1445000.0,28
W1K,2013,2922714.6,2445000.0,60
W1K,2014,2932737.4,1937500.0,48
W1K,2015,3005677.0,1865000.0,72
W1K,2016,3470566.5,2886836.5,74
W1K,2017,4198989.3,2300000.0,47
W1K,2018,3634980.6,3225000.0,44
W1K,2019,8853687.6,2800000.0,65
W1K,2020,9063110.2,5350000.0,104
W1K,2021,6537115.9,2565000.0,74
W1K,2022,9320949.8,4750000.0,88
W1K,2023,5848519.8,3900000.0,61
W1K,2024,4871332.9,3075000.0,58
W1K,2025,3865454.5,3417500.0,22
W1S,1995,435988.9,445500.0,9
W1S,1996,220000.0,220000.0,1
W1S,1997,318125.0,297500.0,16
W1S,1998,761250.0,557500.0,4
W1S,1999,441000.0,465000.0,12
W1S,2000,354750.0,327500.0,6
W1S,2001,703468.8,599000.0,4
W1S,2002,451321.2,562500.0,10
W1S,2003,449600.0,493000.0,5
W1S,2004,1098000.0,1200000.0,5
W1S,2005,619250.0,619250.0,2
W1S,2006,357683.2,318699.5,6
W1S,2007,877821.4,782250.0,21
W1S,2008,745000.0,745000.0,2
W1S,2009,932091.0,932091.0,2
W1S,2010,906944.4,1000000.0,18
W1S,2011,905125.0,784000.0,4
W1S,2012,1638214.3,1700000.0,14
W1S,2013,2008625.0,1717250.0,4
W1S,2014,2006917.7,1895000.0,21
W1S,2015,3926952.4,2200000.0,21
W1S,2016,8525000.0,8525000.0,2
W1S,2017,4968685.3,4111250.0,38
W1S,2018,5055507.0,2150000.0,5
W1S,2019,3978576.8,3094294.0,8
W1S,2020,4896474.4,4357500.0,10
W1S,2021,4445649.5,4950000.0,8
W1S,2022,3093333.3,2075000.0,6
W1S,2023,4373171.8,3233539.5,64
W1S,2024,3885000.0,2180000.0,8
W1S,2025,2149571.4,2275000.0,7
W1T,1995,110772.1,92875.0,44
W1T,1996,114985.3,110000.0,34
W1T,1997,184726.7,140000.0,179
W1T,1998,189475.4,180000.0,69
W1T,1999,206806.3,188500.0,84
W1T,2000,303255.7,295000.0,149
W1T,2001,317391.6,290000.0,83
W1T,2002,324555.6,310000.0,71
W1T,2003,337341.1,284000.0,54
W1T,2004,364508.9,334000.0,62
W1T,2005,335039.2,303400.0,58
W1T,2006,383059.0,345000.0,67
W1T,2007,493352.1,415000.0,59
W1T,2008,542093.8,497500.0,16
W1T,2009,469173.9,400000.0,23
W1T,2010,471846.2,410000.0,52
W1T,2011,685879.2,620000.0,59
W1T,2012,774339.2,655000.0,59
W1T,2013,777263.0,640320.0,85
W1T,2014,860106.1,742000.0,51
W1T,2015,1182284.7,957500.0,62
W1T,2016,1736844.5,1421250.0,272
W1T,2017,1483403.8,1150000.0,55
W1T,2018,1735428.9,1575000.0,194
W1T,2019,1297960.5,1005000.0,40
W1T,2020,1478136.3,1090000.0,48
W1T,2021,1596057.6,1363100.0,106
W1T,2022,1781654.9,1572500.0,74
W1T,2023,1404379.2,1050000.0,63
W1T,2024,1248350.0,1081000.0,60
W1T,2025,986110.5,780000.0,41
W1T,2026,692400.0,692400.0,2
W1U,1995,166363.4,138125.0,101
W1U,1996,151985.0,135000.0,117
W1U,1997,218050.0,193750.0,152
W1U,1998,259836.6,230000.0,184
W1U,1999,271852.0,249999.0,189
W1U,2000,348211.0,295000.0,141
W1U,2001,340374.4,300000.0,141
W1U,2002,417612.7,385000.0,142
W1U,2003,453500.6,382500.0,109
W1U,2004,465140.7,395000.0,98
W1U,2005,489452.7,417500.0,118
W1U,2006,550172.4,487500.0,148
W1U,2007,741563.6,699999.5,154
W1U,2008,862292.1,760000.0,121
W1U,2009,766706.4,697500.0,74
W1U,2010,812847.3,699975.0,86
W1U,2011,994784.8,799999.0,79
W1U,2012,1070758.7,935000.0,89
W1U,2013,1255499.8,975000.0,99
W1U,2014,1656142.8,1125000.0,83
W1U,2015,1078403.0,990000.0,99
W1U,2016,1891099.8,1325000.0,86
W1U,2017,3573134.9,1700000.0,83
W1U,2018,3062437.8,2275000.0,90
W1U,2019,2201730.0,1505000.0,100
W1U,2020,2356368.8,1312500.0,50
W1U,2021,1481300.0,1230000.0,75
W1U,2022,1593930.8,1170000.0,65
W1U,2023,2848928.6,1537500.0,92
W1U,2024,2178597.5,1400000.0,95
W1U,2025,2001782.6,1062500.0,46
W1U,2026,3185000.0,3185000.0,2
W1W,1995,91516.6,79972.5,60
W1W,1996,112975.0,100000.0,51
W1W,1997,140664.6,118000.0,89
W1W,1998,125653.4,118000.0,73
W1W,1999,184459.7,164000.0,108
W1W,2000,223177.3,203000.0,87
W1W,2001,250245.6,232000.0,69
W1W,2002,280467.4,245500.0,92
W1W,2003,316781.2,290000.0,69
W1W,2004,333669.8,300000.0,88
W1W,2005,334255.7,285600.0,53
W1W,2006,442795.8,332500.0,96
W1W,2007,440585.3,371259.0,69
W1W,2008,469728.1,392500.0,32
W1W,2009,541648.3,400000.0,60
W1W,2010,632454.7,491000.0,77
W1W,2011,876352.2,500000.0,58
W1W,2012,847772.1,597500.0,46
W1W,2013,1133910.8,695000.0,79
W1W,2014,956500.8,750000.0,77
W1W,2015,1148476.5,920000.0,67
W1W,2016,1140472.0,1075000.0,51
W1W,2017,1363273.2,1147500.0,60
W1W,2018,1549662.2,1022500.0,40
W1W,2019,2101461.9,1500750.0,60
W1W,2020,1260562.9,1057500.0,40
W1W,2021,1073674.8,750000.0,47
W1W,2022,1336372.1,1050000.0,43
W1W,2023,1318555.3,793500.0,34
W1W,2024,1639772.4,1260000.0,47
W1W,2025,1004650.0,686000.0,20
W2,1995,131223.7,107000.0,875
W2,1996,145471.6,120000.0,1124
W2,1997,170168.5,140000.0,1238
W2,1998,191029.9,155000.0,1122
W2,1999,225201.0,189000.0,1316
W2,2000,268526.4,227000.0,1371
W2,2001,302707.6,249500.0,1261
W2,2002,332537.0,275000.0,1471
W2,2003,368148.8,306500.0,1360
W2,2004,396883.2,315000.0,1242
W2,2005,390638.7,332000.0,1048
W2,2006,452569.5,370000.0,1380
W2,2007,539183.5,430000.0,1359
W2,2008,582287.7,451500.0,616
W2,2009,583309.0,475000.0,643
W2,2010,647880.4,550000.0,790
W2,2011,758711.8,580000.0,719
W2,2012,819009.6,550000.0,671
W2,2013,863673.0,642500.0,724
W2,2014,1029486.5,795000.0,945
W2,2015,1052989.5,780000.0,663
W2,2016,1083576.1,815000.0,668
W2,2017,1147439.8,850500.0,602
W2,2018,1054329.9,720000.0,491
W2,2019,1026476.6,750000.0,501
W2,2020,1133423.0,850000.0,539
W2,2021,1155367.7,900000.0,845
W2,2022,1104469.6,855000.0,729
W2,2023,1687220.6,818000.0,541
W2,2024,1282161.2,850000.0,517
W2,2025,1012424.1,658750.0,354
W2,2026,646392.9,506000.0,14
W3,1995,64998.0,66000.0,262
W3,1996,67847.3,67000.0,296
W3,1997,75334.7,72500.0,434
W3,1998,91908.9,87000.0,444
W3,1999,115052.2,113725.0,556
W3,2000,133689.3,132500.0,463
W3,2001,151237.8,149875.0,494
W3,2002,174627.0,171000.0,543
W3,2003,183640.9,185000.0,469
W3,2004,198664.8,197500.0,485
W3,2005,202504.4,200000.0,412
W3,2006,228823.4,227500.0,862
W3,2007,258458.6,250000.0,734
W3,2008,268558.4,250000.0,255
W3,2009,248146.2,247500.0,259
W3,2010,247240.5,246000.0,409
W3,2011,242989.2,245000.0,323
W3,2012,291120.1,277000.0,459
W3,2013,304617.3,288000.0,529
W3,2014,362471.1,345000.0,397
W3,2015,406593.2,400000.0,458
W3,2016,444966.7,426000.0,559
W3,2017,451213.8,437500.0,462
W3,2018,457774.6,453445.0,529
W3,2019,436514.3,430000.0,485
W3,2020,471472.8,460000.0,475
W3,2021,432336.6,420750.0,526
W3,2022,488613.6,489795.0,936
W3,2023,470184.0,450000.0,645
W3,2024,467667.4,434337.5,604
W3,2025,445897.2,410000.0,329
W3,2026,463690.4,452500.0,5
W4,1995,96126.8,88000.0,569
W4,1996,100938.0,90000.0,574
W4,1997,122755.2,114975.0,692
W4,1998,136051.2,125000.0,632
W4,1999,168961.0,159950.0,715
W4,2000,203016.5,188000.0,585
W4,2001,215257.7,200000.0,601
W4,2002,251896.1,230000.0,649
W4,2003,250340.7,239025.0,490
W4,2004,265410.1,249585.0,601
W4,2005,269318.4,249950.0,493
W4,2006,298355.4,285000.0,712
W4,2007,353302.9,331575.0,560
W4,2008,343765.5,320500.0,250
W4,2009,328223.4,305000.0,265
W4,2010,379538.6,340000.0,365
W4,2011,382755.1,347500.0,390
W4,2012,404350.7,360000.0,391
W4,2013,438666.5,396000.0,397
W4,2014,532330.0,477500.0,417
W4,2015,530692.3,520000.0,495
W4,2016,575143.9,533000.0,348
W4,2017,610041.6,585000.0,321
W4,2018,596521.2,550000.0,392
W4,2019,514318.3,450000.0,389
W4,2020,547727.1,515000.0,325
W4,2021,541271.5,500000.0,414
W4,2022,565725.6,502500.0,358
W4,2023,539683.4,475000.0,307
W4,2024,632323.8,555000.0,399
W4,2025,557858.5,524000.0,261
W4,2026,468333.3,450000.0,3
W5,1995,78861.5,77500.0,418
W5,1996,84800.1,83500.0,540
W5,1997,100005.6,96500.0,670
W5,1998,116180.9,113000.0,599
W5,1999,137875.8,134950.0,666
W5,2000,161768.4,158500.0,553
W5,2001,192998.0,184750.0,692
W5,2002,208866.4,205000.0,623
W5,2003,225984.0,220000.0,546
W5,2004,239158.5,237000.0,587
W5,2005,240887.4,232000.0,442
W5,2006,266172.2,249950.0,677
W5,2007,299519.4,285500.0,620
W5,2008,302703.8,276250.0,250
W5,2009,266250.7,250000.0,216
W5,2010,289869.8,277000.0,295
W5,2011,299558.3,285000.0,343
W5,2012,316855.1,300000.0,340
W5,2013,387620.9,350000.0,476
W5,2014,422935.2,415000.0,479
W5,2015,494415.0,468000.0,605
W5,2016,546680.7,500000.0,496
W5,2017,581501.6,525000.0,361
W5,2018,552021.7,475000.0,316
W5,2019,511735.7,460000.0,323
W5,2020,492995.9,460000.0,269
W5,2021,510845.8,465000.0,812
W5,2022,500846.5,470000.0,423
W5,2023,488476.8,460000.0,364
W5,2024,511467.4,475000.0,432
W5,2025,498900.0,475000.0,284
W5,2026,312500.0,312500.0,2
W6,1995,83192.1,76500.0,301
W6,1996,111050.8,87000.0,439
W6,1997,112823.9,97500.0,453
W6,1998,126849.4,115000.0,391
W6,1999,161516.9,145000.0,471
W6,2000,193793.7,176000.0,411
W6,2001,203616.3,185000.0,393
W6,2002,230858.1,215000.0,443
W6,2003,259150.2,231000.0,413
W6,2004,260117.8,236000.0,425
W6,2005,266038.9,240500.0,372
W6,2006,285981.4,250000.0,488
W6,2007,331235.0,315000.0,479
W6,2008,355619.4,325000.0,209
W6,2009,300791.7,275000.0,171
W6,2010,358443.9,320000.0,268
W6,2011,358096.6,335000.0,327
W6,2012,387860.7,354000.0,268
W6,2013,426056.1,390000.0,344
W6,2014,618248.3,565000.0,484
W6,2015,710812.3,550000.0,385
W6,2016,652734.7,560000.0,386
W6,2017,923750.0,747475.0,494
W6,2018,828752.2,644000.0,452
W6,2019,729469.8,535000.0,269
W6,2020,796209.8,655000.0,353
W6,2021,626924.6,520000.0,437
W6,2022,606697.4,500000.0,408
W6,2023,720685.7,625000.0,387
W6,2024,606021.9,532500.0,304
W6,2025,615180.9,522500.0,250
W6,2026,535000.0,535000.0,2
W7,1995,54920.2,58250.0,108
W7,1996,57297.9,59000.0,153
W7,1997,65608.6,65000.0,209
W7,1998,79473.9,80250.0,210
W7,1999,99164.7,95000.0,233
W7,2000,114436.6,117125.0,176
W7,2001,125002.7,125000.0,209
W7,2002,147092.1,149950.0,228
W7,2003,157598.2,162500.0,190
W7,2004,181256.0,182500.0,215
W7,2005,187195.0,188000.0,175
W7,2006,197308.9,195400.0,245
W7,2007,218977.6,226000.0,215
W7,2008,217182.7,218500.0,90
W7,2009,196024.5,200000.0,66
W7,2010,216358.3,224950.0,109
W7,2011,221988.5,230000.0,96
W7,2012,228855.4,237500.0,93
W7,2013,260286.5,250000.0,141
W7,2014,302213.5,316100.0,124
W7,2015,325815.6,325000.0,121
W7,2016,368503.6,382500.0,112
W7,2017,360820.9,360000.0,91
W7,2018,367899.7,370000.0,105
W7,2019,340450.9,336860.0,82
W7,2020,355272.5,370000.0,77
W7,2021,399672.5,397500.0,173
W7,2022,382311.6,398750.0,162
W7,2023,402471.2,402275.0,204
W7,2024,382947.2,390000.0,126
W7,2025,400459.2,402500.0,92
W7,2026,350000.0,350000.0,1
W8,1995,242352.5,180000.0,344
W8,1996,274462.7,208750.0,522
W8,1997,300695.7,245000.0,519
W8,1998,340655.9,297000.0,501
W8,1999,391866.7,335000.0,583
W8,2000,460642.2,360000.0,465
W8,2001,491966.8,395000.0,389
W8,2002,540838.9,425000.0,478
W8,2003,516427.1,380000.0,339
W8,2004,731637.9,525000.0,517
W8,2005,685495.4,450000.0,391
W8,2006,837601.5,525000.0,458
W8,2007,908672.8,715000.0,345
W8,2008,935047.3,690000.0,197
W8,2009,892867.6,730000.0,208
W8,2010,1059820.1,752500.0,256
W8,2011,1169465.5,893000.0,235
W8,2012,1343133.9,992500.0,216
W8,2013,1618342.4,1200000.0,260
W8,2014,1534669.7,1200000.0,303
W8,2015,2716982.0,1360000.0,287
W8,2016,2212108.4,1437000.0,244
W8,2017,2697637.1,1550000.0,251
W8,2018,2765778.4,1550000.0,231
W8,2019,2007557.8,1337500.0,198
W8,2020,2103086.9,1170000.0,177
W8,2021,2007616.6,1350000.0,242
W8,2022,2140061.6,1250000.0,248
W8,2023,2131311.0,1362500.0,192
W8,2024,2145156.6,1261250.0,242
W8,2025,1646002.1,1196250.0,166
W8,2026,2043666.3,2275000.0,3
W9,1995,120636.3,105000.0,694
W9,1996,132378.4,116000.0,877
W9,1997,146336.9,128000.0,1134
W9,1998,165381.9,140000.0,898
W9,1999,198126.6,175000.0,1006
W9,2000,230450.3,194000.0,873
W9,2001,265320.3,235000.0,954
W9,2002,317414.0,275000.0,1046
W9,2003,312887.0,259000.0,716
W9,2004,330440.6,300000.0,758
W9,2005,343330.5,295500.0,655
W9,2006,373825.7,320000.0,895
W9,2007,464238.0,391980.0,877
W9,2008,485567.7,403500.0,406
W9,2009,447233.9,380000.0,415
W9,2010,513460.5,415000.0,544
W9,2011,540438.9,460000.0,532
W9,2012,547619.9,459975.0,530
W9,2013,660288.4,520000.0,601
W9,2014,702135.0,568500.0,516
W9,2015,761324.7,619000.0,576
W9,2016,725216.3,600000.0,415
W9,2017,760351.7,649000.0,410
W9,2018,748890.7,620000.0,355
W9,2019,705427.1,590000.0,351
W9,2020,741984.5,610000.0,303
W9,2021,780749.0,629000.0,508
W9,2022,809826.0,650000.0,437
W9,2023,834302.5,699999.5,358
W9,2024,733704.4,620000.0,451
W9,2025,739773.9,660000.0,363
W9,2026,589928.6,625000.0,7
WC1A,1995,118672.7,125000.0,9
WC1A,1996,139722.7,142500.0,11
WC1A,1997,214800.0,239000.0,10
WC1A,1998,177631.8,159950.0,11
WC1A,1999,227272.7,240000.0,11
WC1A,2000,222454.5,196000.0,11
WC1A,2001,240142.9,250000.0,7
WC1A,2002,309850.0,299500.0,9
WC1A,2003,424495.8,335500.0,12
WC1A,2004,285277.8,285000.0,9
WC1A,2005,377181.2,332500.0,8
WC1A,2006,389078.6,359750.0,16
WC1A,2007,479963.8,480000.0,29
WC1A,2008,612200.0,575500.0,10
WC1A,2009,467928.6,425000.0,7
WC1A,2010,531875.0,467500.0,8
WC1A,2011,699000.0,740000.0,8
WC1A,2012,701066.3,699995.0,15
WC1A,2013,872000.0,895000.0,10
WC1A,2014,625195.0,586000.0,10
WC1A,2015,1043125.0,927500.0,8
WC1A,2016,1137642.9,727500.0,7
WC1A,2017,5990730.8,2637500.0,13
WC1A,2018,2766625.0,2030000.0,38
WC1A,2019,1518000.0,795000.0,5
WC1A,2020,1848562.5,2103000.0,8
WC1A,2021,3065261.9,2381250.0,21
WC1A,2022,1607307.7,1010000.0,13
WC1A,2023,3293585.3,910000.0,17
WC1A,2024,2538587.5,972500.0,20
WC1A,2025,2836666.7,1872500.0,6
WC1B,1995,166285.7,155000.0,14
WC1B,1996,152833.3,146000.0,18
WC1B,1997,193611.8,190000.0,17
WC1B,1998,265805.6,262750.0,54
WC1B,1999,304950.0,295000.0,62
WC1B,2000,279704.5,280000.0,22
WC1B,2001,448763.2,400000.0,19
WC1B,2002,372375.0,388750.0,28
WC1B,2003,412391.3,399000.0,23
WC1B,2004,417160.9,383750.0,36
WC1B,2005,438618.0,480000.0,25
WC1B,2006,502805.7,461750.0,22
WC1B,2007,587933.3,570000.0,15
WC1B,2008,764162.5,706250.0,20
WC1B,2009,715312.5,661750.0,16
WC1B,2010,795289.7,750000.0,18
WC1B,2011,940812.5,936250.0,8
WC1B,2012,771052.9,635000.0,17
WC1B,2013,825208.3,842500.0,12
WC1B,2014,1078800.0,845000.0,20
WC1B,2015,1211397.2,1322500.0,12
WC1B,2016,980245.0,917475.0,10
WC1B,2017,1363437.5,1412500.0,8
WC1B,2018,1101666.7,1027500.0,18
WC1B,2019,923461.5,814000.0,13
WC1B,2020,1088990.9,1075000.0,11
WC1B,2021,1068178.6,1025000.0,14
WC1B,2022,1695625.0,1950000.0,8
WC1B,2023,992272.7,980000.0,11
WC1B,2024,1374444.4,1250000.0,9
WC1B,2025,590090.2,625000.0,25
WC1E,1995,100678.6,84500.0,14
WC1E,1996,109769.2,84500.0,13
WC1E,1997,134075.0,116500.0,26
WC1E,1998,123497.5,116500.0,20
WC1E,1999,178352.1,162500.0,24
WC1E,2000,203797.7,180000.0,22
WC1E,2001,266888.9,247500.0,18
WC1E,2002,269744.9,249749.5,20
WC1E,2003,294250.0,294250.0,16
WC1E,2004,327478.7,311000.0,24
WC1E,2005,383062.5,358250.0,16
WC1E,2006,435015.3,407000.0,46
WC1E,2007,404707.1,310000.0,14
WC1E,2008,600506.2,600000.0,60
WC1E,2009,559131.6,495000.0,19
WC1E,2010,556718.5,516250.5,16
WC1E,2011,639441.1,585000.0,17
WC1E,2012,784428.6,826000.0,14
WC1E,2013,864574.1,720000.0,27
WC1E,2014,893749.9,797500.0,12
WC1E,2015,681469.2,562500.0,13
WC1E,2016,1025937.5,971250.0,8
WC1E,2017,795721.9,746250.0,16
WC1E,2018,937375.0,722500.0,8
WC1E,2019,755845.0,683000.0,10
WC1E,2020,697130.4,667500.0,14
WC1E,2021,1014576.5,925000.0,16
WC1E,2022,807815.8,715000.0,19
WC1E,2023,942916.7,945000.0,12
WC1E,2024,1113016.7,1155000.0,12
WC1E,2025,525000.0,575000.0,3
WC1H,1995,67491.4,57500.0,99
WC1H,1996,63196.0,58250.0,128
WC1H,1997,88412.4,65000.0,133
WC1H,1998,92423.8,75000.0,165
WC1H,1999,108615.2,90000.0,156
WC1H,2000,144514.2,132000.0,88
WC1H,2001,150120.1,125000.0,127
WC1H,2002,189968.0,180000.0,121
WC1H,2003,192066.5,157000.0,118
WC1H,2004,207197.5,190000.0,122
WC1H,2005,200753.9,187250.0,102
WC1H,2006,240073.6,220000.0,125
WC1H,2007,303594.8,299950.0,108
WC1H,2008,296994.3,301000.0,53
WC1H,2009,259145.1,235000.0,94
WC1H,2010,308169.5,254000.0,82
WC1H,2011,292345.0,248000.0,101
WC1H,2012,324246.6,262125.0,83
WC1H,2013,315035.8,285000.0,180
WC1H,2014,608962.1,475000.0,133
WC1H,2015,465118.4,442500.0,101
WC1H,2016,437506.9,368000.0,80
WC1H,2017,468872.8,387500.0,57
WC1H,2018,465215.5,345250.0,58
WC1H,2019,421228.6,340000.0,52
WC1H,2020,462172.4,414000.0,50
WC1H,2021,399913.4,394730.0,68
WC1H,2022,465410.8,450000.0,71
WC1H,2023,456034.0,405000.0,67
WC1H,2024,451822.6,369000.0,82
WC1H,2025,478435.5,350000.0,55
WC1H,2026,256500.0,256500.0,2
WC1N,1995,115476.1,110000.0,48
WC1N,1996,126124.9,119000.0,52
WC1N,1997,177880.7,154000.0,70
WC1N,1998,167527.2,145500.0,84
WC1N,1999,160420.3,151000.0,59
WC1N,2000,202874.5,190000.0,53
WC1N,2001,245528.2,240000.0,53
WC1N,2002,285569.8,249950.0,63
WC1N,2003,239108.9,224500.0,44
WC1N,2004,279367.8,280000.0,63
WC1N,2005,309847.7,299500.0,66
WC1N,2006,322854.1,310000.0,61
WC1N,2007,373551.5,365000.0,71
WC1N,2008,465511.0,410000.0,41
WC1N,2009,399691.6,367500.0,48
WC1N,2010,538627.4,425500.0,46
WC1N,2011,568650.1,480000.0,45
WC1N,2012,553628.2,440000.0,39
WC1N,2013,672358.6,597475.0,58
WC1N,2014,731632.6,603750.0,44
WC1N,2015,760661.2,640000.0,55
WC1N,2016,761496.6,713000.0,38
WC1N,2017,698230.8,659995.0,35
WC1N,2018,839172.9,667500.0,24
WC1N,2019,727243.3,620000.0,33
WC1N,2020,932486.7,860000.0,41
WC1N,2021,635133.0,560000.0,33
WC1N,2022,848828.6,730000.0,35
WC1N,2023,692742.6,675000.0,27
WC1N,2024,904982.5,730000.0,40
WC1N,2025,793050.0,662500.0,20
WC1N,2026,860000.0,860000.0,1
WC1R,1995,109400.0,118000.0,5
WC1R,1996,110184.4,94000.0,16
WC1R,1997,100909.1,90000.0,11
WC1R,1998,165140.6,125000.0,23
WC1R,1999,216250.0,162500.0,8
WC1R,2000,269027.8,218250.0,18
WC1R,2001,397205.7,395000.0,35
WC1R,2002,313724.0,250000.0,13
WC1R,2003,297000.0,249000.0,5
WC1R,2004,353423.1,242000.0,13
WC1R,2005,328190.0,282500.0,10
WC1R,2006,367556.2,337475.0,16
WC1R,2007,459040.0,472975.0,10
WC1R,2008,545200.0,635000.0,5
WC1R,2009,527333.3,360000.0,6
WC1R,2010,444933.3,395000.0,9
WC1R,2011,357777.8,345000.0,9
WC1R,2012,466075.0,466075.0,2
WC1R,2013,793753.4,725000.0,23
WC1R,2014,1029111.1,860000.0,9
WC1R,2015,877766.7,760000.0,15
WC1R,2016,975000.0,975000.0,2
WC1R,2017,920625.0,757500.0,8
WC1R,2018,1193650.0,1105000.0,15
WC1R,2019,844666.7,758000.0,12
WC1R,2020,780000.0,705000.0,8
WC1R,2021,818000.0,795000.0,5
WC1R,2022,739777.8,563000.0,9
WC1R,2023,525000.0,525000.0,2
WC1R,2024,1278142.9,1040000.0,7
WC1R,2025,815812.5,707500.0,4
WC1V,1996,187500.0,187500.0,1
WC1V,1997,266000.0,266000.0,1
WC1V,2001,358476.1,357500.0,46
WC1V,2002,486521.7,470000.0,23
WC1V,2003,499333.3,450000.0,3
WC1V,2004,390000.0,350000.0,5
WC1V,2005,490625.0,483750.0,4
WC1V,2006,391500.0,327500.0,10
WC1V,2007,513333.3,410000.0,3
WC1V,2008,550000.0,480000.0,3
WC1V,2009,462875.0,440000.0,4
WC1V,2010,558916.7,534250.0,6
WC1V,2011,707990.0,615000.0,5
WC1V,2012,850000.0,850000.0,1
WC1V,2013,1190000.0,1101000.0,3
WC1V,2014,590000.0,590000.0,1
WC1V,2015,1198331.7,1425000.0,3
WC1V,2016,1200000.0,1200000.0,1
WC1V,2018,1556666.7,1000000.0,3
WC1V,2020,1247500.0,915000.0,4
WC1V,2021,775000.0,557500.0,6
WC1V,2022,650000.0,650000.0,1
WC1V,2024,744166.7,640000.0,3
WC1V,2025,500000.0,500000.0,1
WC1X,1995,99732.2,95500.0,22
WC1X,1996,95778.0,75000.0,37
WC1X,1997,104535.5,97750.0,42
WC1X,1998,139561.2,127000.0,56
WC1X,1999,159528.0,146666.0,66
WC1X,2000,205782.3,190000.0,80
WC1X,2001,221465.9,220000.0,62
WC1X,2002,248053.8,215000.0,55
WC1X,2003,281065.9,286500.0,88
WC1X,2004,286495.0,248250.0,76
WC1X,2005,263429.5,238750.0,66
WC1X,2006,309794.8,305000.0,85
WC1X,2007,370426.9,340000.0,76
WC1X,2008,384554.3,356250.0,46
WC1X,2009,416145.2,379090.0,45
WC1X,2010,424800.9,372500.0,54
WC1X,2011,396951.4,365000.0,71
WC1X,2012,522675.4,460000.0,59
WC1X,2013,513509.3,495000.0,60
WC1X,2014,579252.1,550000.0,62
WC1X,2015,810933.4,728622.5,74
WC1X,2016,694255.0,599950.0,41
WC1X,2017,884430.0,900000.0,73
WC1X,2018,770366.5,667200.0,39
WC1X,2019,643099.0,560000.0,28
WC1X,2020,1000169.8,1068750.0,75
WC1X,2021,1072320.4,1096550.0,137
WC1X,2022,935620.1,921550.0,108
WC1X,2023,1086656.0,1020600.0,173
WC1X,2024,983338.5,994250.0,85
WC1X,2025,686705.4,590250.0,28
WC2A,1998,107333.3,130000.0,3
WC2A,2000,182400.0,185000.0,5
WC2A,2002,255000.0,255000.0,2
WC2A,2004,230000.0,230000.0,1
WC2A,2005,580000.0,580000.0,1
WC2A,2011,385000.0,385000.0,1
WC2A,2012,1202295.7,819500.0,3
WC2A,2017,1029545.5,878750.0,11
WC2A,2018,1961875.0,1950000.0,8
WC2A,2019,1729206.8,1494600.0,122
WC2A,2020,2095504.7,1558665.0,106
WC2A,2021,3827857.2,2845924.0,19
WC2A,2022,3048376.5,2552000.0,17
WC2A,2023,1986280.0,1790000.0,5
WC2A,2024,868333.3,950000.0,3
WC2A,2025,2206666.3,2499999.0,3
WC2B,1995,118872.6,125000.0,13
WC2B,1996,114343.8,104750.0,16
WC2B,1997,143784.4,114750.0,12
WC2B,1998,741307.7,150500.0,26
WC2B,1999,260334.2,272497.5,58
WC2B,2000,396392.3,390000.0,61
WC2B,2001,501393.6,362500.0,47
WC2B,2002,468333.3,402500.0,36
WC2B,2003,428636.1,385000.0,33
WC2B,2004,322833.3,268000.0,24
WC2B,2005,536187.5,540000.0,31
WC2B,2006,489662.1,475000.0,33
WC2B,2007,669987.0,625000.0,23
WC2B,2008,786323.5,560000.0,17
WC2B,2009,534618.8,360000.0,16
WC2B,2010,814986.8,690000.0,19
WC2B,2011,718753.7,700878.5,18
WC2B,2012,942547.6,825000.0,21
WC2B,2013,1080550.0,952500.0,20
WC2B,2014,1102118.1,702500.0,18
WC2B,2015,1109417.7,820000.0,23
WC2B,2016,1004071.3,852750.0,32
WC2B,2017,1227340.0,1300000.0,15
WC2B,2018,1122957.7,850000.0,13
WC2B,2019,1161371.4,1110000.0,21
WC2B,2020,1589715.0,1337500.0,44
WC2B,2021,1481799.5,1425600.0,33
WC2B,2022,1387171.9,1180250.0,32
WC2B,2023,1281232.5,1000000.0,17
WC2B,2024,1385014.0,900000.0,25
WC2B,2025,1309615.4,900000.0,13
WC2E,1995,301587.5,252200.0,16
WC2E,1996,263129.2,167500.0,12
WC2E,1997,270175.0,285000.0,14
WC2E,1998,254000.0,261250.0,26
WC2E,1999,400788.9,285000.0,9
WC2E,2000,354454.5,265000.0,11
WC2E,2001,503041.4,472000.0,29
WC2E,2002,592569.0,565000.0,29
WC2E,2003,629930.4,605000.0,36
WC2E,2004,493700.4,490000.0,23
WC2E,2005,841442.3,490000.0,13
WC2E,2006,509108.0,399000.0,23
WC2E,2007,517111.1,400000.0,9
WC2E,2008,713666.7,665000.0,6
WC2E,2009,501000.0,455000.0,12
WC2E,2010,684090.9,595000.0,11
WC2E,2011,814173.1,650000.0,13
WC2E,2012,1640833.1,1009997.5,18
WC2E,2013,2108441.9,1550000.0,28
WC2E,2014,2134660.0,1795000.0,30
WC2E,2015,2382248.8,1587500.0,16
WC2E,2016,2450232.4,1350000.0,17
WC2E,2017,1433740.4,999875.0,26
WC2E,2018,1977037.0,1550000.0,20
WC2E,2019,2421508.6,2260000.0,29
WC2E,2020,3719000.0,1700000.0,9
WC2E,2021,1131617.3,575000.0,13
WC2E,2022,2260923.1,1175000.0,13
WC2E,2023,1477857.1,1050000.0,7
WC2E,2024,1674492.2,1359000.0,12
WC2E,2025,1519807.7,1000000.0,13
WC2H,1995,131994.1,106000.0,21
WC2H,1996,157142.9,135000.0,35
WC2H,1997,193715.7,160600.0,51
WC2H,1998,157855.6,143500.0,36
WC2H,1999,213723.8,202500.0,42
WC2H,2000,251922.4,220000.0,29
WC2H,2001,325998.3,273500.0,30
WC2H,2002,271966.0,275000.0,42
WC2H,2003,327919.0,284000.0,29
WC2H,2004,347348.7,310000.0,37
WC2H,2005,440392.5,399000.0,43
WC2H,2006,438194.4,429950.0,45
WC2H,2007,495720.0,450000.0,45
WC2H,2008,631467.7,560000.0,31
WC2H,2009,576169.4,473500.0,18
WC2H,2010,578707.9,475000.0,34
WC2H,2011,671761.8,613800.0,73
WC2H,2012,1224560.0,762500.0,25
WC2H,2013,909783.1,625000.0,31
WC2H,2014,1751935.5,987000.0,31
WC2H,2015,1034573.1,755000.0,27
WC2H,2016,1263451.1,1205000.0,39
WC2H,2017,1239662.3,918076.0,32
WC2H,2018,950972.5,767500.0,20
WC2H,2019,1329541.7,931250.0,12
WC2H,2020,1162941.2,838000.0,17
WC2H,2021,1009958.3,900000.0,24
WC2H,2022,1104607.1,932500.0,14
WC2H,2023,1020487.5,787500.0,20
WC2H,2024,1003330.6,825000.0,31
WC2H,2025,748291.7,743875.0,6
WC2N,1995,220656.2,260000.0,8
WC2N,1996,205384.6,175000.0,13
WC2N,1997,243951.8,249000.0,73
WC2N,1998,303841.5,290000.0,41
WC2N,1999,340336.5,345000.0,52
WC2N,2000,390823.1,380000.0,25
WC2N,2001,354006.7,335000.0,15
WC2N,2002,547663.3,380000.0,15
WC2N,2003,441666.7,467500.0,12
WC2N,2004,666435.4,507475.0,24
WC2N,2005,575966.7,525000.0,15
WC2N,2006,488666.7,460000.0,15
WC2N,2007,611518.3,595000.0,23
WC2N,2008,784649.1,603000.0,8
WC2N,2009,674924.9,624999.5,10
WC2N,2010,928144.1,670000.0,17
WC2N,2011,771082.6,565000.0,23
WC2N,2012,829466.6,642500.0,18
WC2N,2013,1620415.1,850000.0,23
WC2N,2014,1418555.2,995000.0,19
WC2N,2015,1584195.1,1575000.0,41
WC2N,2016,1230833.3,1067500.0,12
WC2N,2017,1052690.9,1000000.0,11
WC2N,2018,1361916.7,1071250.0,12
WC2N,2019,1425653.8,1525000.0,13
WC2N,2020,1945714.3,1745000.0,7
WC2N,2021,869927.6,800000.0,12
WC2N,2022,1625000.0,1387500.0,6
WC2N,2023,1658798.5,987944.0,8
WC2N,2024,1374850.0,1325000.0,10
WC2N,2025,851666.7,955000.0,3
WC2R,1995,196333.3,170000.0,3
WC2R,1996,205000.0,205000.0,1
WC2R,1997,565000.0,565000.0,2
WC2R,1998,613666.7,698750.0,6
WC2R,1999,388000.0,336500.0,3
WC2R,2000,600000.0,675000.0,3
WC2R,2001,365000.0,305000.0,3
WC2R,2002,684333.3,395000.0,3
WC2R,2003,152500.0,152500.0,1
WC2R,2004,528412.7,472500.0,22
WC2R,2005,575000.0,575000.0,1
WC2R,2006,525000.0,405000.0,3
WC2R,2007,494200.0,485000.0,5
WC2R,2008,1296250.0,1425000.0,4
WC2R,2009,535666.3,595000.0,3
WC2R,2010,536000.0,475000.0,3
WC2R,2012,967300.0,887000.0,11
WC2R,2013,1179957.5,818074.0,66
WC2R,2014,1810790.6,1581750.0,17
WC2R,2015,1876175.7,1380000.0,14
WC2R,2016,1410354.2,1312500.0,24
WC2R,2017,2455542.5,2050000.0,161
WC2R,2018,2374206.4,1982000.0,84
WC2R,2019,1725000.0,1775000.0,4
WC2R,2020,2010458.3,1712500.0,12
WC2R,2021,1062500.0,1015000.0,8
WC2R,2022,1956666.7,1725000.0,6
WC2R,2023,2039142.9,2000000.0,14
WC2R,2024,1645888.9,1900000.0,9
WC2R,2025,1273430.6,1055000.0,9
WD17,1995,55054.2,54500.0,85
WD17,1996,55317.4,54300.0,128
WD17,1997,59593.9,58000.0,187
WD17,1998,67245.9,64950.0,159
WD17,1999,86469.6,74950.0,158
WD17,2000,96297.6,90000.0,123
WD17,2001,110796.7,102250.0,164
WD17,2002,124880.7,119950.0,156
WD17,2003,152936.7,140750.0,128
WD17,2004,157709.0,151500.0,122
WD17,2005,166837.2,168125.0,116
WD17,2006,186421.6,182250.0,186
WD17,2007,209015.3,200000.0,211
WD17,2008,216317.3,217000.0,163
WD17,2009,176723.6,170000.0,182
WD17,2010,196988.2,198750.0,160
WD17,2011,192251.6,195000.0,175
WD17,2012,205637.5,195000.0,186
WD17,2013,214626.8,205000.0,196
WD17,2014,213699.9,215000.0,192
WD17,2015,236328.1,235000.0,169
WD17,2016,258174.6,260000.0,215
WD17,2017,301614.8,300000.0,163
WD17,2018,309912.3,308500.0,126
WD17,2019,305074.3,300000.0,151
WD17,2020,253159.7,255000.0,113
WD17,2021,312939.1,304623.0,236
WD17,2022,339516.9,318500.0,180
WD17,2023,313338.8,316000.0,134
WD17,2024,278737.8,285000.0,137
WD17,2025,266048.3,266500.0,112
WD17,2026,287333.3,277000.0,3
WD18,1995,47588.8,45495.0,197
WD18,1996,47333.6,45495.0,300
WD18,1997,50158.5,49950.0,227
WD18,1998,58044.2,54975.0,248
WD18,1999,78295.1,68500.0,317
WD18,2000,82014.2,77000.0,228
WD18,2001,90022.3,85500.0,221
WD18,2002,124433.2,117000.0,306
WD18,2003,144864.9,134975.0,276
WD18,2004,169411.0,153500.0,342
WD18,2005,195379.8,192750.0,314
WD18,2006,184021.7,165250.0,390
WD18,2007,186266.4,185000.0,339
WD18,2008,178292.6,175250.0,140
WD18,2009,150969.0,145000.0,107
WD18,2010,182565.7,184000.0,201
WD18,2011,165693.5,162000.0,126
WD18,2012,172421.9,165000.0,100
WD18,2013,178895.8,177000.0,172
WD18,2014,206087.1,210000.0,254
WD18,2015,232790.6,230000.0,270
WD18,2016,266197.7,262500.0,215
WD18,2017,281049.1,273000.0,201
WD18,2018,261485.9,250000.0,132
WD18,2019,293689.0,290000.0,168
WD18,2020,271507.5,272000.0,94
WD18,2021,268803.4,270000.0,176
WD18,2022,323585.5,342750.0,398
WD18,2023,308511.9,310000.0,317
WD18,2024,326266.5,330000.0,173
WD18,2025,304907.3,307500.0,132
WD18,2026,370000.0,370000.0,1
WD19,1995,48404.1,47750.0,42
WD19,1996,43875.5,42750.0,60
WD19,1997,48990.3,48750.0,73
WD19,1998,61277.8,59000.0,70
WD19,1999,67515.9,64250.0,82
WD19,2000,85428.5,79950.0,67
WD19,2001,98198.8,90000.0,84
WD19,2002,103573.9,96750.0,98
WD19,2003,124438.6,124000.0,106
WD19,2004,131498.4,128000.0,92
WD19,2005,141762.7,137025.0,62
WD19,2006,154144.1,140000.0,86
WD19,2007,155482.2,150500.0,106
WD19,2008,156370.7,144000.0,42
WD19,2009,134954.2,134500.0,24
WD19,2010,155247.6,150727.5,40
WD19,2011,153645.6,140000.0,45
WD19,2012,180330.4,162000.0,65
WD19,2013,181095.0,171000.0,91
WD19,2014,201740.4,180000.0,89
WD19,2015,215552.4,200000.0,63
WD19,2016,260090.0,240000.0,55
WD19,2017,277142.4,268000.0,85
WD19,2018,293135.2,283000.0,115
WD19,2019,281577.4,269000.0,42
WD19,2020,311606.0,340000.0,91
WD19,2021,298286.1,285000.0,144
WD19,2022,328864.4,350000.0,134
WD19,2023,324255.0,335000.0,109
WD19,2024,326486.4,355000.0,101
WD19,2025,289773.5,275500.0,65
WD23,1995,62445.5,54500.0,95
WD23,1996,86258.5,58250.0,120
WD23,1997,74795.7,62850.0,160
WD23,1998,82573.6,67500.0,162
WD23,1999,107444.2,79000.0,149
WD23,2000,109271.5,97000.0,174
WD23,2001,151916.2,116000.0,167
WD23,2002,145948.4,127000.0,177
WD23,2003,166163.5,155000.0,151
WD23,2004,188040.8,166000.0,119
WD23,2005,210088.2,183000.0,166
WD23,2006,207801.2,180000.0,178
WD23,2007,213668.3,193500.0,191
WD23,2008,303571.8,242750.0,142
WD23,2009,219445.7,184000.0,105
WD23,2010,275632.7,207000.0,114
WD23,2011,254102.2,209247.5,148
WD23,2012,255195.0,212000.0,107
WD23,2013,267905.1,230499.5,142
WD23,2014,362394.4,279950.0,236
WD23,2015,393550.0,316750.0,174
WD23,2016,456019.8,345000.0,197
WD23,2017,426733.6,355000.0,201
WD23,2018,377281.8,322000.0,165
WD23,2019,388972.0,316500.0,180
WD23,2020,370905.0,315000.0,170
WD23,2021,436770.8,355000.0,192
WD23,2022,441530.0,362500.0,194
WD23,2023,404615.6,325150.0,112
WD23,2024,424081.2,332000.0,159
WD23,2025,364903.6,329000.0,90
WD23,2026,419000.0,374000.0,4
WD24,1995,54342.4,54950.0,145
WD24,1996,58452.3,57250.0,215
WD24,1997,62156.2,58950.0,275
WD24,1998,63202.2,58500.0,188
WD24,1999,72519.2,67997.5,228
WD24,2000,90653.7,81000.0,199
WD24,2001,105256.7,93475.0,194
WD24,2002,117323.5,109950.0,192
WD24,2003,140596.0,134975.0,212
WD24,2004,153738.7,142250.0,212
WD24,2005,146261.1,138000.0,141
WD24,2006,156367.8,147250.0,168
WD24,2007,170506.4,163000.0,181
WD24,2008,165091.1,162500.0,84
WD24,2009,147729.2,140000.0,65
WD24,2010,164738.8,156750.0,68
WD24,2011,154153.5,153250.0,104
WD24,2012,159239.4,155000.0,85
WD24,2013,171471.5,171500.0,148
WD24,2014,190261.5,179000.0,143
WD24,2015,207185.4,209995.0,131
WD24,2016,249863.8,255000.0,141
WD24,2017,268864.0,260000.0,105
WD24,2018,257534.0,262750.0,106
WD24,2019,246333.3,237500.0,93
WD24,2020,267730.6,260000.0,67
WD24,2021,279342.8,276860.0,186
WD24,2022,290436.9,275000.0,143
WD24,2023,300385.8,289000.0,108
WD24,2024,276707.8,278000.0,104
WD24,2025,252124.6,250000.0,70
WD25,1995,45275.7,43500.0,101
WD25,1996,45042.1,44950.0,121
WD25,1997,49803.7,51000.0,170
WD25,1998,59315.6,58000.0,163
WD25,1999,66277.3,67725.0,174
WD25,2000,81585.8,79995.0,145
WD25,2001,87092.3,88000.0,182
WD25,2002,107416.0,105000.0,193
WD25,2003,124991.5,125000.0,158
WD25,2004,141762.4,135000.0,241
WD25,2005,140455.6,135000.0,135
WD25,2006,181693.9,148000.0,192
WD25,2007,247572.9,171500.0,177
WD25,2008,182877.5,164950.0,89
WD25,2009,238099.5,150000.0,102
WD25,2010,170694.3,172000.0,141
WD25,2011,168879.3,163250.0,116
WD25,2012,190366.5,170000.0,170
WD25,2013,193877.7,164975.0,110
WD25,2014,183933.8,178000.0,193
WD25,2015,221829.9,224995.0,175
WD25,2016,247831.0,239000.0,143
WD25,2017,261102.9,252000.0,129
WD25,2018,252867.7,260000.0,107
WD25,2019,260623.6,238500.0,104
WD25,2020,253715.1,250000.0,96
WD25,2021,247800.9,242000.0,108
WD25,2022,246044.0,246000.0,108
WD25,2023,233282.5,235000.0,57
WD25,2024,240826.4,240000.0,80
WD25,2025,248958.3,240000.0,66
WD25,2026,278500.0,282500.0,3
WD3,1995,61864.2,59000.0,113
WD3,1996,73102.8,65950.0,131
WD3,1997,91852.1,85812.5,224
WD3,1998,98019.0,88000.0,176
WD3,1999,112478.1,103645.0,264
WD3,2000,138778.9,121000.0,185
WD3,2001,162962.9,165000.0,285
WD3,2002,160221.6,154000.0,224
WD3,2003,180740.2,168000.0,160
WD3,2004,196829.1,186000.0,196
WD3,2005,198613.0,185000.0,137
WD3,2006,212836.9,200000.0,215
WD3,2007,242795.3,225000.0,244
WD3,2008,226608.6,215000.0,97
WD3,2009,227172.3,210000.0,110
WD3,2010,242420.7,225000.0,99
WD3,2011,240815.4,225000.0,153
WD3,2012,249335.5,226328.0,134
WD3,2013,245390.3,249950.0,139
WD3,2014,276946.3,260000.0,197
WD3,2015,318176.1,295000.0,177
WD3,2016,310725.5,295500.0,214
WD3,2017,380710.8,341500.0,146
WD3,2018,344497.4,330000.0,107
WD3,2019,381621.1,318675.0,207
WD3,2020,359679.3,330000.0,99
WD3,2021,348357.2,340000.0,180
WD3,2022,362956.1,342500.0,122
WD3,2023,328828.8,310500.0,104
WD3,2024,345061.0,330000.0,114
WD3,2025,328599.0,333750.0,98
WD3,2026,295000.0,295000.0,1
WD4,1995,54994.6,50000.0,28
WD4,1996,57630.3,53250.0,38
WD4,1997,55949.5,55250.0,38
WD4,1998,66607.6,67500.0,33
WD4,1999,70729.5,65995.0,37
WD4,2000,86981.4,85000.0,35
WD4,2001,91430.9,92750.0,34
WD4,2002,111067.8,112000.0,45
WD4,2003,132533.4,127500.0,31
WD4,2004,138847.7,138000.0,22
WD4,2005,158469.1,149750.0,34
WD4,2006,214379.7,221000.0,134
WD4,2007,235008.7,225000.0,152
WD4,2008,208838.8,210000.0,72
WD4,2009,186300.7,175000.0,47
WD4,2010,162008.3,169500.0,30
WD4,2011,176820.3,171250.0,32
WD4,2012,169792.3,170000.0,26
WD4,2013,180069.3,187000.0,36
WD4,2014,198168.1,187500.0,47
WD4,2015,250599.6,245000.0,67
WD4,2016,273957.0,273000.0,64
WD4,2017,299800.0,295000.0,45
WD4,2018,278750.0,267500.0,40
WD4,2019,248996.2,235500.0,93
WD4,2020,237977.3,212500.0,44
WD4,2021,262892.1,250000.0,51
WD4,2022,275476.1,271000.0,56
WD4,2023,293283.0,270500.0,44
WD4,2024,316388.3,332500.0,79
WD4,2025,283030.3,270375.0,34
WD4,2026,310000.0,310000.0,2
WD5,1995,50317.5,49475.0,28
WD5,1996,52980.6,48000.0,54
WD5,1997,57250.3,52950.0,57
WD5,1998,72449.7,65000.0,55
WD5,1999,72017.8,68500.0,67
WD5,2000,80866.3,84000.0,54
WD5,2001,90334.5,88000.0,55
WD5,2002,114826.6,112000.0,62
WD5,2003,140022.3,140500.0,110
WD5,2004,166282.4,154750.0,54
WD5,2005,184252.5,156250.0,40
WD5,2006,182384.6,162000.0,65
WD5,2007,183689.8,171500.0,54
WD5,2008,208613.8,197250.0,44
WD5,2009,155845.7,146000.0,23
WD5,2010,177426.4,160000.0,36
WD5,2011,158565.0,160500.0,30
WD5,2012,165527.3,160000.0,33
WD5,2013,167168.4,162250.0,38
WD5,2014,171662.3,175497.5,46
WD5,2015,217000.9,207500.0,50
WD5,2016,243644.7,237500.0,39
WD5,2017,258960.8,255500.0,26
WD5,2018,281857.1,263000.0,21
WD5,2019,245639.8,255000.0,32
WD5,2020,229739.1,225000.0,23
WD5,2021,268346.5,270000.0,39
WD5,2022,235416.7,240000.0,27
WD5,2023,240309.5,243000.0,21
WD5,2024,242966.7,250000.0,30
WD5,2025,267129.6,260000.0,27
WD6,1995,50892.0,46750.0,108
WD6,1996,50136.6,50000.0,109
WD6,1997,55556.6,55000.0,129
WD6,1998,70480.5,61950.0,141
WD6,1999,71097.9,69950.0,198
WD6,2000,94545.3,92995.0,244
WD6,2001,101993.1,99000.0,198
WD6,2002,120320.5,119975.0,154
WD6,2003,145664.8,140500.0,190
WD6,2004,165416.4,159000.0,187
WD6,2005,158918.9,160000.0,147
WD6,2006,162981.9,163750.0,202
WD6,2007,188615.9,180000.0,263
WD6,2008,184222.8,185000.0,163
WD6,2009,167522.9,168000.0,146
WD6,2010,178502.2,177000.0,104
WD6,2011,183981.6,184950.0,133
WD6,2012,191038.0,199725.0,144
WD6,2013,223011.1,226000.0,160
WD6,2014,216228.8,217000.0,165
WD6,2015,251652.6,252500.0,262
WD6,2016,282579.8,283750.0,174
WD6,2017,319505.7,310000.0,323
WD6,2018,317927.7,315000.0,298
WD6,2019,324653.3,330000.0,338
WD6,2020,324505.1,320000.0,170
WD6,2021,327991.7,300000.0,216
WD6,2022,347260.2,300000.0,129
WD6,2023,443749.0,340000.0,131
WD6,2024,314157.7,310000.0,113
WD6,2025,305222.5,300000.0,111
WD6,2026,355750.0,356000.0,4
WD7,1995,69358.5,60000.0,21
WD7,1996,74302.9,60000.0,33
WD7,1997,71114.9,63000.0,57
WD7,1998,86590.8,78000.0,49
WD7,1999,100219.9,82500.0,50
WD7,2000,155148.4,116000.0,51
WD7,2001,173311.0,121500.0,50
WD7,2002,194702.0,152500.0,68
WD7,2003,223325.7,172500.0,35
WD7,2004,210461.6,180000.0,43
WD7,2005,348361.0,220000.0,67
WD7,2006,253170.9,225000.0,49
WD7,2007,232460.9,209975.0,64
WD7,2008,271021.4,250000.0,21
WD7,2009,260234.2,212500.0,19
WD7,2010,260438.0,260000.0,21
WD7,2011,313872.4,279950.0,29
WD7,2012,273564.5,235000.0,31
WD7,2013,380848.0,312475.0,50
WD7,2014,315731.5,250000.0,41
WD7,2015,323448.5,295000.0,34
WD7,2016,361967.2,334000.0,32
WD7,2017,388716.2,352000.0,37
WD7,2018,414094.7,417500.0,38
WD7,2019,373230.7,315000.0,29
WD7,2020,728237.5,429000.0,44
WD7,2021,705338.4,610000.0,53
WD7,2022,654877.3,592000.0,55
WD7,2023,450750.1,383750.0,24
WD7,2024,618959.4,490000.0,49
WD7,2025,590575.0,603750.0,20
